Starting Orpheus TTS bridge on http://127.0.0.1:5006 ...
Python: F:\network_management\Wi-Fi Sensing & CSI Data Extraction\Model_training\.venv-gtx1080\Scripts\python.exe
CUDA_VISIBLE_DEVICES: 0
LM Studio completions: http://127.0.0.1:1234/v1/completions
LM Studio TTS model: orpeus_text_to_speech
Synthesis concurrency: 2
Starting Orpheus-FASTAPI Server
INFO:     127.0.0.1:59172 - "GET /health HTTP/1.1" 200 OK
INFO:     127.0.0.1:59172 - "GET /runtime HTTP/1.1" 200 OK
INFO:     127.0.0.1:52501 - "GET /runtime HTTP/1.1" 200 OK
INFO:     127.0.0.1:51145 - "GET /runtime HTTP/1.1" 200 OK
Starting speech generation for 'I'm sorry, but your request seems unclear or incom...'
Using voice: tara, GPU acceleration: Yes
Generating speech for: <|audio|>tara: I'm sorry, but your request seems unclear or incomplete. Could you please provide more details so I can assist you better?<|eot_id|>
Processing buffer with 28 tokens, total collected: 28
PyTorch 2.0+ detected, torch.compile is available
CUDA graphs support is available
Using device: cuda
Using standard PyTorch optimizations (torch.compile disabled)
Using CUDA stream for parallel processing
Progress: 10.6 tokens/sec, est. 0.1s audio generated, 32 tokens, 1 chunks in 3.0s
Audio generation rate: 0.15 chunks/second
Token processing rate: 4.3 tokens/second
Processing buffer with 28 tokens, total collected: 56
Processing buffer with 28 tokens, total collected: 84
Processing buffer with 28 tokens, total collected: 112
Processing buffer with 28 tokens, total collected: 140
Processing buffer with 28 tokens, total collected: 168
Progress: 41.5 tokens/sec, est. 2.0s audio generated, 208 tokens, 24 chunks in 5.0s
Processing buffer with 28 tokens, total collected: 196
Processing buffer with 28 tokens, total collected: 224
Audio generation rate: 2.96 chunks/second
Processing buffer with 28 tokens, total collected: 252
Progress: 39.1 tokens/sec, est. 3.0s audio generated, 274 tokens, 35 chunks in 7.0s
Processing buffer with 28 tokens, total collected: 280
Token processing rate: 25.8 tokens/second
Processing buffer with 28 tokens, total collected: 308
Progress: 39.0 tokens/sec, est. 3.7s audio generated, 352 tokens, 44 chunks in 9.0s
Processing buffer with 28 tokens, total collected: 336
Audio generation rate: 3.61 chunks/second
Processing buffer with 28 tokens, total collected: 364
Processing buffer with 28 tokens, total collected: 392
Processing buffer with 28 tokens, total collected: 420
Progress: 39.2 tokens/sec, est. 4.8s audio generated, 432 tokens, 57 chunks in 11.0s
Processing buffer with 28 tokens, total collected: 448
Audio generation rate: 3.87 chunks/second
Processing buffer with 28 tokens, total collected: 476
Progress: 38.8 tokens/sec, est. 5.7s audio generated, 506 tokens, 67 chunks in 13.0s
Token processing rate: 29.3 tokens/second
Processing buffer with 28 tokens, total collected: 504
Processing buffer with 28 tokens, total collected: 532
Processing buffer with 28 tokens, total collected: 560
Progress: 38.3 tokens/sec, est. 6.6s audio generated, 577 tokens, 78 chunks in 15.1s
Processing buffer with 28 tokens, total collected: 588
Audio generation rate: 4.22 chunks/second
Processing buffer with 28 tokens, total collected: 616
Processing buffer with 28 tokens, total collected: 644
Progress: 39.3 tokens/sec, est. 7.7s audio generated, 671 tokens, 90 chunks in 17.1s
Processing buffer with 28 tokens, total collected: 672
Processing buffer with 28 tokens, total collected: 700
Token generation complete: 738 tokens in 22.07s (33.4 tokens/sec)
Generated 99 audio segments
Generated 8.45 seconds of audio in 22.07 seconds
Realtime factor: 0.38x
Warning: Generation is slower than realtime
Total speech generation completed in 22.07 seconds
INFO:     127.0.0.1:57202 - "POST /v1/audio/speech HTTP/1.1" 200 OK
Starting speech generation for 'hmm, I didn't understand that. Could you repeat or...'
Using voice: tara, GPU acceleration: Yes
Generating speech for: <|audio|>tara: hmm, I didn't understand that. Could you repeat or clarify your request?<|eot_id|>
Processing buffer with 28 tokens, total collected: 28
Audio generation rate: 1.23 chunks/second
Processing buffer with 28 tokens, total collected: 56
Progress: 47.7 tokens/sec, est. 0.7s audio generated, 96 tokens, 8 chunks in 2.0s
Processing buffer with 28 tokens, total collected: 84
Processing buffer with 28 tokens, total collected: 112
Token processing rate: 24.7 tokens/second
Processing buffer with 28 tokens, total collected: 140
Progress: 43.0 tokens/sec, est. 1.6s audio generated, 173 tokens, 19 chunks in 4.0s
Processing buffer with 28 tokens, total collected: 168
Audio generation rate: 3.48 chunks/second
Processing buffer with 28 tokens, total collected: 196
Processing buffer with 28 tokens, total collected: 224
Progress: 42.3 tokens/sec, est. 2.6s audio generated, 256 tokens, 31 chunks in 6.1s
Processing buffer with 28 tokens, total collected: 252
Processing buffer with 28 tokens, total collected: 280
Token generation complete: 304 tokens in 9.02s (33.7 tokens/sec)
Generated 40 audio segments
Generated 3.41 seconds of audio in 9.03 seconds
Realtime factor: 0.38x
Warning: Generation is slower than realtime
Total speech generation completed in 9.03 seconds
INFO:     127.0.0.1:62664 - "POST /v1/audio/speech HTTP/1.1" 200 OK
Starting speech generation for 'Hmm, that doesn't sound quite right. Could you ple...'
Using voice: tara, GPU acceleration: Yes
Generating speech for: <|audio|>tara: Hmm, that doesn't sound quite right. Could you please clarify what you'd like me to do? I'm ready when you are!<|eot_id|>
Processing buffer with 28 tokens, total collected: 28
Audio generation rate: 0.23 chunks/second
Token processing rate: 9.0 tokens/second
Processing buffer with 28 tokens, total collected: 56
Progress: 46.8 tokens/sec, est. 0.7s audio generated, 95 tokens, 8 chunks in 2.0s
Processing buffer with 28 tokens, total collected: 84
Processing buffer with 28 tokens, total collected: 112
Processing buffer with 28 tokens, total collected: 140
Audio generation rate: 2.40 chunks/second
Processing buffer with 28 tokens, total collected: 168
Progress: 45.3 tokens/sec, est. 1.8s audio generated, 183 tokens, 21 chunks in 4.0s
Processing buffer with 28 tokens, total collected: 196
Processing buffer with 28 tokens, total collected: 224
Processing buffer with 28 tokens, total collected: 252
Progress: 44.3 tokens/sec, est. 2.8s audio generated, 268 tokens, 33 chunks in 6.1s
Token processing rate: 26.4 tokens/second
Processing buffer with 28 tokens, total collected: 280
Audio generation rate: 3.54 chunks/second
Processing buffer with 28 tokens, total collected: 308
Progress: 43.5 tokens/sec, est. 3.7s audio generated, 352 tokens, 44 chunks in 8.1s
Processing buffer with 28 tokens, total collected: 336
Processing buffer with 28 tokens, total collected: 364
Processing buffer with 28 tokens, total collected: 392
Progress: 42.8 tokens/sec, est. 4.8s audio generated, 432 tokens, 56 chunks in 10.1s
Processing buffer with 28 tokens, total collected: 420
Audio generation rate: 4.09 chunks/second
Processing buffer with 28 tokens, total collected: 448
Processing buffer with 28 tokens, total collected: 476
Token processing rate: 31.2 tokens/second
Processing buffer with 28 tokens, total collected: 504
Progress: 42.2 tokens/sec, est. 5.9s audio generated, 512 tokens, 69 chunks in 12.1s
Processing buffer with 28 tokens, total collected: 532
Audio generation rate: 4.37 chunks/second
Processing buffer with 28 tokens, total collected: 560
Processing buffer with 28 tokens, total collected: 588
Progress: 42.2 tokens/sec, est. 6.9s audio generated, 596 tokens, 81 chunks in 14.1s
Token generation complete: 601 tokens in 18.11s (33.2 tokens/sec)
Generated 82 audio segments
Generated 7.00 seconds of audio in 18.13 seconds
Realtime factor: 0.39x
Warning: Generation is slower than realtime
Total speech generation completed in 18.13 seconds
INFO:     127.0.0.1:55924 - "POST /v1/audio/speech HTTP/1.1" 200 OK
Starting speech generation for 'Huh? I'm listening. What can I do for you?'
Using voice: tara, GPU acceleration: Yes
Generating speech for: <|audio|>tara: Huh? I'm listening. What can I do for you?<|eot_id|>
Processing buffer with 28 tokens, total collected: 28
Audio generation rate: 0.24 chunks/second
Processing buffer with 28 tokens, total collected: 56
Token processing rate: 12.0 tokens/second
Processing buffer with 28 tokens, total collected: 84
Progress: 54.3 tokens/sec, est. 0.9s audio generated, 109 tokens, 10 chunks in 2.0s
Processing buffer with 28 tokens, total collected: 112
Processing buffer with 28 tokens, total collected: 140
Audio generation rate: 2.71 chunks/second
Processing buffer with 28 tokens, total collected: 168
Progress: 48.6 tokens/sec, est. 2.0s audio generated, 195 tokens, 24 chunks in 4.0s
Processing buffer with 28 tokens, total collected: 196
Processing buffer with 28 tokens, total collected: 224
Processing buffer with 28 tokens, total collected: 252
Progress: 45.2 tokens/sec, est. 3.0s audio generated, 272 tokens, 35 chunks in 6.0s
Processing buffer with 28 tokens, total collected: 280
Token processing rate: 27.8 tokens/second
Processing buffer with 28 tokens, total collected: 308
Audio generation rate: 3.80 chunks/second
Processing buffer with 28 tokens, total collected: 336
Progress: 45.7 tokens/sec, est. 3.9s audio generated, 368 tokens, 46 chunks in 8.1s
Processing buffer with 28 tokens, total collected: 364
Token generation complete: 400 tokens in 12.49s (32.0 tokens/sec)
Generated 51 audio segments
Generated 4.35 seconds of audio in 12.49 seconds
Realtime factor: 0.35x
Warning: Generation is slower than realtime
Total speech generation completed in 12.49 seconds
INFO:     127.0.0.1:49451 - "POST /v1/audio/speech HTTP/1.1" 200 OK
Starting speech generation for 'I'm not sure I understand. Could you clarify your ...'
Using voice: tara, GPU acceleration: Yes
Generating speech for: <|audio|>tara: I'm not sure I understand. Could you clarify your request?<|eot_id|>
Error: API request failed with status code 400
Error details: {"error":"Failed to load model \"orpeus_text_to_speech\". Error: Operation canceled."}
Total speech generation completed in 2.64 seconds
INFO:     127.0.0.1:61520 - "POST /v1/audio/speech HTTP/1.1" 200 OK
Starting speech generation for 'I didn't catch that. How can I assist you today?'
Using voice: tara, GPU acceleration: Yes
Generating speech for: <|audio|>tara: I didn't catch that. How can I assist you today?<|eot_id|>
Error: API request failed with status code 400
Error details: {"error":"Failed to load model \"orpeus_text_to_speech\". Error: Operation canceled."}
Total speech generation completed in 3.10 seconds
INFO:     127.0.0.1:64687 - "POST /v1/audio/speech HTTP/1.1" 200 OK
Starting speech generation for 'It seems like your query "huh" might be a typo or ...'
Using voice: tara, GPU acceleration: Yes
Generating speech for: <|audio|>tara: It seems like your query "huh" might be a typo or incomplete. Could you clarify what you meant? If not, no specific tool is needed for this request.<|eot_id|>
Processing buffer with 28 tokens, total collected: 28
Audio generation rate: 1.16 chunks/second
Processing buffer with 28 tokens, total collected: 56
Progress: 45.9 tokens/sec, est. 0.7s audio generated, 92 tokens, 8 chunks in 2.0s
Processing buffer with 28 tokens, total collected: 84
Token processing rate: 21.5 tokens/second
Processing buffer with 28 tokens, total collected: 112
Processing buffer with 28 tokens, total collected: 140
Progress: 39.4 tokens/sec, est. 1.4s audio generated, 159 tokens, 17 chunks in 4.0s
Processing buffer with 28 tokens, total collected: 168
Audio generation rate: 3.19 chunks/second
Processing buffer with 28 tokens, total collected: 196
Processing buffer with 28 tokens, total collected: 224
Progress: 40.2 tokens/sec, est. 2.6s audio generated, 244 tokens, 30 chunks in 6.1s
Processing buffer with 28 tokens, total collected: 252
Processing buffer with 28 tokens, total collected: 280
Processing buffer with 28 tokens, total collected: 308
Progress: 39.7 tokens/sec, est. 3.5s audio generated, 320 tokens, 41 chunks in 8.1s
Audio generation rate: 4.05 chunks/second
Token processing rate: 30.5 tokens/second
Processing buffer with 28 tokens, total collected: 336
Processing buffer with 28 tokens, total collected: 364
Progress: 39.4 tokens/sec, est. 4.3s audio generated, 398 tokens, 51 chunks in 10.1s
Processing buffer with 28 tokens, total collected: 392
Processing buffer with 28 tokens, total collected: 420
Audio generation rate: 4.40 chunks/second
Processing buffer with 28 tokens, total collected: 448
Progress: 39.6 tokens/sec, est. 5.4s audio generated, 480 tokens, 63 chunks in 12.1s
Processing buffer with 28 tokens, total collected: 476
Processing buffer with 28 tokens, total collected: 504
Token processing rate: 32.8 tokens/second
Processing buffer with 28 tokens, total collected: 532
Progress: 39.5 tokens/sec, est. 6.3s audio generated, 558 tokens, 74 chunks in 14.1s
Processing buffer with 28 tokens, total collected: 560
Audio generation rate: 4.58 chunks/second
Processing buffer with 28 tokens, total collected: 588
Processing buffer with 28 tokens, total collected: 616
Progress: 39.1 tokens/sec, est. 7.2s audio generated, 631 tokens, 85 chunks in 16.1s
Processing buffer with 28 tokens, total collected: 644
Processing buffer with 28 tokens, total collected: 672
Audio generation rate: 4.73 chunks/second
Processing buffer with 28 tokens, total collected: 700
Progress: 39.1 tokens/sec, est. 8.2s audio generated, 710 tokens, 97 chunks in 18.1s
Token processing rate: 34.0 tokens/second
Processing buffer with 28 tokens, total collected: 728
Processing buffer with 28 tokens, total collected: 756
Progress: 38.5 tokens/sec, est. 9.0s audio generated, 775 tokens, 106 chunks in 20.2s
Processing buffer with 28 tokens, total collected: 784
Audio generation rate: 4.76 chunks/second
Processing buffer with 28 tokens, total collected: 812
Processing buffer with 28 tokens, total collected: 840
Progress: 38.6 tokens/sec, est. 9.9s audio generated, 855 tokens, 117 chunks in 22.2s
Processing buffer with 28 tokens, total collected: 868
Token processing rate: 34.7 tokens/second
Processing buffer with 28 tokens, total collected: 896
Processing buffer with 28 tokens, total collected: 924
Progress: 38.7 tokens/sec, est. 11.0s audio generated, 936 tokens, 129 chunks in 24.2s
Audio generation rate: 4.91 chunks/second
Processing buffer with 28 tokens, total collected: 952
Token generation complete: 997 tokens in 28.22s (35.3 tokens/sec)
Generated 136 audio segments
Generated 11.61 seconds of audio in 28.22 seconds
Realtime factor: 0.41x
Warning: Generation is slower than realtime
Total speech generation completed in 28.22 seconds
INFO:     127.0.0.1:60429 - "POST /v1/audio/speech HTTP/1.1" 200 OK
Starting speech generation for 'hmm, I'm still processing your request... could yo...'
Using voice: tara, GPU acceleration: Yes
Generating speech for: <|audio|>tara: hmm, I'm still processing your request... could you clarify what you mean?<|eot_id|>
Processing buffer with 28 tokens, total collected: 28
Audio generation rate: 0.61 chunks/second
Processing buffer with 28 tokens, total collected: 56
Processing buffer with 28 tokens, total collected: 84
Progress: 53.2 tokens/sec, est. 0.9s audio generated, 108 tokens, 10 chunks in 2.0s
Token processing rate: 21.4 tokens/second
Processing buffer with 28 tokens, total collected: 112
Processing buffer with 28 tokens, total collected: 140
Audio generation rate: 3.18 chunks/second
Processing buffer with 28 tokens, total collected: 168
Progress: 46.1 tokens/sec, est. 1.8s audio generated, 186 tokens, 21 chunks in 4.0s
Processing buffer with 28 tokens, total collected: 196
Processing buffer with 28 tokens, total collected: 224
Processing buffer with 28 tokens, total collected: 252
Progress: 44.9 tokens/sec, est. 2.8s audio generated, 272 tokens, 33 chunks in 6.1s
Processing buffer with 28 tokens, total collected: 280
Audio generation rate: 4.04 chunks/second
Processing buffer with 28 tokens, total collected: 308
Token processing rate: 31.1 tokens/second
Processing buffer with 28 tokens, total collected: 336
Progress: 43.7 tokens/sec, est. 3.8s audio generated, 352 tokens, 45 chunks in 8.1s
Processing buffer with 28 tokens, total collected: 364
Processing buffer with 28 tokens, total collected: 392
Processing buffer with 28 tokens, total collected: 420
Audio generation rate: 4.59 chunks/second
Progress: 43.5 tokens/sec, est. 4.9s audio generated, 438 tokens, 58 chunks in 10.1s
Processing buffer with 28 tokens, total collected: 448
Processing buffer with 28 tokens, total collected: 476
Processing buffer with 28 tokens, total collected: 504
Progress: 42.9 tokens/sec, est. 5.9s audio generated, 518 tokens, 69 chunks in 12.1s
Processing buffer with 28 tokens, total collected: 532
Token processing rate: 34.2 tokens/second
Audio generation rate: 4.73 chunks/second
Processing buffer with 28 tokens, total collected: 560
Processing buffer with 28 tokens, total collected: 588
Progress: 42.4 tokens/sec, est. 6.9s audio generated, 598 tokens, 81 chunks in 14.1s
Processing buffer with 28 tokens, total collected: 616
Processing buffer with 28 tokens, total collected: 644
Progress: 42.1 tokens/sec, est. 7.8s audio generated, 678 tokens, 92 chunks in 16.1s
Processing buffer with 28 tokens, total collected: 672
Token generation complete: 696 tokens in 18.87s (36.9 tokens/sec)
Generated 93 audio segments
Generated 7.94 seconds of audio in 18.88 seconds
Realtime factor: 0.42x
Warning: Generation is slower than realtime
Total speech generation completed in 18.88 seconds
INFO:     127.0.0.1:54314 - "POST /v1/audio/speech HTTP/1.1" 200 OK
Starting speech generation for 'Huh? I'm here and ready to help. What would you li...'
Using voice: tara, GPU acceleration: Yes
Generating speech for: <|audio|>tara: Huh? I'm here and ready to help. What would you like to do?<|eot_id|>
Processing buffer with 28 tokens, total collected: 28
Audio generation rate: 0.21 chunks/second
Token processing rate: 5.9 tokens/second
Processing buffer with 28 tokens, total collected: 56
Processing buffer with 28 tokens, total collected: 84
Progress: 51.1 tokens/sec, est. 0.9s audio generated, 103 tokens, 10 chunks in 2.0s
Processing buffer with 28 tokens, total collected: 112
Processing buffer with 28 tokens, total collected: 140
Audio generation rate: 2.49 chunks/second
Processing buffer with 28 tokens, total collected: 168
Progress: 47.7 tokens/sec, est. 1.8s audio generated, 192 tokens, 21 chunks in 4.0s
Processing buffer with 28 tokens, total collected: 196
Processing buffer with 28 tokens, total collected: 224
Processing buffer with 28 tokens, total collected: 252
Token processing rate: 24.9 tokens/second
Progress: 45.1 tokens/sec, est. 3.0s audio generated, 272 tokens, 35 chunks in 6.0s
Processing buffer with 28 tokens, total collected: 280
Processing buffer with 28 tokens, total collected: 308
Audio generation rate: 3.61 chunks/second
Processing buffer with 28 tokens, total collected: 336
Progress: 45.1 tokens/sec, est. 3.9s audio generated, 362 tokens, 46 chunks in 8.0s
Processing buffer with 28 tokens, total collected: 364
Token generation complete: 407 tokens in 13.32s (30.5 tokens/sec)
Generated 52 audio segments
Generated 4.44 seconds of audio in 13.33 seconds
Realtime factor: 0.33x
Warning: Generation is slower than realtime
Total speech generation completed in 13.33 seconds
INFO:     127.0.0.1:50496 - "POST /v1/audio/speech HTTP/1.1" 200 OK
Starting speech generation for '"Huh?" Perhaps you meant "Hello JARVIS" or are ask...'
Using voice: tara, GPU acceleration: Yes
Generating speech for: <|audio|>tara: "Huh?" Perhaps you meant "Hello JARVIS" or are asking about something else? Let me know how I can assist you!<|eot_id|>
Processing buffer with 28 tokens, total collected: 28
Audio generation rate: 0.23 chunks/second
Token processing rate: 8.7 tokens/second
Processing buffer with 28 tokens, total collected: 56
Progress: 44.3 tokens/sec, est. 0.7s audio generated, 90 tokens, 8 chunks in 2.0s
Processing buffer with 28 tokens, total collected: 84
Processing buffer with 28 tokens, total collected: 112
Audio generation rate: 1.97 chunks/second
Processing buffer with 28 tokens, total collected: 140
Progress: 39.6 tokens/sec, est. 1.6s audio generated, 160 tokens, 19 chunks in 4.0s
Processing buffer with 28 tokens, total collected: 168
Processing buffer with 28 tokens, total collected: 196
Processing buffer with 28 tokens, total collected: 224
Progress: 39.5 tokens/sec, est. 2.6s audio generated, 240 tokens, 30 chunks in 6.1s
Token processing rate: 23.2 tokens/second
Processing buffer with 28 tokens, total collected: 252
Audio generation rate: 3.29 chunks/second
Processing buffer with 28 tokens, total collected: 280
Processing buffer with 28 tokens, total collected: 308
Progress: 41.0 tokens/sec, est. 3.6s audio generated, 332 tokens, 42 chunks in 8.1s
Processing buffer with 28 tokens, total collected: 336
Processing buffer with 28 tokens, total collected: 364
Processing buffer with 28 tokens, total collected: 392
Progress: 40.2 tokens/sec, est. 4.5s audio generated, 406 tokens, 53 chunks in 10.1s
Audio generation rate: 3.80 chunks/second
Processing buffer with 28 tokens, total collected: 420
Token processing rate: 28.8 tokens/second
Processing buffer with 28 tokens, total collected: 448
Processing buffer with 28 tokens, total collected: 476
Progress: 40.5 tokens/sec, est. 5.5s audio generated, 491 tokens, 65 chunks in 12.1s
Processing buffer with 28 tokens, total collected: 504
Processing buffer with 28 tokens, total collected: 532
Audio generation rate: 4.22 chunks/second
Progress: 39.6 tokens/sec, est. 6.3s audio generated, 559 tokens, 74 chunks in 14.1s
Processing buffer with 28 tokens, total collected: 560
Processing buffer with 28 tokens, total collected: 588
Processing buffer with 28 tokens, total collected: 616
Progress: 39.7 tokens/sec, est. 7.3s audio generated, 640 tokens, 86 chunks in 16.1s
Token processing rate: 30.8 tokens/second
Processing buffer with 28 tokens, total collected: 644
Audio generation rate: 4.29 chunks/second
Processing buffer with 28 tokens, total collected: 672
Progress: 39.1 tokens/sec, est. 7.8s audio generated, 709 tokens, 92 chunks in 18.1s
Processing buffer with 28 tokens, total collected: 700
Processing buffer with 28 tokens, total collected: 728
Processing buffer with 28 tokens, total collected: 756
Progress: 38.9 tokens/sec, est. 8.7s audio generated, 784 tokens, 102 chunks in 20.2s
Audio generation rate: 4.24 chunks/second
Processing buffer with 28 tokens, total collected: 784
Processing buffer with 28 tokens, total collected: 812
Token processing rate: 32.4 tokens/second
Processing buffer with 28 tokens, total collected: 840
Progress: 39.1 tokens/sec, est. 9.8s audio generated, 868 tokens, 115 chunks in 22.2s
Processing buffer with 28 tokens, total collected: 868
Audio generation rate: 4.40 chunks/second
Processing buffer with 28 tokens, total collected: 896
Progress: 38.9 tokens/sec, est. 10.5s audio generated, 940 tokens, 124 chunks in 24.2s
Processing buffer with 28 tokens, total collected: 924
Processing buffer with 28 tokens, total collected: 952
Processing buffer with 28 tokens, total collected: 980
Processing buffer with 28 tokens, total collected: 1008
Progress: 39.3 tokens/sec, est. 11.6s audio generated, 1030 tokens, 137 chunks in 26.2s
Audio generation rate: 4.56 chunks/second
Token processing rate: 33.4 tokens/second
Processing buffer with 28 tokens, total collected: 1036
Processing buffer with 28 tokens, total collected: 1064
Progress: 38.9 tokens/sec, est. 12.5s audio generated, 1098 tokens, 147 chunks in 28.2s
Processing buffer with 28 tokens, total collected: 1092
Processing buffer with 28 tokens, total collected: 1120
Audio generation rate: 4.60 chunks/second
Processing buffer with 28 tokens, total collected: 1148
Progress: 39.1 tokens/sec, est. 13.4s audio generated, 1184 tokens, 158 chunks in 30.3s
Processing buffer with 28 tokens, total collected: 1176
Processing buffer with 28 tokens, total collected: 1204
Token processing rate: 34.0 tokens/second
Processing buffer with 28 tokens, total collected: 1232
Progress: 39.1 tokens/sec, est. 14.4s audio generated, 1261 tokens, 169 chunks in 32.3s
Processing buffer with 28 tokens, total collected: 1260
Audio generation rate: 4.70 chunks/second
Processing buffer with 28 tokens, total collected: 1288
Token generation complete: 1329 tokens in 38.15s (34.8 tokens/sec)
Generated 178 audio segments
Generated 15.19 seconds of audio in 38.16 seconds
Realtime factor: 0.40x
Warning: Generation is slower than realtime
Total speech generation completed in 38.16 seconds
INFO:     127.0.0.1:60660 - "POST /v1/audio/speech HTTP/1.1" 200 OK
Starting speech generation for '[TOOL_RESULT] Could not understand the user reques...'
Using voice: tara, GPU acceleration: Yes
Generating speech for: <|audio|>tara: [TOOL_RESULT] Could not understand the user request. Please ask again. huh [END_TOOL_RESULT]<|eot_id|>
Processing buffer with 28 tokens, total collected: 28
Audio generation rate: 0.64 chunks/second
Processing buffer with 28 tokens, total collected: 56
Processing buffer with 28 tokens, total collected: 84
Progress: 52.9 tokens/sec, est. 0.9s audio generated, 106 tokens, 10 chunks in 2.0s
Processing buffer with 28 tokens, total collected: 112
Token processing rate: 24.4 tokens/second
Processing buffer with 28 tokens, total collected: 140
Processing buffer with 28 tokens, total collected: 168
Progress: 47.9 tokens/sec, est. 1.9s audio generated, 192 tokens, 22 chunks in 4.0s
Audio generation rate: 3.46 chunks/second
Processing buffer with 28 tokens, total collected: 196
Processing buffer with 28 tokens, total collected: 224
Processing buffer with 28 tokens, total collected: 252
Progress: 45.1 tokens/sec, est. 2.8s audio generated, 272 tokens, 33 chunks in 6.0s
Processing buffer with 28 tokens, total collected: 280
Processing buffer with 28 tokens, total collected: 308
Audio generation rate: 4.30 chunks/second
Processing buffer with 28 tokens, total collected: 336
Progress: 44.5 tokens/sec, est. 3.6s audio generated, 359 tokens, 42 chunks in 8.1s
Token processing rate: 31.5 tokens/second
Processing buffer with 28 tokens, total collected: 364
Processing buffer with 28 tokens, total collected: 392
Processing buffer with 28 tokens, total collected: 420
Progress: 43.6 tokens/sec, est. 4.5s audio generated, 440 tokens, 53 chunks in 10.1s
Audio generation rate: 4.27 chunks/second
Processing buffer with 28 tokens, total collected: 448
Processing buffer with 28 tokens, total collected: 476
Progress: 42.7 tokens/sec, est. 5.4s audio generated, 516 tokens, 64 chunks in 12.1s
Processing buffer with 28 tokens, total collected: 504
Processing buffer with 28 tokens, total collected: 532
Audio generation rate: 4.59 chunks/second
Processing buffer with 28 tokens, total collected: 560
Token processing rate: 35.1 tokens/second
Progress: 42.6 tokens/sec, est. 6.5s audio generated, 601 tokens, 76 chunks in 14.1s
Processing buffer with 28 tokens, total collected: 588
Processing buffer with 28 tokens, total collected: 616
Processing buffer with 28 tokens, total collected: 644
Progress: 42.5 tokens/sec, est. 7.4s audio generated, 685 tokens, 87 chunks in 16.1s
Processing buffer with 28 tokens, total collected: 672
Audio generation rate: 4.73 chunks/second
Processing buffer with 28 tokens, total collected: 700
Processing buffer with 28 tokens, total collected: 728
Progress: 41.9 tokens/sec, est. 8.4s audio generated, 760 tokens, 99 chunks in 18.1s
Processing buffer with 28 tokens, total collected: 756
Token processing rate: 36.1 tokens/second
Processing buffer with 28 tokens, total collected: 784
Processing buffer with 28 tokens, total collected: 812
Audio generation rate: 4.87 chunks/second
Progress: 41.5 tokens/sec, est. 9.4s audio generated, 835 tokens, 110 chunks in 20.1s
Processing buffer with 28 tokens, total collected: 840
Processing buffer with 28 tokens, total collected: 868
Processing buffer with 28 tokens, total collected: 896
Progress: 41.5 tokens/sec, est. 10.3s audio generated, 918 tokens, 121 chunks in 22.1s
Processing buffer with 28 tokens, total collected: 924
Audio generation rate: 4.95 chunks/second
Processing buffer with 28 tokens, total collected: 952
Progress: 41.0 tokens/sec, est. 11.1s audio generated, 990 tokens, 131 chunks in 24.1s
Token processing rate: 36.3 tokens/second
Processing buffer with 28 tokens, total collected: 980
Processing buffer with 28 tokens, total collected: 1008
Token generation complete: 1058 tokens in 28.31s (37.4 tokens/sec)
Generated 140 audio segments
Generated 11.95 seconds of audio in 28.31 seconds
Realtime factor: 0.42x
Warning: Generation is slower than realtime
Total speech generation completed in 28.31 seconds
INFO:     127.0.0.1:56268 - "POST /v1/audio/speech HTTP/1.1" 200 OK
Starting speech generation for 'huh? That doesn't seem like a specific request. I'...'
Using voice: tara, GPU acceleration: Yes
Generating speech for: <|audio|>tara: huh? That doesn't seem like a specific request. I'm here to help with clear instructions—let me know what you need!<|eot_id|>
Processing buffer with 28 tokens, total collected: 28
Audio generation rate: 0.62 chunks/second
Processing buffer with 28 tokens, total collected: 56
Progress: 42.5 tokens/sec, est. 0.7s audio generated, 86 tokens, 8 chunks in 2.0s
Processing buffer with 28 tokens, total collected: 84
Token processing rate: 21.5 tokens/second
Processing buffer with 28 tokens, total collected: 112
Processing buffer with 28 tokens, total collected: 140
Progress: 38.5 tokens/sec, est. 1.4s audio generated, 155 tokens, 17 chunks in 4.0s
Audio generation rate: 3.09 chunks/second
Processing buffer with 28 tokens, total collected: 168
Processing buffer with 28 tokens, total collected: 196
Progress: 39.3 tokens/sec, est. 2.4s audio generated, 238 tokens, 28 chunks in 6.1s
Processing buffer with 28 tokens, total collected: 224
Processing buffer with 28 tokens, total collected: 252
Processing buffer with 28 tokens, total collected: 280
Audio generation rate: 3.88 chunks/second
Processing buffer with 28 tokens, total collected: 308
Progress: 39.7 tokens/sec, est. 3.5s audio generated, 320 tokens, 41 chunks in 8.1s
Token processing rate: 31.2 tokens/second
Processing buffer with 28 tokens, total collected: 336
Processing buffer with 28 tokens, total collected: 364
Progress: 39.7 tokens/sec, est. 4.3s audio generated, 400 tokens, 51 chunks in 10.1s
Processing buffer with 28 tokens, total collected: 392
Processing buffer with 28 tokens, total collected: 420
Audio generation rate: 4.37 chunks/second
Processing buffer with 28 tokens, total collected: 448
Progress: 39.6 tokens/sec, est. 5.3s audio generated, 478 tokens, 62 chunks in 12.1s
Processing buffer with 28 tokens, total collected: 476
Processing buffer with 28 tokens, total collected: 504
Token processing rate: 33.1 tokens/second
Processing buffer with 28 tokens, total collected: 532
Progress: 39.8 tokens/sec, est. 6.4s audio generated, 560 tokens, 75 chunks in 14.1s
Audio generation rate: 4.65 chunks/second
Processing buffer with 28 tokens, total collected: 560
Processing buffer with 28 tokens, total collected: 588
Processing buffer with 28 tokens, total collected: 616
Progress: 39.3 tokens/sec, est. 7.2s audio generated, 632 tokens, 85 chunks in 16.1s
Processing buffer with 28 tokens, total collected: 644
Audio generation rate: 4.75 chunks/second
Processing buffer with 28 tokens, total collected: 672
Processing buffer with 28 tokens, total collected: 700
Progress: 39.3 tokens/sec, est. 8.2s audio generated, 713 tokens, 97 chunks in 18.1s
Token processing rate: 34.7 tokens/second
Processing buffer with 28 tokens, total collected: 728
Processing buffer with 28 tokens, total collected: 756
Processing buffer with 28 tokens, total collected: 784
Progress: 40.0 tokens/sec, est. 9.4s audio generated, 805 tokens, 110 chunks in 20.1s
Audio generation rate: 4.96 chunks/second
Processing buffer with 28 tokens, total collected: 812
Processing buffer with 28 tokens, total collected: 840
Processing buffer with 28 tokens, total collected: 868
Progress: 40.4 tokens/sec, est. 10.4s audio generated, 894 tokens, 122 chunks in 22.1s
Processing buffer with 28 tokens, total collected: 896
Processing buffer with 28 tokens, total collected: 924
Audio generation rate: 5.08 chunks/second
Progress: 39.6 tokens/sec, est. 11.1s audio generated, 957 tokens, 131 chunks in 24.2s
Token processing rate: 35.8 tokens/second
Processing buffer with 28 tokens, total collected: 952
Processing buffer with 28 tokens, total collected: 980
Processing buffer with 28 tokens, total collected: 1008
Progress: 39.7 tokens/sec, est. 12.2s audio generated, 1040 tokens, 143 chunks in 26.2s
Processing buffer with 28 tokens, total collected: 1036
Audio generation rate: 5.05 chunks/second
Processing buffer with 28 tokens, total collected: 1064
Token generation complete: 1109 tokens in 30.17s (36.8 tokens/sec)
Generated 151 audio segments
Generated 12.89 seconds of audio in 30.17 seconds
Realtime factor: 0.43x
Warning: Generation is slower than realtime
Total speech generation completed in 30.17 seconds
INFO:     127.0.0.1:52598 - "POST /v1/audio/speech HTTP/1.1" 200 OK
Starting speech generation for 'Hmm, that doesn't seem complete or specific. Could...'
Using voice: tara, GPU acceleration: Yes
Generating speech for: <|audio|>tara: Hmm, that doesn't seem complete or specific. Could you clarify your request? I'm here to help with anything from queries to actions using available tools when appropriate.<|eot_id|>
Processing buffer with 28 tokens, total collected: 28
Audio generation rate: 1.00 chunks/second
Processing buffer with 28 tokens, total collected: 56
Progress: 44.0 tokens/sec, est. 0.7s audio generated, 89 tokens, 8 chunks in 2.0s
Processing buffer with 28 tokens, total collected: 84
Token processing rate: 21.5 tokens/second
Processing buffer with 28 tokens, total collected: 112
Processing buffer with 28 tokens, total collected: 140
Progress: 38.1 tokens/sec, est. 1.4s audio generated, 154 tokens, 17 chunks in 4.0s
Audio generation rate: 2.91 chunks/second
Processing buffer with 28 tokens, total collected: 168
Processing buffer with 28 tokens, total collected: 196
Progress: 38.5 tokens/sec, est. 2.4s audio generated, 233 tokens, 28 chunks in 6.1s
Processing buffer with 28 tokens, total collected: 224
Processing buffer with 28 tokens, total collected: 252
Audio generation rate: 3.77 chunks/second
Processing buffer with 28 tokens, total collected: 280
Progress: 39.4 tokens/sec, est. 3.4s audio generated, 318 tokens, 40 chunks in 8.1s
Token processing rate: 29.7 tokens/second
Processing buffer with 28 tokens, total collected: 308
Processing buffer with 28 tokens, total collected: 336
Processing buffer with 28 tokens, total collected: 364
Progress: 39.0 tokens/sec, est. 3.9s audio generated, 393 tokens, 46 chunks in 10.1s
Processing buffer with 28 tokens, total collected: 392
Audio generation rate: 3.90 chunks/second
Processing buffer with 28 tokens, total collected: 420
Processing buffer with 28 tokens, total collected: 448
Progress: 39.3 tokens/sec, est. 4.8s audio generated, 476 tokens, 57 chunks in 12.1s
Processing buffer with 28 tokens, total collected: 476
Token processing rate: 32.6 tokens/second
Processing buffer with 28 tokens, total collected: 504
Audio generation rate: 4.26 chunks/second
Processing buffer with 28 tokens, total collected: 532
Progress: 39.3 tokens/sec, est. 5.9s audio generated, 555 tokens, 69 chunks in 14.1s
Processing buffer with 28 tokens, total collected: 560
Processing buffer with 28 tokens, total collected: 588
Progress: 39.1 tokens/sec, est. 6.8s audio generated, 632 tokens, 80 chunks in 16.2s
Processing buffer with 28 tokens, total collected: 616
Processing buffer with 28 tokens, total collected: 644
Audio generation rate: 4.48 chunks/second
Processing buffer with 28 tokens, total collected: 672
Progress: 39.0 tokens/sec, est. 7.8s audio generated, 709 tokens, 92 chunks in 18.2s
Token processing rate: 33.9 tokens/second
Processing buffer with 28 tokens, total collected: 700
Processing buffer with 28 tokens, total collected: 728
Processing buffer with 28 tokens, total collected: 756
Progress: 38.3 tokens/sec, est. 8.6s audio generated, 772 tokens, 101 chunks in 20.2s
Audio generation rate: 4.55 chunks/second
Processing buffer with 28 tokens, total collected: 784
Processing buffer with 28 tokens, total collected: 812
Progress: 38.6 tokens/sec, est. 9.5s audio generated, 856 tokens, 112 chunks in 22.2s
Processing buffer with 28 tokens, total collected: 840
Processing buffer with 28 tokens, total collected: 868
Token processing rate: 34.5 tokens/second
Audio generation rate: 4.67 chunks/second
Processing buffer with 28 tokens, total collected: 896
Progress: 38.8 tokens/sec, est. 10.5s audio generated, 940 tokens, 124 chunks in 24.2s
Processing buffer with 28 tokens, total collected: 924
Processing buffer with 28 tokens, total collected: 952
Processing buffer with 28 tokens, total collected: 980
Progress: 38.9 tokens/sec, est. 11.5s audio generated, 1021 tokens, 135 chunks in 26.2s
Processing buffer with 28 tokens, total collected: 1008
Audio generation rate: 4.80 chunks/second
Processing buffer with 28 tokens, total collected: 1036
Processing buffer with 28 tokens, total collected: 1064
Progress: 38.8 tokens/sec, est. 12.5s audio generated, 1096 tokens, 147 chunks in 28.3s
Token generation complete: 1112 tokens in 30.55s (36.4 tokens/sec)
Generated 147 audio segments
Generated 12.54 seconds of audio in 30.55 seconds
Realtime factor: 0.41x
Warning: Generation is slower than realtime
Total speech generation completed in 30.55 seconds
INFO:     127.0.0.1:58173 - "POST /v1/audio/speech HTTP/1.1" 200 OK
Starting speech generation for 'The query "huh" appears incomplete or nonspecific....'
Using voice: tara, GPU acceleration: Yes
Generating speech for: <|audio|>tara: The query "huh" appears incomplete or nonspecific. JARVIS cannot proceed without knowing exactly what you require assistance with.<|eot_id|>
Processing buffer with 28 tokens, total collected: 28
Audio generation rate: 1.18 chunks/second
Processing buffer with 28 tokens, total collected: 56
Processing buffer with 28 tokens, total collected: 84
Progress: 47.9 tokens/sec, est. 0.8s audio generated, 96 tokens, 9 chunks in 2.0s
Processing buffer with 28 tokens, total collected: 112
Token processing rate: 24.2 tokens/second
Processing buffer with 28 tokens, total collected: 140
Progress: 43.4 tokens/sec, est. 1.6s audio generated, 174 tokens, 19 chunks in 4.0s
Processing buffer with 28 tokens, total collected: 168
Audio generation rate: 3.41 chunks/second
Processing buffer with 28 tokens, total collected: 196
Processing buffer with 28 tokens, total collected: 224
Progress: 42.4 tokens/sec, est. 2.6s audio generated, 255 tokens, 30 chunks in 6.0s
Processing buffer with 28 tokens, total collected: 252
Processing buffer with 28 tokens, total collected: 280
Processing buffer with 28 tokens, total collected: 308
Audio generation rate: 4.25 chunks/second
Progress: 42.8 tokens/sec, est. 3.7s audio generated, 343 tokens, 44 chunks in 8.0s
Token processing rate: 32.5 tokens/second
Processing buffer with 28 tokens, total collected: 336
Processing buffer with 28 tokens, total collected: 364
Processing buffer with 28 tokens, total collected: 392
Progress: 41.1 tokens/sec, est. 4.5s audio generated, 412 tokens, 53 chunks in 10.0s
Processing buffer with 28 tokens, total collected: 420
Audio generation rate: 4.60 chunks/second
Processing buffer with 28 tokens, total collected: 448
Processing buffer with 28 tokens, total collected: 476
Progress: 41.7 tokens/sec, est. 5.7s audio generated, 501 tokens, 67 chunks in 12.0s
Processing buffer with 28 tokens, total collected: 504
Processing buffer with 28 tokens, total collected: 532
Token processing rate: 34.5 tokens/second
Processing buffer with 28 tokens, total collected: 560
Audio generation rate: 4.81 chunks/second
Progress: 41.3 tokens/sec, est. 6.6s audio generated, 580 tokens, 78 chunks in 14.0s
Processing buffer with 28 tokens, total collected: 588
Processing buffer with 28 tokens, total collected: 616
Progress: 40.4 tokens/sec, est. 7.5s audio generated, 647 tokens, 88 chunks in 16.0s
Processing buffer with 28 tokens, total collected: 644
Processing buffer with 28 tokens, total collected: 672
Audio generation rate: 4.85 chunks/second
Processing buffer with 28 tokens, total collected: 700
Progress: 40.4 tokens/sec, est. 8.4s audio generated, 729 tokens, 99 chunks in 18.0s
Processing buffer with 28 tokens, total collected: 728
Token processing rate: 35.5 tokens/second
Processing buffer with 28 tokens, total collected: 756
Processing buffer with 28 tokens, total collected: 784
Progress: 40.5 tokens/sec, est. 9.4s audio generated, 812 tokens, 110 chunks in 20.1s
Audio generation rate: 4.98 chunks/second
Processing buffer with 28 tokens, total collected: 812
Processing buffer with 28 tokens, total collected: 840
Token generation complete: 865 tokens in 23.55s (36.7 tokens/sec)
Generated 117 audio segments
Generated 9.98 seconds of audio in 23.55 seconds
Realtime factor: 0.42x
Warning: Generation is slower than realtime
Total speech generation completed in 23.55 seconds
INFO:     127.0.0.1:56991 - "POST /v1/audio/speech HTTP/1.1" 200 OK
Starting speech generation for 'Huh? I'm not sure what you mean by that. Can you c...'
Using voice: tara, GPU acceleration: Yes
Generating speech for: <|audio|>tara: Huh? I'm not sure what you mean by that. Can you clarify your question or request so I can assist you better?<|eot_id|>
Processing buffer with 28 tokens, total collected: 28
Audio generation rate: 0.21 chunks/second
Token processing rate: 6.0 tokens/second
Processing buffer with 28 tokens, total collected: 56
Processing buffer with 28 tokens, total collected: 84
Progress: 52.2 tokens/sec, est. 0.9s audio generated, 105 tokens, 10 chunks in 2.0s
Processing buffer with 28 tokens, total collected: 112
Processing buffer with 28 tokens, total collected: 140
Audio generation rate: 2.55 chunks/second
Processing buffer with 28 tokens, total collected: 168
Progress: 47.7 tokens/sec, est. 1.8s audio generated, 192 tokens, 21 chunks in 4.0s
Processing buffer with 28 tokens, total collected: 196
Processing buffer with 28 tokens, total collected: 224
Processing buffer with 28 tokens, total collected: 252
Progress: 44.4 tokens/sec, est. 2.8s audio generated, 268 tokens, 33 chunks in 6.0s
Token processing rate: 24.6 tokens/second
Processing buffer with 28 tokens, total collected: 280
Audio generation rate: 3.37 chunks/second
Processing buffer with 28 tokens, total collected: 308
Progress: 41.9 tokens/sec, est. 3.7s audio generated, 337 tokens, 44 chunks in 8.0s
Processing buffer with 28 tokens, total collected: 336
Processing buffer with 28 tokens, total collected: 364
Progress: 39.8 tokens/sec, est. 4.4s audio generated, 400 tokens, 52 chunks in 10.0s
Processing buffer with 28 tokens, total collected: 392
Audio generation rate: 3.66 chunks/second
Processing buffer with 28 tokens, total collected: 420
Token processing rate: 27.1 tokens/second
Progress: 38.1 tokens/sec, est. 5.1s audio generated, 460 tokens, 60 chunks in 12.1s
Processing buffer with 28 tokens, total collected: 448
Processing buffer with 28 tokens, total collected: 476
Audio generation rate: 3.74 chunks/second
Processing buffer with 28 tokens, total collected: 504
Progress: 36.6 tokens/sec, est. 5.9s audio generated, 515 tokens, 69 chunks in 14.1s
Processing buffer with 28 tokens, total collected: 532
Progress: 35.3 tokens/sec, est. 6.5s audio generated, 568 tokens, 76 chunks in 16.1s
Processing buffer with 28 tokens, total collected: 560
Token processing rate: 27.0 tokens/second
Audio generation rate: 3.72 chunks/second
Processing buffer with 28 tokens, total collected: 588
Progress: 34.1 tokens/sec, est. 7.1s audio generated, 618 tokens, 83 chunks in 18.1s
Processing buffer with 28 tokens, total collected: 616
Processing buffer with 28 tokens, total collected: 644
Progress: 33.1 tokens/sec, est. 7.7s audio generated, 666 tokens, 90 chunks in 20.1s
Audio generation rate: 3.70 chunks/second
Processing buffer with 28 tokens, total collected: 672
Processing buffer with 28 tokens, total collected: 700
Progress: 32.2 tokens/sec, est. 8.2s audio generated, 712 tokens, 97 chunks in 22.1s
Token processing rate: 26.3 tokens/second
Processing buffer with 28 tokens, total collected: 728
Audio generation rate: 3.62 chunks/second
Progress: 31.3 tokens/sec, est. 8.8s audio generated, 756 tokens, 104 chunks in 24.1s
Processing buffer with 28 tokens, total collected: 756
Token generation complete: 796 tokens in 30.13s (26.4 tokens/sec)
Generated 106 audio segments
Generated 9.05 seconds of audio in 30.14 seconds
Realtime factor: 0.30x
Warning: Generation is slower than realtime
Total speech generation completed in 30.14 seconds
INFO:     127.0.0.1:64590 - "POST /v1/audio/speech HTTP/1.1" 200 OK
Starting speech generation for 'Hmm, I'm just starting my turn now... "Huh" doesn'...'
Using voice: tara, GPU acceleration: Yes
Generating speech for: <|audio|>tara: Hmm, I'm just starting my turn now... "Huh" doesn't seem like a request for information or action requiring JARVIS tools. Perhaps you didn't finish your sentence? Could you please elaborate on what you'd like assistance with?<|eot_id|>
Token processing rate: 0.2 tokens/second
Progress: 11.8 tokens/sec, est. 0.0s audio generated, 24 tokens, 0 chunks in 2.0s
Processing buffer with 28 tokens, total collected: 28
Audio generation rate: 0.12 chunks/second
Progress: 9.6 tokens/sec, est. 0.1s audio generated, 42 tokens, 1 chunks in 4.4s
Progress: 10.6 tokens/sec, est. 0.2s audio generated, 68 tokens, 2 chunks in 6.4s
Token generation complete: 73 tokens in 11.81s (6.2 tokens/sec)
Generated 2 audio segments
Generated 0.17 seconds of audio in 11.81 seconds
Realtime factor: 0.01x
Warning: Generation is slower than realtime
Total speech generation completed in 11.81 seconds
INFO:     127.0.0.1:59203 - "POST /v1/audio/speech HTTP/1.1" 200 OK
Starting speech generation for 'Hmm, I'm not sure what you mean by "huh." Could yo...'
Using voice: tara, GPU acceleration: Yes
Generating speech for: <|audio|>tara: Hmm, I'm not sure what you mean by "huh." Could you please clarify your question or request so I can assist you better?<|eot_id|>
Token processing rate: 0.2 tokens/second
Progress: 11.8 tokens/sec, est. 0.0s audio generated, 24 tokens, 0 chunks in 2.0s
Processing buffer with 28 tokens, total collected: 28
Audio generation rate: 0.13 chunks/second
Progress: 10.1 tokens/sec, est. 0.1s audio generated, 41 tokens, 1 chunks in 4.1s
Progress: 9.4 tokens/sec, est. 0.3s audio generated, 58 tokens, 3 chunks in 6.1s
Token processing rate: 4.0 tokens/second
Audio generation rate: 0.35 chunks/second
Processing buffer with 28 tokens, total collected: 56
Progress: 9.1 tokens/sec, est. 0.4s audio generated, 75 tokens, 5 chunks in 8.2s
Progress: 9.2 tokens/sec, est. 0.7s audio generated, 94 tokens, 8 chunks in 10.3s
Processing buffer with 28 tokens, total collected: 84
Audio generation rate: 0.60 chunks/second
Token processing rate: 5.6 tokens/second
Progress: 9.4 tokens/sec, est. 1.0s audio generated, 115 tokens, 12 chunks in 12.3s
Processing buffer with 28 tokens, total collected: 112
Audio generation rate: 0.71 chunks/second
Progress: 9.5 tokens/sec, est. 1.2s audio generated, 136 tokens, 14 chunks in 14.3s
Processing buffer with 28 tokens, total collected: 140
Progress: 9.6 tokens/sec, est. 1.4s audio generated, 157 tokens, 17 chunks in 16.4s
Audio generation rate: 0.84 chunks/second
Token processing rate: 6.9 tokens/second
Processing buffer with 28 tokens, total collected: 168
Progress: 9.7 tokens/sec, est. 1.8s audio generated, 178 tokens, 21 chunks in 18.4s
Audio generation rate: 0.90 chunks/second
Progress: 9.7 tokens/sec, est. 2.0s audio generated, 199 tokens, 24 chunks in 20.5s
Processing buffer with 28 tokens, total collected: 196
Progress: 9.7 tokens/sec, est. 2.2s audio generated, 219 tokens, 26 chunks in 22.5s
Audio generation rate: 0.97 chunks/second
Progress: 9.7 tokens/sec, est. 2.4s audio generated, 239 tokens, 28 chunks in 24.5s
Token processing rate: 7.6 tokens/second
Processing buffer with 28 tokens, total collected: 224
Audio generation rate: 1.00 chunks/second
Processing buffer with 28 tokens, total collected: 252
Progress: 9.8 tokens/sec, est. 2.8s audio generated, 259 tokens, 33 chunks in 26.6s
Progress: 9.8 tokens/sec, est. 3.0s audio generated, 279 tokens, 35 chunks in 28.6s
Audio generation rate: 1.05 chunks/second
Processing buffer with 28 tokens, total collected: 280
Progress: 9.8 tokens/sec, est. 3.1s audio generated, 299 tokens, 37 chunks in 30.7s
Token processing rate: 8.0 tokens/second
Progress: 9.8 tokens/sec, est. 3.4s audio generated, 319 tokens, 40 chunks in 32.7s
Processing buffer with 28 tokens, total collected: 308
Audio generation rate: 1.09 chunks/second
Progress: 9.7 tokens/sec, est. 3.7s audio generated, 339 tokens, 44 chunks in 34.8s
Token processing rate: 8.2 tokens/second
Processing buffer with 28 tokens, total collected: 336
Audio generation rate: 1.10 chunks/second
Progress: 9.7 tokens/sec, est. 3.9s audio generated, 359 tokens, 46 chunks in 36.9s
Processing buffer with 28 tokens, total collected: 364
Progress: 9.7 tokens/sec, est. 4.2s audio generated, 378 tokens, 49 chunks in 38.9s
Audio generation rate: 1.13 chunks/second
Progress: 9.7 tokens/sec, est. 4.3s audio generated, 397 tokens, 51 chunks in 40.9s
Token processing rate: 8.3 tokens/second
Processing buffer with 28 tokens, total collected: 392
Progress: 9.7 tokens/sec, est. 4.5s audio generated, 416 tokens, 53 chunks in 43.0s
Audio generation rate: 1.13 chunks/second
Processing buffer with 28 tokens, total collected: 420
Progress: 9.7 tokens/sec, est. 4.9s audio generated, 435 tokens, 58 chunks in 45.0s
Token processing rate: 8.4 tokens/second
Audio generation rate: 1.15 chunks/second
Progress: 9.6 tokens/sec, est. 5.1s audio generated, 454 tokens, 60 chunks in 47.1s
Processing buffer with 28 tokens, total collected: 448
Progress: 9.6 tokens/sec, est. 5.3s audio generated, 473 tokens, 62 chunks in 49.2s
Audio generation rate: 1.15 chunks/second
Processing buffer with 28 tokens, total collected: 476
Progress: 9.5 tokens/sec, est. 5.5s audio generated, 489 tokens, 65 chunks in 51.2s
Token processing rate: 8.4 tokens/second
Progress: 9.5 tokens/sec, est. 5.7s audio generated, 508 tokens, 67 chunks in 53.3s
Audio generation rate: 1.16 chunks/second
Processing buffer with 28 tokens, total collected: 504
Progress: 9.5 tokens/sec, est. 5.9s audio generated, 526 tokens, 69 chunks in 55.3s
Progress: 9.5 tokens/sec, est. 6.1s audio generated, 544 tokens, 72 chunks in 57.4s
Token processing rate: 8.5 tokens/second
Processing buffer with 28 tokens, total collected: 532
Audio generation rate: 1.18 chunks/second
Progress: 9.5 tokens/sec, est. 6.5s audio generated, 562 tokens, 76 chunks in 59.4s
Processing buffer with 28 tokens, total collected: 560
Audio generation rate: 1.17 chunks/second
Progress: 9.4 tokens/sec, est. 6.6s audio generated, 580 tokens, 78 chunks in 61.4s
Token processing rate: 8.5 tokens/second
Processing buffer with 28 tokens, total collected: 588
Progress: 9.4 tokens/sec, est. 6.9s audio generated, 598 tokens, 81 chunks in 63.5s
Audio generation rate: 1.18 chunks/second
Progress: 9.4 tokens/sec, est. 7.1s audio generated, 616 tokens, 83 chunks in 65.5s
Processing buffer with 28 tokens, total collected: 616
Progress: 9.4 tokens/sec, est. 7.2s audio generated, 634 tokens, 85 chunks in 67.6s
Token processing rate: 8.5 tokens/second
Audio generation rate: 1.18 chunks/second
Progress: 9.4 tokens/sec, est. 7.5s audio generated, 652 tokens, 88 chunks in 69.7s
Processing buffer with 28 tokens, total collected: 644
Progress: 9.3 tokens/sec, est. 7.7s audio generated, 670 tokens, 90 chunks in 71.8s
Audio generation rate: 1.19 chunks/second
Progress: 9.3 tokens/sec, est. 7.8s audio generated, 687 tokens, 92 chunks in 73.8s
Token processing rate: 8.5 tokens/second
Processing buffer with 28 tokens, total collected: 672
Progress: 9.3 tokens/sec, est. 8.0s audio generated, 704 tokens, 94 chunks in 75.8s
Audio generation rate: 1.18 chunks/second
Processing buffer with 28 tokens, total collected: 700
Progress: 9.3 tokens/sec, est. 8.4s audio generated, 721 tokens, 99 chunks in 77.9s
Token processing rate: 8.5 tokens/second
Audio generation rate: 1.19 chunks/second
Processing buffer with 28 tokens, total collected: 728
Progress: 9.2 tokens/sec, est. 8.6s audio generated, 738 tokens, 101 chunks in 79.9s
Progress: 9.2 tokens/sec, est. 8.8s audio generated, 755 tokens, 104 chunks in 81.9s
Processing buffer with 28 tokens, total collected: 756
Audio generation rate: 1.19 chunks/second
Progress: 9.2 tokens/sec, est. 9.0s audio generated, 772 tokens, 106 chunks in 84.0s
Token processing rate: 8.5 tokens/second
Progress: 9.2 tokens/sec, est. 9.2s audio generated, 789 tokens, 108 chunks in 86.0s
Processing buffer with 28 tokens, total collected: 784
Audio generation rate: 1.18 chunks/second
Progress: 9.1 tokens/sec, est. 9.4s audio generated, 806 tokens, 110 chunks in 88.1s
Processing buffer with 28 tokens, total collected: 812
Progress: 9.1 tokens/sec, est. 9.6s audio generated, 822 tokens, 113 chunks in 90.1s
Token processing rate: 8.5 tokens/second
Audio generation rate: 1.19 chunks/second
Progress: 9.1 tokens/sec, est. 9.8s audio generated, 838 tokens, 115 chunks in 92.3s
Processing buffer with 28 tokens, total collected: 840
Progress: 9.0 tokens/sec, est. 9.9s audio generated, 853 tokens, 117 chunks in 94.4s
Audio generation rate: 1.17 chunks/second
Token generation complete: 867 tokens in 100.47s (8.6 tokens/sec)
Generated 118 audio segments
Generated 10.07 seconds of audio in 100.47 seconds
Realtime factor: 0.10x
Warning: Generation is slower than realtime
Total speech generation completed in 100.47 seconds
INFO:     127.0.0.1:53954 - "POST /v1/audio/speech HTTP/1.1" 200 OK
INFO:     127.0.0.1:60718 - "GET /v1/models HTTP/1.1" 404 Not Found
Starting speech generation for 'hmm, that doesn't seem right. Could you please rep...'
Using voice: tara, GPU acceleration: Yes
Generating speech for: <|audio|>tara: hmm, that doesn't seem right. Could you please rephrase your question?<|eot_id|>
Token processing rate: 0.1 tokens/second
Progress: 10.6 tokens/sec, est. 0.0s audio generated, 22 tokens, 0 chunks in 2.1s
Processing buffer with 28 tokens, total collected: 28
Audio generation rate: 0.12 chunks/second
Progress: 9.3 tokens/sec, est. 0.1s audio generated, 39 tokens, 1 chunks in 4.2s
Progress: 8.9 tokens/sec, est. 0.3s audio generated, 55 tokens, 3 chunks in 6.2s
Token processing rate: 3.7 tokens/second
Audio generation rate: 0.32 chunks/second
Processing buffer with 28 tokens, total collected: 56
Progress: 9.1 tokens/sec, est. 0.4s audio generated, 75 tokens, 5 chunks in 8.3s
Progress: 9.1 tokens/sec, est. 0.7s audio generated, 94 tokens, 8 chunks in 10.3s
Processing buffer with 28 tokens, total collected: 84
Audio generation rate: 0.57 chunks/second
Token processing rate: 5.4 tokens/second
Progress: 9.2 tokens/sec, est. 1.0s audio generated, 113 tokens, 12 chunks in 12.3s
Processing buffer with 28 tokens, total collected: 112
Audio generation rate: 0.67 chunks/second
Progress: 9.2 tokens/sec, est. 1.2s audio generated, 132 tokens, 14 chunks in 14.4s
Processing buffer with 28 tokens, total collected: 140
Progress: 9.2 tokens/sec, est. 1.4s audio generated, 151 tokens, 17 chunks in 16.4s
Token processing rate: 6.3 tokens/second
Audio generation rate: 0.79 chunks/second
Progress: 9.2 tokens/sec, est. 1.6s audio generated, 170 tokens, 19 chunks in 18.5s
Processing buffer with 28 tokens, total collected: 168
Progress: 9.2 tokens/sec, est. 1.8s audio generated, 189 tokens, 21 chunks in 20.5s
Audio generation rate: 0.84 chunks/second
Progress: 9.2 tokens/sec, est. 2.0s audio generated, 208 tokens, 24 chunks in 22.6s
Token processing rate: 6.8 tokens/second
Processing buffer with 28 tokens, total collected: 196
Audio generation rate: 0.91 chunks/second
Progress: 9.2 tokens/sec, est. 2.4s audio generated, 227 tokens, 28 chunks in 24.7s
Processing buffer with 28 tokens, total collected: 224
Progress: 9.2 tokens/sec, est. 2.6s audio generated, 245 tokens, 30 chunks in 26.7s
Token processing rate: 7.2 tokens/second
Audio generation rate: 0.93 chunks/second
Processing buffer with 28 tokens, total collected: 252
Progress: 9.2 tokens/sec, est. 2.8s audio generated, 263 tokens, 33 chunks in 28.7s
Progress: 9.1 tokens/sec, est. 3.0s audio generated, 281 tokens, 35 chunks in 30.8s
Audio generation rate: 0.98 chunks/second
Processing buffer with 28 tokens, total collected: 280
Progress: 9.1 tokens/sec, est. 3.1s audio generated, 299 tokens, 37 chunks in 32.8s
Token processing rate: 7.4 tokens/second
Progress: 9.1 tokens/sec, est. 3.4s audio generated, 317 tokens, 40 chunks in 34.9s
Processing buffer with 28 tokens, total collected: 308
Audio generation rate: 1.01 chunks/second
Progress: 9.1 tokens/sec, est. 3.6s audio generated, 335 tokens, 42 chunks in 37.0s
Token processing rate: 7.5 tokens/second
Processing buffer with 28 tokens, total collected: 336
Audio generation rate: 1.02 chunks/second
Progress: 9.0 tokens/sec, est. 3.9s audio generated, 353 tokens, 46 chunks in 39.0s
Processing buffer with 28 tokens, total collected: 364
Progress: 9.0 tokens/sec, est. 4.2s audio generated, 371 tokens, 49 chunks in 41.1s
Audio generation rate: 1.04 chunks/second
Progress: 9.0 tokens/sec, est. 4.3s audio generated, 389 tokens, 51 chunks in 43.2s
Token processing rate: 7.7 tokens/second
Processing buffer with 28 tokens, total collected: 392
Progress: 9.0 tokens/sec, est. 4.5s audio generated, 407 tokens, 53 chunks in 45.3s
Audio generation rate: 1.04 chunks/second
Progress: 9.0 tokens/sec, est. 4.8s audio generated, 425 tokens, 56 chunks in 47.4s
Processing buffer with 28 tokens, total collected: 420
Progress: 8.9 tokens/sec, est. 4.9s audio generated, 441 tokens, 58 chunks in 49.5s
Token processing rate: 7.7 tokens/second
Audio generation rate: 1.05 chunks/second
Progress: 8.8 tokens/sec, est. 5.1s audio generated, 455 tokens, 60 chunks in 51.6s
Processing buffer with 28 tokens, total collected: 448
Progress: 8.7 tokens/sec, est. 5.3s audio generated, 469 tokens, 62 chunks in 53.7s
Audio generation rate: 1.04 chunks/second
Processing buffer with 28 tokens, total collected: 476
Progress: 8.7 tokens/sec, est. 5.5s audio generated, 483 tokens, 65 chunks in 55.7s
Token processing rate: 7.6 tokens/second
Progress: 8.7 tokens/sec, est. 5.7s audio generated, 501 tokens, 67 chunks in 57.8s
Audio generation rate: 1.06 chunks/second
Processing buffer with 28 tokens, total collected: 504
Progress: 8.7 tokens/sec, est. 5.9s audio generated, 519 tokens, 69 chunks in 59.9s
Progress: 8.6 tokens/sec, est. 6.0s audio generated, 531 tokens, 71 chunks in 61.9s
Token generation complete: 542 tokens in 67.67s (8.0 tokens/sec)
Generated 71 audio segments
Generated 6.06 seconds of audio in 67.67 seconds
Realtime factor: 0.09x
Warning: Generation is slower than realtime
Total speech generation completed in 67.67 seconds
INFO:     127.0.0.1:52471 - "POST /v1/audio/speech HTTP/1.1" 200 OK
Starting speech generation for 'It seems like you're unsure or just starting to ty...'
Using voice: tara, GPU acceleration: Yes
Generating speech for: <|audio|>tara: It seems like you're unsure or just starting to type. Could you clarify your question or request so I can assist you better?<|eot_id|>
Token processing rate: 0.2 tokens/second
Progress: 10.2 tokens/sec, est. 0.0s audio generated, 21 tokens, 0 chunks in 2.1s
Processing buffer with 28 tokens, total collected: 28
Audio generation rate: 0.12 chunks/second
Progress: 9.7 tokens/sec, est. 0.1s audio generated, 40 tokens, 1 chunks in 4.1s
Progress: 9.5 tokens/sec, est. 0.3s audio generated, 59 tokens, 3 chunks in 6.2s
Token processing rate: 4.0 tokens/second
Audio generation rate: 0.35 chunks/second
Processing buffer with 28 tokens, total collected: 56
Progress: 9.4 tokens/sec, est. 0.4s audio generated, 78 tokens, 5 chunks in 8.3s
Processing buffer with 28 tokens, total collected: 84
Audio generation rate: 0.60 chunks/second
Progress: 9.3 tokens/sec, est. 0.9s audio generated, 96 tokens, 10 chunks in 10.3s
Token processing rate: 5.6 tokens/second
Progress: 9.2 tokens/sec, est. 1.0s audio generated, 114 tokens, 12 chunks in 12.3s
Processing buffer with 28 tokens, total collected: 112
Audio generation rate: 0.69 chunks/second
Progress: 9.2 tokens/sec, est. 1.2s audio generated, 132 tokens, 14 chunks in 14.4s
Processing buffer with 28 tokens, total collected: 140
Progress: 9.1 tokens/sec, est. 1.4s audio generated, 150 tokens, 17 chunks in 16.4s
Token processing rate: 6.3 tokens/second
Audio generation rate: 0.80 chunks/second
Progress: 9.1 tokens/sec, est. 1.6s audio generated, 168 tokens, 19 chunks in 18.5s
Processing buffer with 28 tokens, total collected: 168
Progress: 9.0 tokens/sec, est. 1.8s audio generated, 186 tokens, 21 chunks in 20.6s
Audio generation rate: 0.84 chunks/second
Progress: 9.0 tokens/sec, est. 2.0s audio generated, 204 tokens, 24 chunks in 22.7s
Token processing rate: 6.8 tokens/second
Processing buffer with 28 tokens, total collected: 196
Progress: 9.0 tokens/sec, est. 2.2s audio generated, 222 tokens, 26 chunks in 24.8s
Audio generation rate: 0.91 chunks/second
Progress: 8.9 tokens/sec, est. 2.4s audio generated, 240 tokens, 28 chunks in 26.9s
Processing buffer with 28 tokens, total collected: 224
Token processing rate: 7.1 tokens/second
Audio generation rate: 0.92 chunks/second
Processing buffer with 28 tokens, total collected: 252
Progress: 8.9 tokens/sec, est. 2.8s audio generated, 257 tokens, 33 chunks in 28.9s
Progress: 8.9 tokens/sec, est. 3.0s audio generated, 274 tokens, 35 chunks in 30.9s
Audio generation rate: 0.96 chunks/second
Processing buffer with 28 tokens, total collected: 280
Progress: 8.8 tokens/sec, est. 3.1s audio generated, 291 tokens, 37 chunks in 32.9s
Token processing rate: 7.3 tokens/second
Progress: 8.8 tokens/sec, est. 3.4s audio generated, 308 tokens, 40 chunks in 35.0s
Processing buffer with 28 tokens, total collected: 308
Audio generation rate: 0.99 chunks/second
Progress: 8.8 tokens/sec, est. 3.6s audio generated, 325 tokens, 42 chunks in 37.0s
Progress: 8.7 tokens/sec, est. 3.7s audio generated, 339 tokens, 44 chunks in 39.1s
Token processing rate: 7.3 tokens/second
Processing buffer with 28 tokens, total collected: 336
Progress: 8.6 tokens/sec, est. 3.8s audio generated, 352 tokens, 45 chunks in 41.2s
Audio generation rate: 0.98 chunks/second
Processing buffer with 28 tokens, total collected: 364
Progress: 8.5 tokens/sec, est. 4.2s audio generated, 369 tokens, 49 chunks in 43.2s
Audio generation rate: 1.00 chunks/second
Progress: 8.5 tokens/sec, est. 4.3s audio generated, 386 tokens, 51 chunks in 45.3s
Token processing rate: 7.4 tokens/second
Processing buffer with 28 tokens, total collected: 392
Progress: 8.5 tokens/sec, est. 4.5s audio generated, 403 tokens, 53 chunks in 47.4s
Audio generation rate: 1.00 chunks/second
Progress: 8.5 tokens/sec, est. 4.8s audio generated, 419 tokens, 56 chunks in 49.4s
Processing buffer with 28 tokens, total collected: 420
Progress: 8.5 tokens/sec, est. 4.9s audio generated, 436 tokens, 58 chunks in 51.6s
Token processing rate: 7.4 tokens/second
Audio generation rate: 1.02 chunks/second
Progress: 8.4 tokens/sec, est. 5.1s audio generated, 452 tokens, 60 chunks in 53.6s
Processing buffer with 28 tokens, total collected: 448
Progress: 8.4 tokens/sec, est. 5.3s audio generated, 468 tokens, 62 chunks in 55.6s
Audio generation rate: 1.02 chunks/second
Processing buffer with 28 tokens, total collected: 476
Progress: 8.4 tokens/sec, est. 5.5s audio generated, 484 tokens, 65 chunks in 57.6s
Token processing rate: 7.5 tokens/second
Progress: 8.4 tokens/sec, est. 5.7s audio generated, 500 tokens, 67 chunks in 59.7s
Audio generation rate: 1.03 chunks/second
Processing buffer with 28 tokens, total collected: 504
Progress: 8.4 tokens/sec, est. 5.9s audio generated, 516 tokens, 69 chunks in 61.7s
Progress: 8.3 tokens/sec, est. 6.1s audio generated, 532 tokens, 72 chunks in 63.8s
Token processing rate: 7.5 tokens/second
Processing buffer with 28 tokens, total collected: 532
Audio generation rate: 1.04 chunks/second
Progress: 8.3 tokens/sec, est. 6.3s audio generated, 548 tokens, 74 chunks in 65.9s
Progress: 8.3 tokens/sec, est. 6.5s audio generated, 564 tokens, 76 chunks in 67.9s
Processing buffer with 28 tokens, total collected: 560
Audio generation rate: 1.04 chunks/second
Progress: 8.3 tokens/sec, est. 6.6s audio generated, 580 tokens, 78 chunks in 70.0s
Token processing rate: 7.5 tokens/second
Processing buffer with 28 tokens, total collected: 588
Progress: 8.3 tokens/sec, est. 6.9s audio generated, 596 tokens, 81 chunks in 72.1s
Audio generation rate: 1.04 chunks/second
Progress: 8.2 tokens/sec, est. 7.1s audio generated, 612 tokens, 83 chunks in 74.3s
Processing buffer with 28 tokens, total collected: 616
Progress: 8.2 tokens/sec, est. 7.2s audio generated, 627 tokens, 85 chunks in 76.3s
Token processing rate: 7.5 tokens/second
Audio generation rate: 1.04 chunks/second
Progress: 8.2 tokens/sec, est. 7.5s audio generated, 643 tokens, 88 chunks in 78.4s
Processing buffer with 28 tokens, total collected: 644
Progress: 8.2 tokens/sec, est. 7.7s audio generated, 658 tokens, 90 chunks in 80.4s
Audio generation rate: 1.05 chunks/second
Progress: 8.2 tokens/sec, est. 7.8s audio generated, 674 tokens, 92 chunks in 82.5s
Token processing rate: 7.5 tokens/second
Processing buffer with 28 tokens, total collected: 672
Progress: 8.1 tokens/sec, est. 7.9s audio generated, 688 tokens, 93 chunks in 84.6s
Progress: 8.1 tokens/sec, est. 8.0s audio generated, 703 tokens, 94 chunks in 86.6s
Audio generation rate: 1.04 chunks/second
Processing buffer with 28 tokens, total collected: 700
Progress: 8.1 tokens/sec, est. 8.2s audio generated, 718 tokens, 97 chunks in 88.6s
Progress: 8.1 tokens/sec, est. 8.4s audio generated, 733 tokens, 99 chunks in 90.7s
Token processing rate: 7.5 tokens/second
Audio generation rate: 1.04 chunks/second
Processing buffer with 28 tokens, total collected: 728
Progress: 8.1 tokens/sec, est. 8.6s audio generated, 748 tokens, 101 chunks in 92.7s
Progress: 8.0 tokens/sec, est. 8.8s audio generated, 763 tokens, 104 chunks in 94.8s
Processing buffer with 28 tokens, total collected: 756
Audio generation rate: 1.05 chunks/second
Progress: 8.0 tokens/sec, est. 9.0s audio generated, 778 tokens, 106 chunks in 96.9s
Token processing rate: 7.5 tokens/second
Progress: 8.0 tokens/sec, est. 9.2s audio generated, 793 tokens, 108 chunks in 99.0s
Processing buffer with 28 tokens, total collected: 784
Audio generation rate: 1.04 chunks/second
Progress: 8.0 tokens/sec, est. 9.4s audio generated, 808 tokens, 110 chunks in 101.1s
Processing buffer with 28 tokens, total collected: 812
Progress: 8.0 tokens/sec, est. 9.6s audio generated, 823 tokens, 113 chunks in 103.2s
Token processing rate: 7.5 tokens/second
Audio generation rate: 1.04 chunks/second
Progress: 8.0 tokens/sec, est. 9.8s audio generated, 838 tokens, 115 chunks in 105.3s
Processing buffer with 28 tokens, total collected: 840
Progress: 7.9 tokens/sec, est. 9.9s audio generated, 853 tokens, 117 chunks in 107.4s
Progress: 7.9 tokens/sec, est. 9.9s audio generated, 864 tokens, 117 chunks in 109.4s
Audio generation rate: 1.03 chunks/second
Token generation complete: 878 tokens in 115.51s (7.6 tokens/sec)
Generated 119 audio segments
Generated 10.15 seconds of audio in 115.52 seconds
Realtime factor: 0.09x
Warning: Generation is slower than realtime
Total speech generation completed in 115.52 seconds
INFO:     127.0.0.1:64388 - "POST /v1/audio/speech HTTP/1.1" 200 OK
Starting speech generation for 'I don't understand what you mean by 'huh'.'
Using voice: tara, GPU acceleration: Yes
Generating speech for: <|audio|>tara: I don't understand what you mean by 'huh'.<|eot_id|>
Token processing rate: 0.1 tokens/second
Progress: 10.3 tokens/sec, est. 0.0s audio generated, 21 tokens, 0 chunks in 2.0s
Processing buffer with 28 tokens, total collected: 28
Audio generation rate: 0.12 chunks/second
Progress: 9.7 tokens/sec, est. 0.1s audio generated, 40 tokens, 1 chunks in 4.1s
Progress: 9.5 tokens/sec, est. 0.3s audio generated, 59 tokens, 3 chunks in 6.2s
Token processing rate: 3.8 tokens/second
Audio generation rate: 0.33 chunks/second
Processing buffer with 28 tokens, total collected: 56
Progress: 9.4 tokens/sec, est. 0.4s audio generated, 78 tokens, 5 chunks in 8.3s
Progress: 9.3 tokens/sec, est. 0.7s audio generated, 96 tokens, 8 chunks in 10.3s
Processing buffer with 28 tokens, total collected: 84
Audio generation rate: 0.58 chunks/second
Token processing rate: 5.4 tokens/second
Progress: 9.2 tokens/sec, est. 1.0s audio generated, 114 tokens, 12 chunks in 12.4s
Processing buffer with 28 tokens, total collected: 112
Audio generation rate: 0.68 chunks/second
Progress: 9.2 tokens/sec, est. 1.2s audio generated, 132 tokens, 14 chunks in 14.4s
Processing buffer with 28 tokens, total collected: 140
Progress: 9.1 tokens/sec, est. 1.4s audio generated, 150 tokens, 17 chunks in 16.4s
Token processing rate: 6.2 tokens/second
Audio generation rate: 0.79 chunks/second
Progress: 9.1 tokens/sec, est. 1.5s audio generated, 168 tokens, 18 chunks in 18.5s
Progress: 9.0 tokens/sec, est. 1.7s audio generated, 186 tokens, 20 chunks in 20.6s
Processing buffer with 28 tokens, total collected: 168
Audio generation rate: 0.79 chunks/second
Progress: 9.0 tokens/sec, est. 2.0s audio generated, 204 tokens, 23 chunks in 22.7s
Token processing rate: 6.5 tokens/second
Processing buffer with 28 tokens, total collected: 196
Progress: 8.8 tokens/sec, est. 2.1s audio generated, 218 tokens, 25 chunks in 24.9s
Audio generation rate: 0.84 chunks/second
Token generation complete: 239 tokens in 31.76s (7.5 tokens/sec)
Generated 26 audio segments
Generated 2.22 seconds of audio in 31.76 seconds
Realtime factor: 0.07x
Warning: Generation is slower than realtime
Total speech generation completed in 31.76 seconds
INFO:     127.0.0.1:57496 - "POST /v1/audio/speech HTTP/1.1" 200 OK
Starting speech generation for 'Huh? I'm here and ready to help. What can I do for...'
Using voice: tara, GPU acceleration: Yes
Generating speech for: <|audio|>tara: Huh? I'm here and ready to help. What can I do for you?<|eot_id|>
Token processing rate: 0.1 tokens/second
Progress: 10.3 tokens/sec, est. 0.0s audio generated, 21 tokens, 0 chunks in 2.0s
Processing buffer with 28 tokens, total collected: 28
Audio generation rate: 0.11 chunks/second
Progress: 9.7 tokens/sec, est. 0.1s audio generated, 40 tokens, 1 chunks in 4.1s
Progress: 9.5 tokens/sec, est. 0.3s audio generated, 59 tokens, 3 chunks in 6.2s
Token processing rate: 3.5 tokens/second
Audio generation rate: 0.31 chunks/second
Processing buffer with 28 tokens, total collected: 56
Progress: 9.4 tokens/sec, est. 0.4s audio generated, 77 tokens, 5 chunks in 8.2s
Progress: 9.3 tokens/sec, est. 0.7s audio generated, 96 tokens, 8 chunks in 10.3s
Processing buffer with 28 tokens, total collected: 84
Audio generation rate: 0.54 chunks/second
Token processing rate: 5.1 tokens/second
Progress: 9.2 tokens/sec, est. 1.0s audio generated, 114 tokens, 12 chunks in 12.3s
Processing buffer with 28 tokens, total collected: 112
Audio generation rate: 0.64 chunks/second
Progress: 9.2 tokens/sec, est. 1.1s audio generated, 132 tokens, 13 chunks in 14.4s
Progress: 9.1 tokens/sec, est. 1.3s audio generated, 150 tokens, 15 chunks in 16.4s
Token processing rate: 5.6 tokens/second
Processing buffer with 28 tokens, total collected: 140
Progress: 9.1 tokens/sec, est. 1.3s audio generated, 168 tokens, 15 chunks in 18.5s
Progress: 9.1 tokens/sec, est. 1.3s audio generated, 186 tokens, 15 chunks in 20.5s
Audio generation rate: 0.58 chunks/second
Processing buffer with 28 tokens, total collected: 168
Progress: 9.0 tokens/sec, est. 1.5s audio generated, 204 tokens, 18 chunks in 22.6s
Token processing rate: 6.0 tokens/second
Progress: 9.0 tokens/sec, est. 1.7s audio generated, 222 tokens, 20 chunks in 24.7s
Processing buffer with 28 tokens, total collected: 196
Audio generation rate: 0.67 chunks/second
Progress: 8.9 tokens/sec, est. 1.9s audio generated, 239 tokens, 22 chunks in 26.7s
Token processing rate: 6.4 tokens/second
Processing buffer with 28 tokens, total collected: 224
Audio generation rate: 0.71 chunks/second
Progress: 8.9 tokens/sec, est. 2.2s audio generated, 256 tokens, 26 chunks in 28.7s
Processing buffer with 28 tokens, total collected: 252
Progress: 8.9 tokens/sec, est. 2.5s audio generated, 274 tokens, 29 chunks in 30.8s
Audio generation rate: 0.77 chunks/second
Progress: 8.8 tokens/sec, est. 2.6s audio generated, 289 tokens, 31 chunks in 32.9s
Token processing rate: 6.6 tokens/second
Processing buffer with 28 tokens, total collected: 280
Progress: 8.8 tokens/sec, est. 2.9s audio generated, 306 tokens, 34 chunks in 34.9s
Audio generation rate: 0.82 chunks/second
Progress: 8.7 tokens/sec, est. 3.1s audio generated, 323 tokens, 36 chunks in 37.0s
Processing buffer with 28 tokens, total collected: 308
Progress: 8.7 tokens/sec, est. 3.2s audio generated, 339 tokens, 38 chunks in 39.0s
Token processing rate: 6.8 tokens/second
Audio generation rate: 0.83 chunks/second
Token generation complete: 357 tokens in 47.08s (7.6 tokens/sec)
Generated 39 audio segments
Generated 3.33 seconds of audio in 47.08 seconds
Realtime factor: 0.07x
Warning: Generation is slower than realtime
Total speech generation completed in 47.08 seconds
INFO:     127.0.0.1:57395 - "POST /v1/audio/speech HTTP/1.1" 200 OK
Starting speech generation for 'Huh? That doesn't seem like much of a request.'
Using voice: tara, GPU acceleration: Yes
Generating speech for: <|audio|>tara: Huh? That doesn't seem like much of a request.<|eot_id|>
Token processing rate: 0.1 tokens/second
Progress: 10.2 tokens/sec, est. 0.0s audio generated, 21 tokens, 0 chunks in 2.1s
Processing buffer with 28 tokens, total collected: 28
Audio generation rate: 0.11 chunks/second
Progress: 8.8 tokens/sec, est. 0.1s audio generated, 36 tokens, 1 chunks in 4.1s
Progress: 8.3 tokens/sec, est. 0.3s audio generated, 51 tokens, 3 chunks in 6.2s
Token processing rate: 3.3 tokens/second
Audio generation rate: 0.29 chunks/second
Processing buffer with 28 tokens, total collected: 56
Progress: 8.0 tokens/sec, est. 0.4s audio generated, 66 tokens, 5 chunks in 8.3s
Progress: 7.8 tokens/sec, est. 0.7s audio generated, 81 tokens, 8 chunks in 10.3s
Processing buffer with 28 tokens, total collected: 84
Audio generation rate: 0.50 chunks/second
Progress: 8.0 tokens/sec, est. 0.9s audio generated, 99 tokens, 10 chunks in 12.3s
Token processing rate: 4.8 tokens/second
Progress: 8.1 tokens/sec, est. 1.0s audio generated, 117 tokens, 12 chunks in 14.4s
Processing buffer with 28 tokens, total collected: 112
Audio generation rate: 0.60 chunks/second
Progress: 8.2 tokens/sec, est. 1.2s audio generated, 135 tokens, 14 chunks in 16.4s
Processing buffer with 28 tokens, total collected: 140
Progress: 8.3 tokens/sec, est. 1.4s audio generated, 153 tokens, 17 chunks in 18.4s
Token processing rate: 5.7 tokens/second
Audio generation rate: 0.72 chunks/second
Progress: 8.4 tokens/sec, est. 1.6s audio generated, 171 tokens, 19 chunks in 20.5s
Processing buffer with 28 tokens, total collected: 168
Progress: 8.4 tokens/sec, est. 1.8s audio generated, 189 tokens, 21 chunks in 22.5s
Audio generation rate: 0.76 chunks/second
Progress: 8.4 tokens/sec, est. 2.0s audio generated, 207 tokens, 24 chunks in 24.6s
Token processing rate: 6.2 tokens/second
Processing buffer with 28 tokens, total collected: 196
Progress: 8.3 tokens/sec, est. 2.2s audio generated, 220 tokens, 26 chunks in 26.6s
Audio generation rate: 0.81 chunks/second
Progress: 8.1 tokens/sec, est. 2.4s audio generated, 231 tokens, 28 chunks in 28.7s
Token processing rate: 6.1 tokens/second
Processing buffer with 28 tokens, total collected: 224
Progress: 7.9 tokens/sec, est. 2.6s audio generated, 242 tokens, 30 chunks in 30.7s
Audio generation rate: 0.81 chunks/second
Processing buffer with 28 tokens, total collected: 252
Progress: 7.8 tokens/sec, est. 2.8s audio generated, 258 tokens, 33 chunks in 32.9s
Progress: 7.7 tokens/sec, est. 2.8s audio generated, 269 tokens, 33 chunks in 34.9s
Progress: 7.7 tokens/sec, est. 3.0s audio generated, 286 tokens, 35 chunks in 36.9s
Token processing rate: 6.3 tokens/second
Audio generation rate: 0.84 chunks/second
Processing buffer with 28 tokens, total collected: 280
Progress: 7.7 tokens/sec, est. 3.1s audio generated, 299 tokens, 37 chunks in 39.0s
Audio generation rate: 0.85 chunks/second
Progress: 7.5 tokens/sec, est. 3.4s audio generated, 308 tokens, 40 chunks in 41.2s
Progress: 7.2 tokens/sec, est. 3.4s audio generated, 312 tokens, 40 chunks in 43.6s
Progress: 6.6 tokens/sec, est. 3.4s audio generated, 315 tokens, 40 chunks in 47.9s
Token processing rate: 5.5 tokens/second
Processing buffer with 28 tokens, total collected: 308
Audio generation rate: 0.75 chunks/second
Progress: 6.4 tokens/sec, est. 3.5s audio generated, 324 tokens, 41 chunks in 50.3s
Token generation complete: 333 tokens in 58.20s (5.7 tokens/sec)
Generated 41 audio segments
Generated 3.50 seconds of audio in 58.20 seconds
Realtime factor: 0.06x
Warning: Generation is slower than realtime
Total speech generation completed in 58.20 seconds
INFO:     127.0.0.1:56443 - "POST /v1/audio/speech HTTP/1.1" 200 OK
Starting speech generation for 'I'm sorry, I don't understand. Can you please reph...'
Using voice: tara, GPU acceleration: Yes
Generating speech for: <|audio|>tara: I'm sorry, I don't understand. Can you please rephrase your question? Note that as a router tool, I can only use the listed tools if needed.<|eot_id|>
Token processing rate: 0.1 tokens/second
Progress: 10.2 tokens/sec, est. 0.0s audio generated, 21 tokens, 0 chunks in 2.1s
Processing buffer with 28 tokens, total collected: 28
Audio generation rate: 0.09 chunks/second
Progress: 9.7 tokens/sec, est. 0.1s audio generated, 40 tokens, 1 chunks in 4.1s
Progress: 9.5 tokens/sec, est. 0.3s audio generated, 59 tokens, 3 chunks in 6.2s
Token processing rate: 3.1 tokens/second
Audio generation rate: 0.27 chunks/second
Processing buffer with 28 tokens, total collected: 56
Progress: 9.4 tokens/sec, est. 0.4s audio generated, 78 tokens, 5 chunks in 8.3s
Progress: 9.3 tokens/sec, est. 0.7s audio generated, 96 tokens, 8 chunks in 10.3s
Processing buffer with 28 tokens, total collected: 84
Audio generation rate: 0.49 chunks/second
Token processing rate: 4.7 tokens/second
Progress: 9.2 tokens/sec, est. 1.0s audio generated, 114 tokens, 12 chunks in 12.4s
Processing buffer with 28 tokens, total collected: 112
Audio generation rate: 0.58 chunks/second
Progress: 9.0 tokens/sec, est. 1.2s audio generated, 129 tokens, 14 chunks in 14.4s
Progress: 8.7 tokens/sec, est. 1.2s audio generated, 144 tokens, 14 chunks in 16.5s
Processing buffer with 28 tokens, total collected: 140
Token processing rate: 5.4 tokens/second
Audio generation rate: 0.68 chunks/second
Progress: 8.7 tokens/sec, est. 1.6s audio generated, 161 tokens, 19 chunks in 18.5s
Processing buffer with 28 tokens, total collected: 168
Progress: 8.7 tokens/sec, est. 1.8s audio generated, 179 tokens, 21 chunks in 20.6s
Audio generation rate: 0.73 chunks/second
Progress: 8.7 tokens/sec, est. 2.0s audio generated, 197 tokens, 24 chunks in 22.7s
Token processing rate: 5.9 tokens/second
Processing buffer with 28 tokens, total collected: 196
Progress: 8.7 tokens/sec, est. 2.2s audio generated, 215 tokens, 26 chunks in 24.8s
Audio generation rate: 0.80 chunks/second
Progress: 8.7 tokens/sec, est. 2.4s audio generated, 232 tokens, 28 chunks in 26.8s
Processing buffer with 28 tokens, total collected: 224
Progress: 8.6 tokens/sec, est. 2.6s audio generated, 250 tokens, 30 chunks in 28.9s
Token processing rate: 6.3 tokens/second
Audio generation rate: 0.82 chunks/second
Processing buffer with 28 tokens, total collected: 252
Progress: 8.6 tokens/sec, est. 2.8s audio generated, 267 tokens, 33 chunks in 30.9s
Progress: 8.6 tokens/sec, est. 3.0s audio generated, 284 tokens, 35 chunks in 33.0s
Audio generation rate: 0.87 chunks/second
Processing buffer with 28 tokens, total collected: 280
Progress: 8.6 tokens/sec, est. 3.1s audio generated, 301 tokens, 37 chunks in 35.0s
Token processing rate: 6.6 tokens/second
Progress: 8.6 tokens/sec, est. 3.4s audio generated, 318 tokens, 40 chunks in 37.0s
Processing buffer with 28 tokens, total collected: 308
Audio generation rate: 0.90 chunks/second
Progress: 8.6 tokens/sec, est. 3.6s audio generated, 335 tokens, 42 chunks in 39.1s
Progress: 8.5 tokens/sec, est. 3.7s audio generated, 352 tokens, 44 chunks in 41.2s
Token processing rate: 6.8 tokens/second
Processing buffer with 28 tokens, total collected: 336
Audio generation rate: 0.91 chunks/second
Processing buffer with 28 tokens, total collected: 364
Progress: 8.5 tokens/sec, est. 4.2s audio generated, 369 tokens, 49 chunks in 43.3s
Audio generation rate: 0.94 chunks/second
Progress: 8.5 tokens/sec, est. 4.3s audio generated, 386 tokens, 51 chunks in 45.3s
Token processing rate: 6.9 tokens/second
Processing buffer with 28 tokens, total collected: 392
Progress: 8.5 tokens/sec, est. 4.5s audio generated, 403 tokens, 53 chunks in 47.5s
Audio generation rate: 0.95 chunks/second
Progress: 8.5 tokens/sec, est. 4.8s audio generated, 420 tokens, 56 chunks in 49.6s
Processing buffer with 28 tokens, total collected: 420
Progress: 8.5 tokens/sec, est. 4.9s audio generated, 436 tokens, 58 chunks in 51.6s
Token processing rate: 7.0 tokens/second
Audio generation rate: 0.97 chunks/second
Progress: 8.4 tokens/sec, est. 5.1s audio generated, 452 tokens, 60 chunks in 53.6s
Processing buffer with 28 tokens, total collected: 448
Progress: 8.4 tokens/sec, est. 5.3s audio generated, 468 tokens, 62 chunks in 55.6s
Audio generation rate: 0.97 chunks/second
Processing buffer with 28 tokens, total collected: 476
Progress: 8.4 tokens/sec, est. 5.5s audio generated, 483 tokens, 65 chunks in 57.6s
Token processing rate: 7.1 tokens/second
Progress: 8.4 tokens/sec, est. 5.7s audio generated, 499 tokens, 67 chunks in 59.7s
Audio generation rate: 0.98 chunks/second
Processing buffer with 28 tokens, total collected: 504
Progress: 8.3 tokens/sec, est. 5.9s audio generated, 515 tokens, 69 chunks in 61.7s
Progress: 8.3 tokens/sec, est. 6.1s audio generated, 531 tokens, 72 chunks in 63.8s
Token processing rate: 7.2 tokens/second
Processing buffer with 28 tokens, total collected: 532
Audio generation rate: 0.99 chunks/second
Progress: 8.3 tokens/sec, est. 6.3s audio generated, 547 tokens, 74 chunks in 65.9s
Progress: 8.3 tokens/sec, est. 6.5s audio generated, 563 tokens, 76 chunks in 68.0s
Processing buffer with 28 tokens, total collected: 560
Audio generation rate: 0.99 chunks/second
Progress: 8.3 tokens/sec, est. 6.6s audio generated, 579 tokens, 78 chunks in 70.1s
Token processing rate: 7.2 tokens/second
Processing buffer with 28 tokens, total collected: 588
Progress: 8.2 tokens/sec, est. 6.9s audio generated, 594 tokens, 81 chunks in 72.1s
Audio generation rate: 1.00 chunks/second
Progress: 8.2 tokens/sec, est. 7.1s audio generated, 610 tokens, 83 chunks in 74.2s
Processing buffer with 28 tokens, total collected: 616
Progress: 8.2 tokens/sec, est. 7.2s audio generated, 625 tokens, 85 chunks in 76.2s
Progress: 8.2 tokens/sec, est. 7.2s audio generated, 640 tokens, 85 chunks in 78.2s
Token processing rate: 7.2 tokens/second
Audio generation rate: 1.00 chunks/second
Progress: 8.2 tokens/sec, est. 7.5s audio generated, 656 tokens, 88 chunks in 80.3s
Processing buffer with 28 tokens, total collected: 644
Progress: 8.2 tokens/sec, est. 7.7s audio generated, 671 tokens, 90 chunks in 82.3s
Audio generation rate: 1.01 chunks/second
Progress: 8.1 tokens/sec, est. 7.8s audio generated, 686 tokens, 92 chunks in 84.3s
Token processing rate: 7.2 tokens/second
Processing buffer with 28 tokens, total collected: 672
Progress: 8.1 tokens/sec, est. 8.0s audio generated, 701 tokens, 94 chunks in 86.4s
Audio generation rate: 1.00 chunks/second
Processing buffer with 28 tokens, total collected: 700
Progress: 8.1 tokens/sec, est. 8.2s audio generated, 716 tokens, 97 chunks in 88.4s
Progress: 8.1 tokens/sec, est. 8.4s audio generated, 731 tokens, 99 chunks in 90.5s
Token processing rate: 7.2 tokens/second
Audio generation rate: 1.01 chunks/second
Processing buffer with 28 tokens, total collected: 728
Progress: 8.1 tokens/sec, est. 8.6s audio generated, 746 tokens, 101 chunks in 92.5s
Progress: 8.0 tokens/sec, est. 8.8s audio generated, 761 tokens, 104 chunks in 94.6s
Processing buffer with 28 tokens, total collected: 756
Audio generation rate: 1.01 chunks/second
Progress: 8.0 tokens/sec, est. 9.0s audio generated, 775 tokens, 106 chunks in 96.6s
Token processing rate: 7.2 tokens/second
Progress: 8.0 tokens/sec, est. 9.2s audio generated, 790 tokens, 108 chunks in 98.7s
Processing buffer with 28 tokens, total collected: 784
Audio generation rate: 1.01 chunks/second
Progress: 8.0 tokens/sec, est. 9.4s audio generated, 805 tokens, 110 chunks in 100.8s
Processing buffer with 28 tokens, total collected: 812
Progress: 8.0 tokens/sec, est. 9.6s audio generated, 820 tokens, 113 chunks in 102.9s
Progress: 7.9 tokens/sec, est. 9.6s audio generated, 832 tokens, 113 chunks in 105.0s
Token processing rate: 7.2 tokens/second
Audio generation rate: 1.01 chunks/second
Progress: 7.9 tokens/sec, est. 9.8s audio generated, 844 tokens, 115 chunks in 107.1s
Processing buffer with 28 tokens, total collected: 840
Progress: 7.9 tokens/sec, est. 9.9s audio generated, 857 tokens, 117 chunks in 109.1s
Token processing rate: 7.2 tokens/second
Audio generation rate: 1.00 chunks/second
Progress: 7.8 tokens/sec, est. 10.2s audio generated, 871 tokens, 120 chunks in 111.1s
Processing buffer with 28 tokens, total collected: 868
Progress: 7.8 tokens/sec, est. 10.4s audio generated, 885 tokens, 122 chunks in 113.1s
Audio generation rate: 1.00 chunks/second
Progress: 7.8 tokens/sec, est. 10.5s audio generated, 899 tokens, 124 chunks in 115.1s
Token processing rate: 7.2 tokens/second
Processing buffer with 28 tokens, total collected: 896
Progress: 7.8 tokens/sec, est. 10.7s audio generated, 913 tokens, 126 chunks in 117.2s
Progress: 7.8 tokens/sec, est. 10.7s audio generated, 927 tokens, 126 chunks in 119.3s
Audio generation rate: 1.00 chunks/second
Processing buffer with 28 tokens, total collected: 924
Progress: 7.7 tokens/sec, est. 11.0s audio generated, 939 tokens, 129 chunks in 121.4s
Token generation complete: 957 tokens in 131.27s (7.3 tokens/sec)
Generated 129 audio segments
Generated 11.01 seconds of audio in 131.27 seconds
Realtime factor: 0.08x
Warning: Generation is slower than realtime
Total speech generation completed in 131.27 seconds
Starting speech generation for 'Hmm, that's unclear. What did you mean?'
Using voice: tara, GPU acceleration: Yes
Generating speech for: <|audio|>tara: Hmm, that's unclear. What did you mean?<|eot_id|>
Token processing rate: 0.1 tokens/second
Progress: 10.2 tokens/sec, est. 0.0s audio generated, 21 tokens, 0 chunks in 2.1s
Processing buffer with 28 tokens, total collected: 28
Audio generation rate: 0.11 chunks/second
Progress: 9.7 tokens/sec, est. 0.1s audio generated, 40 tokens, 1 chunks in 4.1s
Progress: 9.6 tokens/sec, est. 0.3s audio generated, 59 tokens, 3 chunks in 6.2s
Token processing rate: 3.6 tokens/second
Audio generation rate: 0.31 chunks/second
Processing buffer with 28 tokens, total collected: 56
Progress: 9.4 tokens/sec, est. 0.4s audio generated, 78 tokens, 5 chunks in 8.3s
Processing buffer with 28 tokens, total collected: 84
Progress: 9.3 tokens/sec, est. 0.8s audio generated, 96 tokens, 9 chunks in 10.3s
Audio generation rate: 0.55 chunks/second
Token processing rate: 5.2 tokens/second
Progress: 9.3 tokens/sec, est. 1.0s audio generated, 115 tokens, 12 chunks in 12.4s
Processing buffer with 28 tokens, total collected: 112
Audio generation rate: 0.65 chunks/second
Progress: 9.2 tokens/sec, est. 1.2s audio generated, 133 tokens, 14 chunks in 14.4s
Processing buffer with 28 tokens, total collected: 140
Progress: 9.2 tokens/sec, est. 1.4s audio generated, 151 tokens, 17 chunks in 16.4s
Token processing rate: 6.0 tokens/second
Audio generation rate: 0.76 chunks/second
Progress: 9.1 tokens/sec, est. 1.6s audio generated, 169 tokens, 19 chunks in 18.5s
Processing buffer with 28 tokens, total collected: 168
Progress: 9.1 tokens/sec, est. 1.8s audio generated, 187 tokens, 21 chunks in 20.5s
Audio generation rate: 0.81 chunks/second
Progress: 9.1 tokens/sec, est. 2.0s audio generated, 205 tokens, 24 chunks in 22.6s
Token processing rate: 6.5 tokens/second
Processing buffer with 28 tokens, total collected: 196
Progress: 9.0 tokens/sec, est. 2.2s audio generated, 223 tokens, 26 chunks in 24.7s
Audio generation rate: 0.87 chunks/second
Progress: 9.0 tokens/sec, est. 2.4s audio generated, 240 tokens, 28 chunks in 26.8s
Processing buffer with 28 tokens, total collected: 224
Progress: 8.8 tokens/sec, est. 2.6s audio generated, 254 tokens, 30 chunks in 28.8s
Token processing rate: 6.7 tokens/second
Audio generation rate: 0.88 chunks/second
Processing buffer with 28 tokens, total collected: 252
Progress: 8.7 tokens/sec, est. 2.8s audio generated, 269 tokens, 33 chunks in 30.9s
Progress: 8.6 tokens/sec, est. 3.0s audio generated, 284 tokens, 35 chunks in 32.9s
Token generation complete: 290 tokens in 39.23s (7.4 tokens/sec)
Generated 35 audio segments
Generated 2.99 seconds of audio in 39.24 seconds
Realtime factor: 0.08x
Warning: Generation is slower than realtime
Total speech generation completed in 39.24 seconds
INFO:     127.0.0.1:63925 - "POST /v1/audio/speech HTTP/1.1" 200 OK
Starting speech generation for 'I'm not sure I understand. Could you clarify your ...'
Using voice: tara, GPU acceleration: Yes
Generating speech for: <|audio|>tara: I'm not sure I understand. Could you clarify your request?<|eot_id|>
Progress: 3.5 tokens/sec, est. 0.0s audio generated, 8 tokens, 0 chunks in 2.3s
Progress: 3.0 tokens/sec, est. 0.0s audio generated, 14 tokens, 0 chunks in 4.7s
Token processing rate: 0.1 tokens/second
Progress: 2.9 tokens/sec, est. 0.0s audio generated, 20 tokens, 0 chunks in 6.9s
Progress: 2.9 tokens/sec, est. 0.0s audio generated, 26 tokens, 0 chunks in 9.0s
Progress: 2.9 tokens/sec, est. 0.0s audio generated, 32 tokens, 0 chunks in 11.1s
Token processing rate: 0.6 tokens/second
Processing buffer with 28 tokens, total collected: 28
Audio generation rate: 0.04 chunks/second
Progress: 2.8 tokens/sec, est. 0.1s audio generated, 38 tokens, 1 chunks in 13.4s
Progress: 2.8 tokens/sec, est. 0.1s audio generated, 44 tokens, 1 chunks in 15.7s
Token processing rate: 1.0 tokens/second
Audio generation rate: 0.07 chunks/second
Progress: 2.8 tokens/sec, est. 0.3s audio generated, 49 tokens, 3 chunks in 17.7s
Progress: 2.8 tokens/sec, est. 0.3s audio generated, 55 tokens, 3 chunks in 19.9s
Progress: 2.7 tokens/sec, est. 0.3s audio generated, 61 tokens, 3 chunks in 22.3s
Token processing rate: 1.3 tokens/second
Audio generation rate: 0.11 chunks/second
Processing buffer with 28 tokens, total collected: 56
Progress: 2.8 tokens/sec, est. 0.4s audio generated, 68 tokens, 5 chunks in 24.4s
Progress: 3.2 tokens/sec, est. 0.7s audio generated, 85 tokens, 8 chunks in 26.4s
Processing buffer with 28 tokens, total collected: 84
Audio generation rate: 0.23 chunks/second
Progress: 3.6 tokens/sec, est. 0.9s audio generated, 103 tokens, 10 chunks in 28.5s
Token processing rate: 2.2 tokens/second
Progress: 3.9 tokens/sec, est. 1.0s audio generated, 120 tokens, 12 chunks in 30.6s
Processing buffer with 28 tokens, total collected: 112
Audio generation rate: 0.30 chunks/second
Progress: 4.2 tokens/sec, est. 1.2s audio generated, 137 tokens, 14 chunks in 32.6s
Processing buffer with 28 tokens, total collected: 140
Progress: 4.4 tokens/sec, est. 1.4s audio generated, 154 tokens, 17 chunks in 34.7s
Token processing rate: 3.0 tokens/second
Audio generation rate: 0.38 chunks/second
Progress: 4.7 tokens/sec, est. 1.6s audio generated, 171 tokens, 19 chunks in 36.8s
Processing buffer with 28 tokens, total collected: 168
Progress: 4.8 tokens/sec, est. 1.8s audio generated, 187 tokens, 21 chunks in 38.8s
Audio generation rate: 0.43 chunks/second
Progress: 5.0 tokens/sec, est. 2.0s audio generated, 204 tokens, 24 chunks in 40.9s
Token processing rate: 3.5 tokens/second
Processing buffer with 28 tokens, total collected: 196
Progress: 5.1 tokens/sec, est. 2.2s audio generated, 220 tokens, 26 chunks in 42.9s
Audio generation rate: 0.49 chunks/second
Progress: 5.3 tokens/sec, est. 2.4s audio generated, 237 tokens, 28 chunks in 45.0s
Processing buffer with 28 tokens, total collected: 224
Progress: 5.4 tokens/sec, est. 2.6s audio generated, 253 tokens, 30 chunks in 47.1s
Token processing rate: 4.0 tokens/second
Audio generation rate: 0.52 chunks/second
Processing buffer with 28 tokens, total collected: 252
Progress: 5.5 tokens/sec, est. 2.8s audio generated, 269 tokens, 33 chunks in 49.1s
Progress: 5.4 tokens/sec, est. 3.0s audio generated, 277 tokens, 35 chunks in 51.3s
Progress: 5.3 tokens/sec, est. 3.0s audio generated, 282 tokens, 35 chunks in 53.7s
Progress: 5.1 tokens/sec, est. 3.0s audio generated, 287 tokens, 35 chunks in 56.0s
Token processing rate: 3.9 tokens/second
Audio generation rate: 0.52 chunks/second
Processing buffer with 28 tokens, total collected: 280
Progress: 5.0 tokens/sec, est. 3.1s audio generated, 292 tokens, 37 chunks in 58.3s
Progress: 4.9 tokens/sec, est. 3.1s audio generated, 295 tokens, 37 chunks in 60.5s
Progress: 4.8 tokens/sec, est. 3.1s audio generated, 300 tokens, 37 chunks in 62.5s
Token processing rate: 3.8 tokens/second
Audio generation rate: 0.50 chunks/second
Progress: 4.7 tokens/sec, est. 3.4s audio generated, 306 tokens, 40 chunks in 64.7s
Progress: 4.7 tokens/sec, est. 3.4s audio generated, 315 tokens, 40 chunks in 66.7s
Processing buffer with 28 tokens, total collected: 308
Audio generation rate: 0.51 chunks/second
Progress: 4.7 tokens/sec, est. 3.6s audio generated, 324 tokens, 42 chunks in 68.9s
Progress: 4.7 tokens/sec, est. 3.6s audio generated, 333 tokens, 42 chunks in 71.0s
Token processing rate: 3.8 tokens/second
Audio generation rate: 0.51 chunks/second
Progress: 4.7 tokens/sec, est. 3.7s audio generated, 342 tokens, 44 chunks in 73.1s
Progress: 4.6 tokens/sec, est. 3.7s audio generated, 350 tokens, 44 chunks in 75.3s
Processing buffer with 28 tokens, total collected: 336
Audio generation rate: 0.51 chunks/second
Progress: 4.6 tokens/sec, est. 3.9s audio generated, 359 tokens, 46 chunks in 77.4s
Progress: 4.6 tokens/sec, est. 3.9s audio generated, 365 tokens, 46 chunks in 79.6s
Token processing rate: 3.7 tokens/second
Audio generation rate: 0.50 chunks/second
Processing buffer with 28 tokens, total collected: 364
Progress: 4.5 tokens/sec, est. 4.2s audio generated, 369 tokens, 49 chunks in 81.9s
Progress: 4.4 tokens/sec, est. 4.2s audio generated, 373 tokens, 49 chunks in 84.0s
Progress: 4.4 tokens/sec, est. 4.2s audio generated, 377 tokens, 49 chunks in 86.1s
Progress: 4.3 tokens/sec, est. 4.2s audio generated, 381 tokens, 49 chunks in 88.3s
Token processing rate: 3.6 tokens/second
Audio generation rate: 0.49 chunks/second
Progress: 4.3 tokens/sec, est. 4.3s audio generated, 385 tokens, 51 chunks in 90.3s
Progress: 4.2 tokens/sec, est. 4.3s audio generated, 390 tokens, 51 chunks in 93.0s
Progress: 4.1 tokens/sec, est. 4.3s audio generated, 394 tokens, 51 chunks in 95.1s
Progress: 4.1 tokens/sec, est. 4.3s audio generated, 397 tokens, 51 chunks in 97.1s
Progress: 3.9 tokens/sec, est. 4.3s audio generated, 399 tokens, 51 chunks in 101.1s
Token processing rate: 3.4 tokens/second
Audio generation rate: 0.46 chunks/second
Processing buffer with 28 tokens, total collected: 392
Progress: 3.9 tokens/sec, est. 4.5s audio generated, 406 tokens, 53 chunks in 103.2s
Progress: 3.9 tokens/sec, est. 4.5s audio generated, 412 tokens, 53 chunks in 105.6s
Progress: 3.9 tokens/sec, est. 4.5s audio generated, 415 tokens, 53 chunks in 107.7s
Token generation complete: 422 tokens in 120.46s (3.5 tokens/sec)
Generated 53 audio segments
Generated 4.52 seconds of audio in 120.47 seconds
Realtime factor: 0.04x
Warning: Generation is slower than realtime
Total speech generation completed in 120.47 seconds
Starting speech generation for 'Huh? I'm listening. What can I do for you, sir?'
Using voice: tara, GPU acceleration: Yes
Generating speech for: <|audio|>tara: Huh? I'm listening. What can I do for you, sir?<|eot_id|>
Progress: 8.8 tokens/sec, est. 0.0s audio generated, 18 tokens, 0 chunks in 2.1s
Progress: 7.1 tokens/sec, est. 0.0s audio generated, 29 tokens, 0 chunks in 4.1s
Token processing rate: 2.6 tokens/second
Processing buffer with 28 tokens, total collected: 28
Audio generation rate: 0.18 chunks/second
Progress: 6.6 tokens/sec, est. 0.1s audio generated, 41 tokens, 1 chunks in 6.2s
Progress: 6.6 tokens/sec, est. 0.3s audio generated, 55 tokens, 3 chunks in 8.4s
Token processing rate: 4.2 tokens/second
Audio generation rate: 0.36 chunks/second
Processing buffer with 28 tokens, total collected: 56
Progress: 6.1 tokens/sec, est. 0.4s audio generated, 65 tokens, 5 chunks in 10.6s
Progress: 6.5 tokens/sec, est. 0.7s audio generated, 83 tokens, 8 chunks in 12.7s
Processing buffer with 28 tokens, total collected: 84
Audio generation rate: 0.58 chunks/second
Progress: 6.5 tokens/sec, est. 0.9s audio generated, 96 tokens, 10 chunks in 14.8s
Progress: 6.4 tokens/sec, est. 0.9s audio generated, 108 tokens, 10 chunks in 16.8s
Token processing rate: 4.9 tokens/second
Audio generation rate: 0.57 chunks/second
Progress: 6.0 tokens/sec, est. 1.0s audio generated, 113 tokens, 12 chunks in 18.9s
Progress: 5.5 tokens/sec, est. 1.0s audio generated, 118 tokens, 12 chunks in 21.5s
Progress: 5.2 tokens/sec, est. 1.0s audio generated, 123 tokens, 12 chunks in 23.7s
Progress: 4.9 tokens/sec, est. 1.0s audio generated, 128 tokens, 12 chunks in 26.1s
Token processing rate: 4.1 tokens/second
Processing buffer with 28 tokens, total collected: 112
Audio generation rate: 0.48 chunks/second
Progress: 4.7 tokens/sec, est. 1.2s audio generated, 133 tokens, 14 chunks in 28.2s
Progress: 4.5 tokens/sec, est. 1.2s audio generated, 138 tokens, 14 chunks in 30.6s
Progress: 4.4 tokens/sec, est. 1.2s audio generated, 143 tokens, 14 chunks in 32.7s
Token processing rate: 3.7 tokens/second
Audio generation rate: 0.44 chunks/second
Processing buffer with 28 tokens, total collected: 140
Progress: 4.2 tokens/sec, est. 1.4s audio generated, 148 tokens, 17 chunks in 35.0s
Progress: 4.1 tokens/sec, est. 1.4s audio generated, 153 tokens, 17 chunks in 37.4s
Progress: 4.0 tokens/sec, est. 1.4s audio generated, 157 tokens, 17 chunks in 39.4s
Token processing rate: 3.4 tokens/second
Audio generation rate: 0.43 chunks/second
Progress: 3.9 tokens/sec, est. 1.6s audio generated, 161 tokens, 19 chunks in 41.6s
Progress: 3.8 tokens/sec, est. 1.6s audio generated, 166 tokens, 19 chunks in 43.8s
Progress: 3.7 tokens/sec, est. 1.6s audio generated, 171 tokens, 19 chunks in 46.2s
Progress: 3.6 tokens/sec, est. 1.6s audio generated, 176 tokens, 19 chunks in 48.5s
Token processing rate: 3.2 tokens/second
Audio generation rate: 0.41 chunks/second
Processing buffer with 28 tokens, total collected: 168
Progress: 3.6 tokens/sec, est. 1.8s audio generated, 181 tokens, 21 chunks in 50.8s
Progress: 3.5 tokens/sec, est. 1.8s audio generated, 185 tokens, 21 chunks in 52.8s
Progress: 3.4 tokens/sec, est. 1.8s audio generated, 189 tokens, 21 chunks in 54.9s
Token processing rate: 3.0 tokens/second
Audio generation rate: 0.38 chunks/second
Progress: 3.4 tokens/sec, est. 2.0s audio generated, 194 tokens, 24 chunks in 57.3s
Progress: 3.3 tokens/sec, est. 2.0s audio generated, 198 tokens, 24 chunks in 59.3s
Progress: 3.3 tokens/sec, est. 2.0s audio generated, 203 tokens, 24 chunks in 61.5s
Progress: 3.3 tokens/sec, est. 2.0s audio generated, 207 tokens, 24 chunks in 63.6s
Token processing rate: 2.9 tokens/second
Processing buffer with 28 tokens, total collected: 196
Audio generation rate: 0.38 chunks/second
Progress: 3.2 tokens/sec, est. 2.2s audio generated, 212 tokens, 26 chunks in 65.9s
Progress: 3.2 tokens/sec, est. 2.2s audio generated, 217 tokens, 26 chunks in 68.3s
Progress: 3.1 tokens/sec, est. 2.2s audio generated, 222 tokens, 26 chunks in 70.6s
Token processing rate: 2.8 tokens/second
Audio generation rate: 0.37 chunks/second
Progress: 3.1 tokens/sec, est. 2.4s audio generated, 227 tokens, 28 chunks in 73.1s
Progress: 3.1 tokens/sec, est. 2.4s audio generated, 232 tokens, 28 chunks in 75.5s
Progress: 3.0 tokens/sec, est. 2.4s audio generated, 237 tokens, 28 chunks in 78.0s
Token processing rate: 2.8 tokens/second
Processing buffer with 28 tokens, total collected: 224
Audio generation rate: 0.36 chunks/second
Progress: 3.0 tokens/sec, est. 2.6s audio generated, 242 tokens, 30 chunks in 80.1s
Progress: 3.0 tokens/sec, est. 2.6s audio generated, 247 tokens, 30 chunks in 82.8s
Progress: 3.0 tokens/sec, est. 2.6s audio generated, 252 tokens, 30 chunks in 85.1s
Progress: 2.9 tokens/sec, est. 2.6s audio generated, 256 tokens, 30 chunks in 87.4s
Token processing rate: 2.7 tokens/second
Audio generation rate: 0.35 chunks/second
Processing buffer with 28 tokens, total collected: 252
Progress: 2.9 tokens/sec, est. 2.8s audio generated, 260 tokens, 33 chunks in 89.5s
Progress: 2.9 tokens/sec, est. 2.8s audio generated, 264 tokens, 33 chunks in 91.8s
Progress: 2.9 tokens/sec, est. 2.8s audio generated, 269 tokens, 33 chunks in 94.1s
Token processing rate: 2.6 tokens/second
Audio generation rate: 0.35 chunks/second
Progress: 2.8 tokens/sec, est. 3.0s audio generated, 273 tokens, 35 chunks in 96.5s
Progress: 2.8 tokens/sec, est. 3.0s audio generated, 278 tokens, 35 chunks in 98.7s
Progress: 2.8 tokens/sec, est. 3.0s audio generated, 282 tokens, 35 chunks in 101.0s
Progress: 2.8 tokens/sec, est. 3.0s audio generated, 287 tokens, 35 chunks in 103.1s
Token processing rate: 2.6 tokens/second
Audio generation rate: 0.34 chunks/second
Processing buffer with 28 tokens, total collected: 280
Progress: 2.8 tokens/sec, est. 3.1s audio generated, 291 tokens, 37 chunks in 105.3s
Progress: 2.8 tokens/sec, est. 3.1s audio generated, 296 tokens, 37 chunks in 107.6s
Progress: 2.7 tokens/sec, est. 3.1s audio generated, 300 tokens, 37 chunks in 109.8s
Progress: 2.7 tokens/sec, est. 3.1s audio generated, 304 tokens, 37 chunks in 111.9s
Token processing rate: 2.5 tokens/second
Audio generation rate: 0.34 chunks/second
Token generation complete: 304 tokens in 112.76s (2.7 tokens/sec)
Generated 40 audio segments
Generated 3.41 seconds of audio in 112.76 seconds
Realtime factor: 0.03x
Warning: Generation is slower than realtime
Total speech generation completed in 112.76 seconds
INFO:     127.0.0.1:56898 - "POST /v1/audio/speech HTTP/1.1" 200 OK
Starting speech generation for 'I'm not sure I understand. Could you please clarif...'
Using voice: tara, GPU acceleration: Yes
Generating speech for: <|audio|>tara: I'm not sure I understand. Could you please clarify your request?<|eot_id|>
Progress: 6.7 tokens/sec, est. 0.0s audio generated, 14 tokens, 0 chunks in 2.1s
Token processing rate: 0.1 tokens/second
Progress: 7.5 tokens/sec, est. 0.0s audio generated, 31 tokens, 0 chunks in 4.2s
Processing buffer with 28 tokens, total collected: 28
Audio generation rate: 0.06 chunks/second
Progress: 7.7 tokens/sec, est. 0.1s audio generated, 48 tokens, 1 chunks in 6.2s
Token processing rate: 2.3 tokens/second
Progress: 7.8 tokens/sec, est. 0.3s audio generated, 64 tokens, 4 chunks in 8.2s
Audio generation rate: 0.20 chunks/second
Processing buffer with 28 tokens, total collected: 56
Progress: 7.8 tokens/sec, est. 0.5s audio generated, 80 tokens, 6 chunks in 10.2s
Progress: 7.8 tokens/sec, est. 0.7s audio generated, 96 tokens, 8 chunks in 12.3s
Processing buffer with 28 tokens, total collected: 84
Audio generation rate: 0.38 chunks/second
Token processing rate: 3.7 tokens/second
Progress: 7.9 tokens/sec, est. 1.0s audio generated, 113 tokens, 12 chunks in 14.3s
Progress: 7.6 tokens/sec, est. 1.0s audio generated, 124 tokens, 12 chunks in 16.3s
Processing buffer with 28 tokens, total collected: 112
Audio generation rate: 0.46 chunks/second
Progress: 7.5 tokens/sec, est. 1.2s audio generated, 138 tokens, 14 chunks in 18.4s
Processing buffer with 28 tokens, total collected: 140
Progress: 7.6 tokens/sec, est. 1.4s audio generated, 155 tokens, 17 chunks in 20.5s
Token processing rate: 4.4 tokens/second
Audio generation rate: 0.55 chunks/second
Progress: 7.6 tokens/sec, est. 1.6s audio generated, 172 tokens, 19 chunks in 22.6s
Processing buffer with 28 tokens, total collected: 168
Progress: 7.3 tokens/sec, est. 1.8s audio generated, 180 tokens, 21 chunks in 24.6s
Token processing rate: 4.6 tokens/second
Audio generation rate: 0.58 chunks/second
Progress: 7.3 tokens/sec, est. 2.0s audio generated, 194 tokens, 24 chunks in 26.7s
Processing buffer with 28 tokens, total collected: 196
Progress: 7.3 tokens/sec, est. 2.2s audio generated, 211 tokens, 26 chunks in 28.8s
Audio generation rate: 0.65 chunks/second
Progress: 7.4 tokens/sec, est. 2.4s audio generated, 227 tokens, 28 chunks in 30.8s
Token processing rate: 5.1 tokens/second
Processing buffer with 28 tokens, total collected: 224
Progress: 7.4 tokens/sec, est. 2.6s audio generated, 243 tokens, 30 chunks in 32.9s
Audio generation rate: 0.67 chunks/second
Processing buffer with 28 tokens, total collected: 252
Progress: 7.4 tokens/sec, est. 2.8s audio generated, 259 tokens, 33 chunks in 34.9s
Progress: 7.4 tokens/sec, est. 3.0s audio generated, 275 tokens, 35 chunks in 37.0s
Token processing rate: 5.4 tokens/second
Audio generation rate: 0.72 chunks/second
Processing buffer with 28 tokens, total collected: 280
Progress: 7.5 tokens/sec, est. 3.1s audio generated, 291 tokens, 37 chunks in 39.1s
Progress: 7.4 tokens/sec, est. 3.2s audio generated, 304 tokens, 38 chunks in 41.1s
Progress: 7.3 tokens/sec, est. 3.4s audio generated, 317 tokens, 40 chunks in 43.1s
Processing buffer with 28 tokens, total collected: 308
Audio generation rate: 0.74 chunks/second
Token processing rate: 5.6 tokens/second
Progress: 7.3 tokens/sec, est. 3.6s audio generated, 330 tokens, 42 chunks in 45.2s
Progress: 7.3 tokens/sec, est. 3.7s audio generated, 344 tokens, 44 chunks in 47.3s
Processing buffer with 28 tokens, total collected: 336
Audio generation rate: 0.75 chunks/second
Progress: 7.3 tokens/sec, est. 3.9s audio generated, 359 tokens, 46 chunks in 49.3s
Token processing rate: 5.7 tokens/second
Processing buffer with 28 tokens, total collected: 364
Progress: 7.3 tokens/sec, est. 4.2s audio generated, 374 tokens, 49 chunks in 51.3s
Audio generation rate: 0.78 chunks/second
Progress: 7.3 tokens/sec, est. 4.3s audio generated, 389 tokens, 51 chunks in 53.3s
Processing buffer with 28 tokens, total collected: 392
Progress: 7.3 tokens/sec, est. 4.5s audio generated, 404 tokens, 53 chunks in 55.3s
Token processing rate: 5.8 tokens/second
Audio generation rate: 0.79 chunks/second
Progress: 7.3 tokens/sec, est. 4.8s audio generated, 419 tokens, 56 chunks in 57.3s
Progress: 7.2 tokens/sec, est. 4.8s audio generated, 428 tokens, 56 chunks in 59.6s
Processing buffer with 28 tokens, total collected: 420
Audio generation rate: 0.79 chunks/second
Progress: 7.1 tokens/sec, est. 4.8s audio generated, 438 tokens, 57 chunks in 61.7s
Token generation complete: 446 tokens in 73.44s (6.1 tokens/sec)
Generated 57 audio segments
Generated 4.86 seconds of audio in 73.45 seconds
Realtime factor: 0.07x
Warning: Generation is slower than realtime
Total speech generation completed in 73.45 seconds
INFO:     127.0.0.1:49636 - "POST /v1/audio/speech HTTP/1.1" 200 OK
Starting speech generation for 'I'm ready for your next query.'
Using voice: tara, GPU acceleration: Yes
Generating speech for: <|audio|>tara: I'm ready for your next query.<|eot_id|>
Progress: 9.6 tokens/sec, est. 0.0s audio generated, 20 tokens, 0 chunks in 2.1s
Processing buffer with 28 tokens, total collected: 28
Audio generation rate: 0.20 chunks/second
Progress: 9.0 tokens/sec, est. 0.1s audio generated, 37 tokens, 1 chunks in 4.1s
Token processing rate: 4.4 tokens/second
Progress: 8.8 tokens/sec, est. 0.3s audio generated, 54 tokens, 3 chunks in 6.1s
Audio generation rate: 0.46 chunks/second
Processing buffer with 28 tokens, total collected: 56
Progress: 8.7 tokens/sec, est. 0.4s audio generated, 71 tokens, 5 chunks in 8.1s
Progress: 8.5 tokens/sec, est. 0.7s audio generated, 87 tokens, 8 chunks in 10.2s
Token processing rate: 6.2 tokens/second
Processing buffer with 28 tokens, total collected: 84
Audio generation rate: 0.72 chunks/second
Progress: 8.6 tokens/sec, est. 0.9s audio generated, 105 tokens, 10 chunks in 12.3s
Progress: 8.5 tokens/sec, est. 1.0s audio generated, 122 tokens, 12 chunks in 14.4s
Processing buffer with 28 tokens, total collected: 112
Audio generation rate: 0.79 chunks/second
Progress: 8.4 tokens/sec, est. 1.2s audio generated, 138 tokens, 14 chunks in 16.4s
Token processing rate: 6.7 tokens/second
Processing buffer with 28 tokens, total collected: 140
Progress: 8.3 tokens/sec, est. 1.4s audio generated, 153 tokens, 17 chunks in 18.4s
Audio generation rate: 0.87 chunks/second
Progress: 8.3 tokens/sec, est. 1.6s audio generated, 170 tokens, 19 chunks in 20.5s
Processing buffer with 28 tokens, total collected: 168
Progress: 8.3 tokens/sec, est. 1.8s audio generated, 187 tokens, 21 chunks in 22.6s
Token processing rate: 7.1 tokens/second
Audio generation rate: 0.89 chunks/second
Progress: 8.2 tokens/sec, est. 2.0s audio generated, 203 tokens, 24 chunks in 24.7s
Processing buffer with 28 tokens, total collected: 196
Progress: 8.0 tokens/sec, est. 2.2s audio generated, 213 tokens, 26 chunks in 26.8s
Token processing rate: 6.9 tokens/second
Audio generation rate: 0.90 chunks/second
Progress: 7.7 tokens/sec, est. 2.4s audio generated, 225 tokens, 28 chunks in 29.4s
Token generation complete: 238 tokens in 32.25s (7.4 tokens/sec)
Generated 28 audio segments
Generated 2.39 seconds of audio in 32.25 seconds
Realtime factor: 0.07x
Warning: Generation is slower than realtime
Total speech generation completed in 32.25 seconds
INFO:     127.0.0.1:53891 - "POST /v1/audio/speech HTTP/1.1" 200 OK
Starting speech generation for 'Could you please clarify your request?'
Using voice: tara, GPU acceleration: Yes
Generating speech for: <|audio|>tara: Could you please clarify your request?<|eot_id|>
Token processing rate: 0.1 tokens/second
Progress: 9.6 tokens/sec, est. 0.0s audio generated, 20 tokens, 0 chunks in 2.1s
Processing buffer with 28 tokens, total collected: 28
Audio generation rate: 0.10 chunks/second
Progress: 9.1 tokens/sec, est. 0.1s audio generated, 38 tokens, 1 chunks in 4.2s
Progress: 8.9 tokens/sec, est. 0.3s audio generated, 55 tokens, 3 chunks in 6.2s
Token processing rate: 3.4 tokens/second
Audio generation rate: 0.30 chunks/second
Processing buffer with 28 tokens, total collected: 56
Progress: 8.7 tokens/sec, est. 0.4s audio generated, 72 tokens, 5 chunks in 8.3s
Progress: 8.7 tokens/sec, est. 0.7s audio generated, 90 tokens, 8 chunks in 10.4s
Processing buffer with 28 tokens, total collected: 84
Audio generation rate: 0.52 chunks/second
Progress: 8.6 tokens/sec, est. 0.9s audio generated, 107 tokens, 10 chunks in 12.4s
Token processing rate: 4.9 tokens/second
Progress: 8.6 tokens/sec, est. 1.0s audio generated, 125 tokens, 12 chunks in 14.5s
Processing buffer with 28 tokens, total collected: 112
Audio generation rate: 0.62 chunks/second
Progress: 8.6 tokens/sec, est. 1.2s audio generated, 142 tokens, 14 chunks in 16.6s
Processing buffer with 28 tokens, total collected: 140
Progress: 8.5 tokens/sec, est. 1.4s audio generated, 159 tokens, 17 chunks in 18.7s
Token processing rate: 5.7 tokens/second
Audio generation rate: 0.72 chunks/second
Progress: 8.5 tokens/sec, est. 1.6s audio generated, 176 tokens, 19 chunks in 20.8s
Processing buffer with 28 tokens, total collected: 168
Progress: 8.4 tokens/sec, est. 1.8s audio generated, 192 tokens, 21 chunks in 22.8s
Audio generation rate: 0.76 chunks/second
Token processing rate: 6.1 tokens/second
Processing buffer with 28 tokens, total collected: 196
Progress: 8.4 tokens/sec, est. 2.1s audio generated, 208 tokens, 25 chunks in 24.8s
Progress: 8.4 tokens/sec, est. 2.2s audio generated, 224 tokens, 26 chunks in 26.8s
Audio generation rate: 0.82 chunks/second
Progress: 8.3 tokens/sec, est. 2.4s audio generated, 240 tokens, 28 chunks in 28.8s
Processing buffer with 28 tokens, total collected: 224
Progress: 8.0 tokens/sec, est. 2.6s audio generated, 252 tokens, 30 chunks in 31.6s
Token processing rate: 6.3 tokens/second
Audio generation rate: 0.82 chunks/second
Progress: 7.9 tokens/sec, est. 2.7s audio generated, 266 tokens, 32 chunks in 33.6s
Token generation complete: 273 tokens in 39.73s (6.9 tokens/sec)
Generated 32 audio segments
Generated 2.73 seconds of audio in 39.73 seconds
Realtime factor: 0.07x
Warning: Generation is slower than realtime
Total speech generation completed in 39.73 seconds
INFO:     127.0.0.1:61870 - "POST /v1/audio/speech HTTP/1.1" 200 OK
Starting speech generation for 'I'm sorry, I didn't understand that. Can you provi...'
Using voice: tara, GPU acceleration: Yes
Generating speech for: <|audio|>tara: I'm sorry, I didn't understand that. Can you provide more details or clarify your request?<|eot_id|>
Progress: 9.4 tokens/sec, est. 0.0s audio generated, 19 tokens, 0 chunks in 2.0s
Processing buffer with 28 tokens, total collected: 28
Audio generation rate: 0.23 chunks/second
Progress: 9.0 tokens/sec, est. 0.1s audio generated, 37 tokens, 1 chunks in 4.1s
Token processing rate: 4.8 tokens/second
Progress: 8.8 tokens/sec, est. 0.3s audio generated, 54 tokens, 3 chunks in 6.1s
Audio generation rate: 0.49 chunks/second
Processing buffer with 28 tokens, total collected: 56
Progress: 8.7 tokens/sec, est. 0.4s audio generated, 71 tokens, 5 chunks in 8.2s
Progress: 8.6 tokens/sec, est. 0.7s audio generated, 88 tokens, 8 chunks in 10.2s
Token processing rate: 6.5 tokens/second
Processing buffer with 28 tokens, total collected: 84
Audio generation rate: 0.74 chunks/second
Progress: 8.5 tokens/sec, est. 0.9s audio generated, 105 tokens, 10 chunks in 12.3s
Progress: 8.5 tokens/sec, est. 1.0s audio generated, 122 tokens, 12 chunks in 14.4s
Processing buffer with 28 tokens, total collected: 112
Audio generation rate: 0.81 chunks/second
Progress: 8.4 tokens/sec, est. 1.2s audio generated, 139 tokens, 14 chunks in 16.5s
Token processing rate: 7.0 tokens/second
Processing buffer with 28 tokens, total collected: 140
Progress: 8.4 tokens/sec, est. 1.4s audio generated, 156 tokens, 17 chunks in 18.6s
Audio generation rate: 0.90 chunks/second
Progress: 8.4 tokens/sec, est. 1.6s audio generated, 173 tokens, 19 chunks in 20.7s
Processing buffer with 28 tokens, total collected: 168
Progress: 8.3 tokens/sec, est. 1.8s audio generated, 190 tokens, 21 chunks in 22.8s
Token processing rate: 7.3 tokens/second
Audio generation rate: 0.91 chunks/second
Progress: 8.3 tokens/sec, est. 2.0s audio generated, 206 tokens, 24 chunks in 24.9s
Processing buffer with 28 tokens, total collected: 196
Progress: 8.2 tokens/sec, est. 2.2s audio generated, 223 tokens, 26 chunks in 27.1s
Audio generation rate: 0.96 chunks/second
Progress: 8.2 tokens/sec, est. 2.4s audio generated, 239 tokens, 28 chunks in 29.1s
Token processing rate: 7.4 tokens/second
Processing buffer with 28 tokens, total collected: 224
Progress: 8.2 tokens/sec, est. 2.6s audio generated, 255 tokens, 30 chunks in 31.1s
Audio generation rate: 0.96 chunks/second
Processing buffer with 28 tokens, total collected: 252
Progress: 8.2 tokens/sec, est. 2.8s audio generated, 271 tokens, 33 chunks in 33.2s
Progress: 8.1 tokens/sec, est. 3.0s audio generated, 287 tokens, 35 chunks in 35.3s
Token processing rate: 7.4 tokens/second
Audio generation rate: 0.99 chunks/second
Processing buffer with 28 tokens, total collected: 280
Progress: 8.1 tokens/sec, est. 3.1s audio generated, 303 tokens, 37 chunks in 37.3s
Progress: 8.1 tokens/sec, est. 3.4s audio generated, 319 tokens, 40 chunks in 39.4s
Processing buffer with 28 tokens, total collected: 308
Audio generation rate: 1.01 chunks/second
Progress: 8.1 tokens/sec, est. 3.6s audio generated, 335 tokens, 42 chunks in 41.5s
Token processing rate: 7.5 tokens/second
Progress: 8.0 tokens/sec, est. 3.7s audio generated, 351 tokens, 44 chunks in 43.6s
Processing buffer with 28 tokens, total collected: 336
Audio generation rate: 1.01 chunks/second
Progress: 8.0 tokens/sec, est. 3.9s audio generated, 367 tokens, 46 chunks in 45.7s
Processing buffer with 28 tokens, total collected: 364
Progress: 8.0 tokens/sec, est. 4.2s audio generated, 382 tokens, 49 chunks in 47.8s
Token processing rate: 7.5 tokens/second
Audio generation rate: 1.02 chunks/second
Progress: 8.0 tokens/sec, est. 4.3s audio generated, 397 tokens, 51 chunks in 49.8s
Processing buffer with 28 tokens, total collected: 392
Progress: 8.0 tokens/sec, est. 4.5s audio generated, 413 tokens, 53 chunks in 51.9s
Audio generation rate: 1.02 chunks/second
Progress: 7.9 tokens/sec, est. 4.8s audio generated, 428 tokens, 56 chunks in 53.9s
Token processing rate: 7.5 tokens/second
Processing buffer with 28 tokens, total collected: 420
Progress: 7.9 tokens/sec, est. 4.9s audio generated, 443 tokens, 58 chunks in 55.9s
Audio generation rate: 1.03 chunks/second
Progress: 7.9 tokens/sec, est. 5.1s audio generated, 458 tokens, 60 chunks in 58.0s
Processing buffer with 28 tokens, total collected: 448
Progress: 7.9 tokens/sec, est. 5.3s audio generated, 473 tokens, 62 chunks in 60.0s
Token processing rate: 7.5 tokens/second
Audio generation rate: 1.02 chunks/second
Processing buffer with 28 tokens, total collected: 476
Progress: 7.9 tokens/sec, est. 5.5s audio generated, 488 tokens, 65 chunks in 62.1s
Progress: 7.8 tokens/sec, est. 5.7s audio generated, 503 tokens, 67 chunks in 64.2s
Audio generation rate: 1.03 chunks/second
Processing buffer with 28 tokens, total collected: 504
Progress: 7.8 tokens/sec, est. 5.9s audio generated, 518 tokens, 69 chunks in 66.2s
Token processing rate: 7.4 tokens/second
Progress: 7.8 tokens/sec, est. 6.1s audio generated, 533 tokens, 72 chunks in 68.3s
Processing buffer with 28 tokens, total collected: 532
Audio generation rate: 1.03 chunks/second
Progress: 7.8 tokens/sec, est. 6.3s audio generated, 546 tokens, 74 chunks in 70.4s
Progress: 7.7 tokens/sec, est. 6.3s audio generated, 557 tokens, 74 chunks in 72.4s
Token processing rate: 7.2 tokens/second
Audio generation rate: 1.00 chunks/second
Progress: 7.6 tokens/sec, est. 6.5s audio generated, 565 tokens, 76 chunks in 74.5s
Token generation complete: 586 tokens in 77.32s (7.6 tokens/sec)
Generated 76 audio segments
Generated 6.49 seconds of audio in 77.33 seconds
Realtime factor: 0.08x
Warning: Generation is slower than realtime
Total speech generation completed in 77.33 seconds
INFO:     127.0.0.1:61987 - "POST /v1/audio/speech HTTP/1.1" 200 OK
Starting speech generation for 'I'm sorry, but that doesn't seem like a clear requ...'
Using voice: tara, GPU acceleration: Yes
Generating speech for: <|audio|>tara: I'm sorry, but that doesn't seem like a clear request or question. Could you please provide more details?<|eot_id|>
Progress: 5.1 tokens/sec, est. 0.0s audio generated, 11 tokens, 0 chunks in 2.2s
Token processing rate: 0.2 tokens/second
Progress: 4.6 tokens/sec, est. 0.0s audio generated, 20 tokens, 0 chunks in 4.3s
Progress: 4.5 tokens/sec, est. 0.0s audio generated, 29 tokens, 0 chunks in 6.4s
Processing buffer with 28 tokens, total collected: 28
Audio generation rate: 0.11 chunks/second
Progress: 4.5 tokens/sec, est. 0.1s audio generated, 38 tokens, 1 chunks in 8.5s
Progress: 4.4 tokens/sec, est. 0.1s audio generated, 47 tokens, 1 chunks in 10.8s
Token processing rate: 2.4 tokens/second
Audio generation rate: 0.16 chunks/second
Starting speech generation for 'Huh? What can I help you with?'
Using voice: tara, GPU acceleration: Yes
Generating speech for: <|audio|>tara: Huh? What can I help you with?<|eot_id|>
Progress: 4.7 tokens/sec, est. 0.3s audio generated, 61 tokens, 3 chunks in 12.9s
Processing buffer with 28 tokens, total collected: 56
Progress: 8.6 tokens/sec, est. 0.0s audio generated, 18 tokens, 0 chunks in 2.1s
Progress: 5.1 tokens/sec, est. 0.4s audio generated, 77 tokens, 5 chunks in 15.0s
Audio generation rate: 0.35 chunks/second
Processing buffer with 28 tokens, total collected: 28
Audio generation rate: 0.20 chunks/second
Progress: 8.1 tokens/sec, est. 0.1s audio generated, 34 tokens, 1 chunks in 4.2s
Progress: 5.4 tokens/sec, est. 0.7s audio generated, 93 tokens, 8 chunks in 17.1s
Token processing rate: 4.1 tokens/second
Processing buffer with 28 tokens, total collected: 84
Token processing rate: 4.3 tokens/second
Progress: 7.9 tokens/sec, est. 0.3s audio generated, 50 tokens, 3 chunks in 6.3s
Progress: 5.7 tokens/sec, est. 0.9s audio generated, 108 tokens, 10 chunks in 19.1s
Audio generation rate: 0.52 chunks/second
Audio generation rate: 0.44 chunks/second
Processing buffer with 28 tokens, total collected: 56
Progress: 7.8 tokens/sec, est. 0.4s audio generated, 65 tokens, 5 chunks in 8.3s
Progress: 5.8 tokens/sec, est. 1.0s audio generated, 123 tokens, 12 chunks in 21.1s
Processing buffer with 28 tokens, total collected: 112
Progress: 7.7 tokens/sec, est. 0.4s audio generated, 80 tokens, 5 chunks in 10.4s
Progress: 6.0 tokens/sec, est. 1.2s audio generated, 138 tokens, 14 chunks in 23.1s
Token processing rate: 4.9 tokens/second
Audio generation rate: 0.59 chunks/second
Processing buffer with 28 tokens, total collected: 140
Progress: 7.6 tokens/sec, est. 0.7s audio generated, 95 tokens, 8 chunks in 12.4s
Token processing rate: 5.8 tokens/second
Processing buffer with 28 tokens, total collected: 84
Audio generation rate: 0.67 chunks/second
Progress: 6.1 tokens/sec, est. 1.4s audio generated, 153 tokens, 17 chunks in 25.2s
Progress: 7.6 tokens/sec, est. 0.9s audio generated, 110 tokens, 10 chunks in 14.5s
Progress: 6.2 tokens/sec, est. 1.6s audio generated, 168 tokens, 19 chunks in 27.3s
Progress: 7.5 tokens/sec, est. 1.0s audio generated, 124 tokens, 12 chunks in 16.5s
Audio generation rate: 0.66 chunks/second
Processing buffer with 28 tokens, total collected: 168
Processing buffer with 28 tokens, total collected: 112
Audio generation rate: 0.72 chunks/second
Progress: 6.2 tokens/sec, est. 1.8s audio generated, 182 tokens, 21 chunks in 29.3s
Progress: 7.5 tokens/sec, est. 1.2s audio generated, 138 tokens, 14 chunks in 18.5s
Token processing rate: 5.3 tokens/second
Progress: 6.2 tokens/sec, est. 2.0s audio generated, 195 tokens, 24 chunks in 31.3s
Token processing rate: 6.2 tokens/second
Processing buffer with 28 tokens, total collected: 140
Progress: 7.4 tokens/sec, est. 1.4s audio generated, 151 tokens, 17 chunks in 20.5s
Processing buffer with 28 tokens, total collected: 196
Audio generation rate: 0.72 chunks/second
Progress: 6.3 tokens/sec, est. 2.2s audio generated, 210 tokens, 26 chunks in 33.5s
Audio generation rate: 0.79 chunks/second
Progress: 7.3 tokens/sec, est. 1.6s audio generated, 166 tokens, 19 chunks in 22.7s
Progress: 6.3 tokens/sec, est. 2.2s audio generated, 224 tokens, 26 chunks in 35.5s
Processing buffer with 28 tokens, total collected: 168
Progress: 7.3 tokens/sec, est. 1.8s audio generated, 180 tokens, 21 chunks in 24.7s
Progress: 6.3 tokens/sec, est. 2.4s audio generated, 238 tokens, 28 chunks in 37.5s
Token processing rate: 5.6 tokens/second
Processing buffer with 28 tokens, total collected: 224
Audio generation rate: 0.74 chunks/second
Token processing rate: 6.3 tokens/second
Audio generation rate: 0.80 chunks/second
Progress: 7.2 tokens/sec, est. 2.0s audio generated, 193 tokens, 24 chunks in 26.7s
Progress: 6.4 tokens/sec, est. 2.6s audio generated, 252 tokens, 30 chunks in 39.5s
Processing buffer with 28 tokens, total collected: 252
Progress: 7.1 tokens/sec, est. 2.0s audio generated, 204 tokens, 24 chunks in 28.8s
Token generation complete: 214 tokens in 30.24s (7.1 tokens/sec)
Generated 24 audio segments
Generated 2.05 seconds of audio in 30.25 seconds
Realtime factor: 0.07x
Warning: Generation is slower than realtime
Total speech generation completed in 30.25 seconds
INFO:     127.0.0.1:64149 - "POST /v1/audio/speech HTTP/1.1" 200 OK
Progress: 6.4 tokens/sec, est. 2.8s audio generated, 266 tokens, 33 chunks in 41.6s
Audio generation rate: 0.77 chunks/second
Progress: 6.4 tokens/sec, est. 3.0s audio generated, 281 tokens, 35 chunks in 43.7s
Token processing rate: 5.8 tokens/second
Processing buffer with 28 tokens, total collected: 280
Progress: 6.5 tokens/sec, est. 3.1s audio generated, 296 tokens, 37 chunks in 45.8s
Audio generation rate: 0.78 chunks/second
Progress: 6.5 tokens/sec, est. 3.4s audio generated, 311 tokens, 40 chunks in 47.9s
Processing buffer with 28 tokens, total collected: 308
Progress: 6.5 tokens/sec, est. 3.6s audio generated, 326 tokens, 42 chunks in 50.0s
Token processing rate: 6.0 tokens/second
Audio generation rate: 0.81 chunks/second
Progress: 6.5 tokens/sec, est. 3.7s audio generated, 341 tokens, 44 chunks in 52.1s
Processing buffer with 28 tokens, total collected: 336
Progress: 6.6 tokens/sec, est. 3.9s audio generated, 355 tokens, 46 chunks in 54.1s
Audio generation rate: 0.82 chunks/second
Processing buffer with 28 tokens, total collected: 364
Progress: 6.6 tokens/sec, est. 4.2s audio generated, 370 tokens, 49 chunks in 56.3s
Progress: 6.6 tokens/sec, est. 4.2s audio generated, 384 tokens, 49 chunks in 58.3s
Token processing rate: 6.1 tokens/second
Progress: 6.6 tokens/sec, est. 4.3s audio generated, 398 tokens, 51 chunks in 60.3s
Audio generation rate: 0.84 chunks/second
Processing buffer with 28 tokens, total collected: 392
Progress: 6.6 tokens/sec, est. 4.5s audio generated, 412 tokens, 53 chunks in 62.3s
Progress: 6.6 tokens/sec, est. 4.8s audio generated, 426 tokens, 56 chunks in 64.4s
Token processing rate: 6.2 tokens/second
Processing buffer with 28 tokens, total collected: 420
Audio generation rate: 0.85 chunks/second
Progress: 6.6 tokens/sec, est. 4.9s audio generated, 440 tokens, 58 chunks in 66.5s
Progress: 6.6 tokens/sec, est. 5.1s audio generated, 454 tokens, 60 chunks in 68.5s
Processing buffer with 28 tokens, total collected: 448
Audio generation rate: 0.85 chunks/second
Progress: 6.6 tokens/sec, est. 5.3s audio generated, 468 tokens, 62 chunks in 70.6s
Token processing rate: 6.2 tokens/second
Processing buffer with 28 tokens, total collected: 476
Progress: 6.6 tokens/sec, est. 5.5s audio generated, 482 tokens, 65 chunks in 72.7s
Progress: 6.6 tokens/sec, est. 5.5s audio generated, 496 tokens, 65 chunks in 74.8s
Audio generation rate: 0.86 chunks/second
Progress: 6.6 tokens/sec, est. 5.7s audio generated, 510 tokens, 67 chunks in 76.9s
Processing buffer with 28 tokens, total collected: 504
Progress: 6.6 tokens/sec, est. 5.9s audio generated, 521 tokens, 69 chunks in 78.9s
Token processing rate: 6.2 tokens/second
Audio generation rate: 0.85 chunks/second
Progress: 6.6 tokens/sec, est. 6.1s audio generated, 533 tokens, 72 chunks in 81.0s
Processing buffer with 28 tokens, total collected: 532
Progress: 6.6 tokens/sec, est. 6.3s audio generated, 547 tokens, 74 chunks in 83.1s
Audio generation rate: 0.86 chunks/second
Progress: 6.6 tokens/sec, est. 6.5s audio generated, 561 tokens, 76 chunks in 85.2s
Progress: 6.6 tokens/sec, est. 6.5s audio generated, 575 tokens, 76 chunks in 87.4s
Token processing rate: 6.3 tokens/second
Processing buffer with 28 tokens, total collected: 560
Progress: 6.6 tokens/sec, est. 6.6s audio generated, 589 tokens, 78 chunks in 89.5s
Audio generation rate: 0.86 chunks/second
Processing buffer with 28 tokens, total collected: 588
Progress: 6.6 tokens/sec, est. 6.9s audio generated, 603 tokens, 81 chunks in 91.6s
Progress: 6.6 tokens/sec, est. 7.1s audio generated, 617 tokens, 83 chunks in 93.6s
Token processing rate: 6.3 tokens/second
Audio generation rate: 0.87 chunks/second
Processing buffer with 28 tokens, total collected: 616
Progress: 6.6 tokens/sec, est. 7.2s audio generated, 631 tokens, 85 chunks in 95.7s
Progress: 6.6 tokens/sec, est. 7.5s audio generated, 646 tokens, 88 chunks in 97.8s
Processing buffer with 28 tokens, total collected: 644
Audio generation rate: 0.88 chunks/second
Progress: 6.6 tokens/sec, est. 7.7s audio generated, 660 tokens, 90 chunks in 99.8s
Token processing rate: 6.3 tokens/second
Progress: 6.6 tokens/sec, est. 7.8s audio generated, 675 tokens, 92 chunks in 101.9s
Processing buffer with 28 tokens, total collected: 672
Audio generation rate: 0.88 chunks/second
Progress: 6.6 tokens/sec, est. 8.0s audio generated, 689 tokens, 94 chunks in 104.0s
Progress: 6.6 tokens/sec, est. 8.0s audio generated, 703 tokens, 94 chunks in 106.0s
Processing buffer with 28 tokens, total collected: 700
Progress: 6.6 tokens/sec, est. 8.2s audio generated, 717 tokens, 97 chunks in 108.0s
Token processing rate: 6.4 tokens/second
Audio generation rate: 0.89 chunks/second
Progress: 6.6 tokens/sec, est. 8.4s audio generated, 731 tokens, 99 chunks in 110.0s
Processing buffer with 28 tokens, total collected: 728
Progress: 6.6 tokens/sec, est. 8.6s audio generated, 745 tokens, 101 chunks in 112.0s
Audio generation rate: 0.89 chunks/second
Progress: 6.7 tokens/sec, est. 8.8s audio generated, 759 tokens, 104 chunks in 114.1s
Token processing rate: 6.4 tokens/second
Processing buffer with 28 tokens, total collected: 756
Progress: 6.7 tokens/sec, est. 9.0s audio generated, 773 tokens, 106 chunks in 116.2s
Audio generation rate: 0.90 chunks/second
Progress: 6.7 tokens/sec, est. 9.2s audio generated, 787 tokens, 108 chunks in 118.2s
Processing buffer with 28 tokens, total collected: 784
Progress: 6.7 tokens/sec, est. 9.4s audio generated, 801 tokens, 110 chunks in 120.3s
Progress: 6.7 tokens/sec, est. 9.4s audio generated, 815 tokens, 110 chunks in 122.4s
Token processing rate: 6.4 tokens/second
Audio generation rate: 0.89 chunks/second
Processing buffer with 28 tokens, total collected: 812
Progress: 6.7 tokens/sec, est. 9.6s audio generated, 828 tokens, 113 chunks in 124.5s
Progress: 6.6 tokens/sec, est. 9.8s audio generated, 841 tokens, 115 chunks in 126.6s
Token processing rate: 6.4 tokens/second
Audio generation rate: 0.90 chunks/second
Processing buffer with 28 tokens, total collected: 840
Progress: 6.6 tokens/sec, est. 9.9s audio generated, 855 tokens, 117 chunks in 128.7s
Progress: 6.6 tokens/sec, est. 10.2s audio generated, 869 tokens, 120 chunks in 130.8s
Processing buffer with 28 tokens, total collected: 868
Audio generation rate: 0.90 chunks/second
Progress: 6.6 tokens/sec, est. 10.4s audio generated, 883 tokens, 122 chunks in 132.9s
Token processing rate: 6.4 tokens/second
Progress: 6.6 tokens/sec, est. 10.5s audio generated, 897 tokens, 124 chunks in 135.0s
Progress: 6.6 tokens/sec, est. 10.5s audio generated, 911 tokens, 124 chunks in 137.1s
Processing buffer with 28 tokens, total collected: 896
Audio generation rate: 0.90 chunks/second
Progress: 6.6 tokens/sec, est. 10.7s audio generated, 925 tokens, 126 chunks in 139.2s
Processing buffer with 28 tokens, total collected: 924
Progress: 6.6 tokens/sec, est. 11.0s audio generated, 939 tokens, 129 chunks in 141.4s
Token processing rate: 6.4 tokens/second
Audio generation rate: 0.90 chunks/second
Progress: 6.6 tokens/sec, est. 11.1s audio generated, 953 tokens, 131 chunks in 143.5s
Processing buffer with 28 tokens, total collected: 952
Progress: 6.6 tokens/sec, est. 11.3s audio generated, 966 tokens, 133 chunks in 145.5s
Audio generation rate: 0.90 chunks/second
Progress: 6.6 tokens/sec, est. 11.6s audio generated, 979 tokens, 136 chunks in 147.5s
Progress: 6.6 tokens/sec, est. 11.6s audio generated, 992 tokens, 136 chunks in 149.5s
Token processing rate: 6.4 tokens/second
Processing buffer with 28 tokens, total collected: 980
Progress: 6.6 tokens/sec, est. 11.7s audio generated, 1005 tokens, 138 chunks in 151.5s
Audio generation rate: 0.90 chunks/second
Progress: 6.6 tokens/sec, est. 11.9s audio generated, 1018 tokens, 140 chunks in 153.6s
Token processing rate: 6.4 tokens/second
Processing buffer with 28 tokens, total collected: 1008
Progress: 6.6 tokens/sec, est. 12.1s audio generated, 1031 tokens, 142 chunks in 155.6s
Audio generation rate: 0.90 chunks/second
Processing buffer with 28 tokens, total collected: 1036
Progress: 6.6 tokens/sec, est. 12.3s audio generated, 1044 tokens, 145 chunks in 157.7s
Token processing rate: 6.4 tokens/second
Progress: 6.6 tokens/sec, est. 12.5s audio generated, 1057 tokens, 147 chunks in 159.7s
Progress: 6.6 tokens/sec, est. 12.5s audio generated, 1070 tokens, 147 chunks in 161.8s
Audio generation rate: 0.90 chunks/second
Processing buffer with 28 tokens, total collected: 1064
Progress: 6.6 tokens/sec, est. 12.7s audio generated, 1083 tokens, 149 chunks in 163.9s
Token processing rate: 6.4 tokens/second
Progress: 6.6 tokens/sec, est. 12.9s audio generated, 1096 tokens, 152 chunks in 166.0s
Processing buffer with 28 tokens, total collected: 1092
Audio generation rate: 0.91 chunks/second
Progress: 6.6 tokens/sec, est. 13.1s audio generated, 1109 tokens, 154 chunks in 168.0s
Progress: 6.6 tokens/sec, est. 13.1s audio generated, 1120 tokens, 154 chunks in 170.1s
Token processing rate: 6.4 tokens/second
Progress: 6.6 tokens/sec, est. 13.3s audio generated, 1130 tokens, 156 chunks in 172.3s
Processing buffer with 28 tokens, total collected: 1120
Audio generation rate: 0.90 chunks/second
Progress: 6.6 tokens/sec, est. 13.4s audio generated, 1142 tokens, 158 chunks in 174.3s
Token processing rate: 6.4 tokens/second
Processing buffer with 28 tokens, total collected: 1148
Progress: 6.5 tokens/sec, est. 13.7s audio generated, 1155 tokens, 161 chunks in 176.4s
Progress: 6.5 tokens/sec, est. 13.7s audio generated, 1168 tokens, 161 chunks in 178.5s
Audio generation rate: 0.90 chunks/second
Progress: 6.5 tokens/sec, est. 13.9s audio generated, 1181 tokens, 163 chunks in 180.7s
Token processing rate: 6.4 tokens/second
Processing buffer with 28 tokens, total collected: 1176
Progress: 6.5 tokens/sec, est. 14.0s audio generated, 1194 tokens, 165 chunks in 182.8s
Audio generation rate: 0.90 chunks/second
Progress: 6.5 tokens/sec, est. 14.3s audio generated, 1207 tokens, 168 chunks in 184.9s
Token processing rate: 6.4 tokens/second
Processing buffer with 28 tokens, total collected: 1204
Progress: 6.5 tokens/sec, est. 14.5s audio generated, 1220 tokens, 170 chunks in 187.1s
Progress: 6.5 tokens/sec, est. 14.5s audio generated, 1232 tokens, 171 chunks in 189.1s
Audio generation rate: 0.90 chunks/second
Progress: 6.5 tokens/sec, est. 14.6s audio generated, 1245 tokens, 172 chunks in 191.2s
Token processing rate: 6.4 tokens/second
Processing buffer with 28 tokens, total collected: 1232
Progress: 6.5 tokens/sec, est. 14.8s audio generated, 1258 tokens, 174 chunks in 193.4s
Audio generation rate: 0.89 chunks/second
Processing buffer with 28 tokens, total collected: 1260
Progress: 6.5 tokens/sec, est. 15.0s audio generated, 1271 tokens, 177 chunks in 195.6s
Token processing rate: 6.4 tokens/second
Progress: 6.5 tokens/sec, est. 15.2s audio generated, 1283 tokens, 179 chunks in 197.6s
Progress: 6.5 tokens/sec, est. 15.2s audio generated, 1295 tokens, 179 chunks in 199.6s
Audio generation rate: 0.89 chunks/second
Processing buffer with 28 tokens, total collected: 1288
Progress: 6.5 tokens/sec, est. 15.4s audio generated, 1307 tokens, 181 chunks in 201.6s
Token processing rate: 6.3 tokens/second
Progress: 6.5 tokens/sec, est. 15.6s audio generated, 1319 tokens, 184 chunks in 203.6s
Processing buffer with 28 tokens, total collected: 1316
Audio generation rate: 0.89 chunks/second
Progress: 6.5 tokens/sec, est. 15.8s audio generated, 1331 tokens, 186 chunks in 205.7s
Progress: 6.5 tokens/sec, est. 15.8s audio generated, 1343 tokens, 186 chunks in 207.7s
Token processing rate: 6.3 tokens/second
Progress: 6.5 tokens/sec, est. 15.9s audio generated, 1355 tokens, 187 chunks in 209.7s
Audio generation rate: 0.89 chunks/second
Processing buffer with 28 tokens, total collected: 1344
Progress: 6.5 tokens/sec, est. 16.1s audio generated, 1367 tokens, 189 chunks in 211.7s
Token processing rate: 6.3 tokens/second
Progress: 6.4 tokens/sec, est. 16.3s audio generated, 1379 tokens, 192 chunks in 213.8s
Progress: 6.4 tokens/sec, est. 16.3s audio generated, 1389 tokens, 192 chunks in 215.9s
Processing buffer with 28 tokens, total collected: 1372
Audio generation rate: 0.88 chunks/second
Progress: 6.4 tokens/sec, est. 16.5s audio generated, 1400 tokens, 194 chunks in 218.0s
Token processing rate: 6.3 tokens/second
Progress: 6.4 tokens/sec, est. 16.7s audio generated, 1412 tokens, 196 chunks in 220.1s
Progress: 6.4 tokens/sec, est. 16.7s audio generated, 1424 tokens, 196 chunks in 222.2s
Processing buffer with 28 tokens, total collected: 1400
Audio generation rate: 0.88 chunks/second
Progress: 6.4 tokens/sec, est. 16.9s audio generated, 1436 tokens, 199 chunks in 224.3s
Token processing rate: 6.2 tokens/second
Processing buffer with 28 tokens, total collected: 1428
Progress: 6.4 tokens/sec, est. 17.1s audio generated, 1448 tokens, 201 chunks in 226.3s
Audio generation rate: 0.88 chunks/second
Progress: 6.4 tokens/sec, est. 17.3s audio generated, 1460 tokens, 203 chunks in 228.4s
Progress: 6.4 tokens/sec, est. 17.3s audio generated, 1472 tokens, 203 chunks in 230.5s
Token processing rate: 6.2 tokens/second
Processing buffer with 28 tokens, total collected: 1456
Progress: 6.4 tokens/sec, est. 17.4s audio generated, 1484 tokens, 205 chunks in 232.6s
Audio generation rate: 0.88 chunks/second
Progress: 6.4 tokens/sec, est. 17.7s audio generated, 1496 tokens, 208 chunks in 234.7s
Token processing rate: 6.2 tokens/second
Processing buffer with 28 tokens, total collected: 1484
Progress: 6.4 tokens/sec, est. 17.9s audio generated, 1508 tokens, 210 chunks in 236.8s
Progress: 6.4 tokens/sec, est. 17.9s audio generated, 1520 tokens, 210 chunks in 238.9s
Audio generation rate: 0.88 chunks/second
Progress: 6.4 tokens/sec, est. 18.0s audio generated, 1532 tokens, 212 chunks in 241.0s
Token processing rate: 6.2 tokens/second
Processing buffer with 28 tokens, total collected: 1512
Progress: 6.4 tokens/sec, est. 18.3s audio generated, 1544 tokens, 215 chunks in 243.1s
Audio generation rate: 0.88 chunks/second
Processing buffer with 28 tokens, total collected: 1540
Progress: 6.3 tokens/sec, est. 18.4s audio generated, 1556 tokens, 217 chunks in 245.2s
Progress: 6.3 tokens/sec, est. 18.4s audio generated, 1568 tokens, 217 chunks in 247.4s
Token processing rate: 6.2 tokens/second
Progress: 6.3 tokens/sec, est. 18.6s audio generated, 1580 tokens, 219 chunks in 249.5s
Audio generation rate: 0.87 chunks/second
Processing buffer with 28 tokens, total collected: 1568
Progress: 6.3 tokens/sec, est. 18.8s audio generated, 1592 tokens, 221 chunks in 251.6s
Token processing rate: 6.2 tokens/second
Progress: 6.3 tokens/sec, est. 19.0s audio generated, 1604 tokens, 224 chunks in 253.8s
Progress: 6.3 tokens/sec, est. 19.0s audio generated, 1615 tokens, 224 chunks in 255.8s
Processing buffer with 28 tokens, total collected: 1596
Audio generation rate: 0.87 chunks/second
Progress: 6.3 tokens/sec, est. 19.2s audio generated, 1627 tokens, 226 chunks in 257.9s
Token processing rate: 6.2 tokens/second
Progress: 6.3 tokens/sec, est. 19.4s audio generated, 1639 tokens, 228 chunks in 260.1s
Processing buffer with 28 tokens, total collected: 1624
Audio generation rate: 0.87 chunks/second
Progress: 6.3 tokens/sec, est. 19.6s audio generated, 1651 tokens, 231 chunks in 262.2s
Progress: 6.3 tokens/sec, est. 19.6s audio generated, 1661 tokens, 231 chunks in 264.3s
Token processing rate: 6.1 tokens/second
Audio generation rate: 0.87 chunks/second
Processing buffer with 28 tokens, total collected: 1652
Progress: 6.3 tokens/sec, est. 19.8s audio generated, 1671 tokens, 233 chunks in 266.5s
Progress: 6.3 tokens/sec, est. 20.0s audio generated, 1682 tokens, 235 chunks in 268.5s
Progress: 6.3 tokens/sec, est. 20.0s audio generated, 1694 tokens, 235 chunks in 270.6s
Token processing rate: 6.1 tokens/second
Audio generation rate: 0.87 chunks/second
Processing buffer with 28 tokens, total collected: 1680
Progress: 6.3 tokens/sec, est. 20.1s audio generated, 1705 tokens, 237 chunks in 272.7s
Progress: 6.2 tokens/sec, est. 20.4s audio generated, 1716 tokens, 240 chunks in 274.7s
Progress: 6.2 tokens/sec, est. 20.4s audio generated, 1728 tokens, 240 chunks in 276.9s
Token processing rate: 6.1 tokens/second
Processing buffer with 28 tokens, total collected: 1708
Audio generation rate: 0.87 chunks/second
Progress: 6.2 tokens/sec, est. 20.6s audio generated, 1739 tokens, 242 chunks in 278.9s
Progress: 6.2 tokens/sec, est. 20.7s audio generated, 1750 tokens, 244 chunks in 280.9s
Token processing rate: 6.1 tokens/second
Processing buffer with 28 tokens, total collected: 1736
Audio generation rate: 0.86 chunks/second
Progress: 6.2 tokens/sec, est. 21.0s audio generated, 1761 tokens, 247 chunks in 283.0s
Progress: 6.2 tokens/sec, est. 21.0s audio generated, 1772 tokens, 247 chunks in 285.0s
Processing buffer with 28 tokens, total collected: 1764
Progress: 6.2 tokens/sec, est. 21.2s audio generated, 1783 tokens, 249 chunks in 287.1s
Token processing rate: 6.1 tokens/second
Audio generation rate: 0.86 chunks/second
Progress: 6.2 tokens/sec, est. 21.3s audio generated, 1794 tokens, 251 chunks in 289.1s
Progress: 6.2 tokens/sec, est. 21.3s audio generated, 1805 tokens, 251 chunks in 291.1s
Processing buffer with 28 tokens, total collected: 1792
Progress: 6.2 tokens/sec, est. 21.5s audio generated, 1816 tokens, 253 chunks in 293.2s
Token processing rate: 6.1 tokens/second
Audio generation rate: 0.86 chunks/second
Progress: 6.2 tokens/sec, est. 21.8s audio generated, 1827 tokens, 256 chunks in 295.3s
Progress: 6.2 tokens/sec, est. 21.8s audio generated, 1838 tokens, 256 chunks in 297.3s
Processing buffer with 28 tokens, total collected: 1820
Audio generation rate: 0.86 chunks/second
Progress: 6.2 tokens/sec, est. 21.9s audio generated, 1849 tokens, 258 chunks in 299.4s
Token processing rate: 6.1 tokens/second
Audio generation rate: 0.86 chunks/second
Progress: 6.2 tokens/sec, est. 22.1s audio generated, 1860 tokens, 260 chunks in 301.5s
Progress: 6.2 tokens/sec, est. 22.1s audio generated, 1871 tokens, 260 chunks in 303.5s
Processing buffer with 28 tokens, total collected: 1848
Audio generation rate: 0.85 chunks/second
Progress: 6.2 tokens/sec, est. 22.4s audio generated, 1882 tokens, 263 chunks in 305.6s
Token processing rate: 6.0 tokens/second
Audio generation rate: 0.86 chunks/second
Processing buffer with 28 tokens, total collected: 1876
Progress: 6.2 tokens/sec, est. 22.5s audio generated, 1893 tokens, 265 chunks in 307.7s
Progress: 6.1 tokens/sec, est. 22.5s audio generated, 1904 tokens, 265 chunks in 309.8s
Audio generation rate: 0.85 chunks/second
Progress: 6.1 tokens/sec, est. 22.7s audio generated, 1914 tokens, 267 chunks in 311.9s
Token processing rate: 6.0 tokens/second
Audio generation rate: 0.85 chunks/second
Processing buffer with 28 tokens, total collected: 1904
Progress: 6.1 tokens/sec, est. 22.9s audio generated, 1924 tokens, 269 chunks in 314.0s
Progress: 6.1 tokens/sec, est. 22.9s audio generated, 1935 tokens, 269 chunks in 316.1s
Audio generation rate: 0.85 chunks/second
Progress: 6.1 tokens/sec, est. 23.1s audio generated, 1946 tokens, 272 chunks in 318.3s
Token processing rate: 6.0 tokens/second
Processing buffer with 28 tokens, total collected: 1932
Audio generation rate: 0.85 chunks/second
Progress: 6.1 tokens/sec, est. 23.3s audio generated, 1957 tokens, 274 chunks in 320.4s
Progress: 6.1 tokens/sec, est. 23.3s audio generated, 1968 tokens, 274 chunks in 322.5s
Audio generation rate: 0.85 chunks/second
Progress: 6.1 tokens/sec, est. 23.5s audio generated, 1979 tokens, 276 chunks in 324.7s
Token processing rate: 6.0 tokens/second
Processing buffer with 28 tokens, total collected: 1960
Audio generation rate: 0.85 chunks/second
Progress: 6.1 tokens/sec, est. 23.7s audio generated, 1990 tokens, 279 chunks in 326.8s
Processing buffer with 28 tokens, total collected: 1988
Progress: 6.1 tokens/sec, est. 23.9s audio generated, 2001 tokens, 281 chunks in 328.9s
Progress: 6.1 tokens/sec, est. 23.9s audio generated, 2012 tokens, 281 chunks in 331.1s
Token processing rate: 6.0 tokens/second
Audio generation rate: 0.85 chunks/second
Progress: 6.1 tokens/sec, est. 24.1s audio generated, 2023 tokens, 283 chunks in 333.2s
Audio generation rate: 0.84 chunks/second
Processing buffer with 28 tokens, total collected: 2016
Progress: 6.1 tokens/sec, est. 24.2s audio generated, 2034 tokens, 285 chunks in 335.4s
Progress: 6.1 tokens/sec, est. 24.2s audio generated, 2045 tokens, 285 chunks in 337.5s
Token processing rate: 6.0 tokens/second
Audio generation rate: 0.84 chunks/second
Progress: 6.0 tokens/sec, est. 24.5s audio generated, 2055 tokens, 288 chunks in 339.8s
Progress: 6.0 tokens/sec, est. 24.5s audio generated, 2062 tokens, 288 chunks in 341.9s
Processing buffer with 28 tokens, total collected: 2044
Audio generation rate: 0.84 chunks/second
Progress: 6.0 tokens/sec, est. 24.7s audio generated, 2069 tokens, 290 chunks in 344.0s
Progress: 6.0 tokens/sec, est. 24.7s audio generated, 2079 tokens, 290 chunks in 346.0s
Token processing rate: 5.9 tokens/second
Audio generation rate: 0.84 chunks/second
Progress: 6.0 tokens/sec, est. 24.8s audio generated, 2086 tokens, 292 chunks in 348.3s
Progress: 6.0 tokens/sec, est. 24.8s audio generated, 2089 tokens, 292 chunks in 350.5s
Progress: 5.9 tokens/sec, est. 24.8s audio generated, 2093 tokens, 292 chunks in 353.4s
Progress: 5.9 tokens/sec, est. 24.8s audio generated, 2096 tokens, 292 chunks in 355.5s
Token processing rate: 5.8 tokens/second
Processing buffer with 28 tokens, total collected: 2072
Audio generation rate: 0.82 chunks/second
Progress: 5.9 tokens/sec, est. 25.1s audio generated, 2099 tokens, 295 chunks in 357.8s
Progress: 5.8 tokens/sec, est. 25.1s audio generated, 2102 tokens, 295 chunks in 360.0s
Progress: 5.8 tokens/sec, est. 25.1s audio generated, 2105 tokens, 295 chunks in 362.2s
Progress: 5.8 tokens/sec, est. 25.1s audio generated, 2108 tokens, 295 chunks in 364.4s
Progress: 5.8 tokens/sec, est. 25.1s audio generated, 2111 tokens, 295 chunks in 366.5s
Token processing rate: 5.7 tokens/second
Audio generation rate: 0.80 chunks/second
Processing buffer with 28 tokens, total collected: 2100
Progress: 5.7 tokens/sec, est. 25.2s audio generated, 2114 tokens, 297 chunks in 368.9s
Progress: 5.7 tokens/sec, est. 25.2s audio generated, 2117 tokens, 297 chunks in 371.0s
Progress: 5.7 tokens/sec, est. 25.2s audio generated, 2120 tokens, 297 chunks in 373.1s
Progress: 5.7 tokens/sec, est. 25.2s audio generated, 2123 tokens, 297 chunks in 375.4s
Progress: 5.6 tokens/sec, est. 25.2s audio generated, 2126 tokens, 297 chunks in 377.5s
Token processing rate: 5.5 tokens/second
Audio generation rate: 0.78 chunks/second
Progress: 5.6 tokens/sec, est. 25.4s audio generated, 2129 tokens, 299 chunks in 379.6s
Progress: 5.6 tokens/sec, est. 25.4s audio generated, 2132 tokens, 299 chunks in 381.6s
Progress: 5.6 tokens/sec, est. 25.4s audio generated, 2135 tokens, 299 chunks in 383.8s
Progress: 5.5 tokens/sec, est. 25.4s audio generated, 2138 tokens, 299 chunks in 386.0s
Progress: 5.5 tokens/sec, est. 25.4s audio generated, 2141 tokens, 299 chunks in 388.1s
Progress: 5.5 tokens/sec, est. 25.4s audio generated, 2144 tokens, 299 chunks in 390.3s
Token processing rate: 5.4 tokens/second
Audio generation rate: 0.77 chunks/second
Processing buffer with 28 tokens, total collected: 2128
Progress: 5.5 tokens/sec, est. 25.6s audio generated, 2147 tokens, 301 chunks in 392.6s
Progress: 5.4 tokens/sec, est. 25.6s audio generated, 2150 tokens, 301 chunks in 394.7s
Progress: 5.4 tokens/sec, est. 25.6s audio generated, 2153 tokens, 301 chunks in 396.9s
Progress: 5.4 tokens/sec, est. 25.6s audio generated, 2157 tokens, 301 chunks in 399.5s
Progress: 5.4 tokens/sec, est. 25.6s audio generated, 2160 tokens, 301 chunks in 401.6s
Token processing rate: 5.3 tokens/second
Audio generation rate: 0.75 chunks/second
Progress: 5.4 tokens/sec, est. 25.8s audio generated, 2163 tokens, 304 chunks in 403.9s
Progress: 5.3 tokens/sec, est. 25.8s audio generated, 2166 tokens, 304 chunks in 406.2s
Progress: 5.3 tokens/sec, est. 25.8s audio generated, 2169 tokens, 304 chunks in 408.6s
Progress: 5.3 tokens/sec, est. 25.8s audio generated, 2172 tokens, 304 chunks in 410.9s
Progress: 5.3 tokens/sec, est. 25.8s audio generated, 2175 tokens, 304 chunks in 413.3s
Token processing rate: 5.2 tokens/second
Processing buffer with 28 tokens, total collected: 2156
Audio generation rate: 0.73 chunks/second
Progress: 5.2 tokens/sec, est. 26.0s audio generated, 2178 tokens, 306 chunks in 415.9s
Progress: 5.2 tokens/sec, est. 26.0s audio generated, 2181 tokens, 306 chunks in 418.1s
Progress: 5.2 tokens/sec, est. 26.0s audio generated, 2184 tokens, 306 chunks in 420.5s
Progress: 5.2 tokens/sec, est. 26.0s audio generated, 2187 tokens, 306 chunks in 422.5s
Progress: 5.2 tokens/sec, est. 26.0s audio generated, 2191 tokens, 306 chunks in 424.8s
Token processing rate: 5.1 tokens/second
Audio generation rate: 0.72 chunks/second
Progress: 5.1 tokens/sec, est. 26.2s audio generated, 2197 tokens, 308 chunks in 427.1s
Progress: 5.1 tokens/sec, est. 26.2s audio generated, 2203 tokens, 308 chunks in 429.3s
Token processing rate: 5.0 tokens/second
Processing buffer with 28 tokens, total collected: 2184
Audio generation rate: 0.71 chunks/second
Progress: 5.1 tokens/sec, est. 26.4s audio generated, 2209 tokens, 311 chunks in 431.5s
Progress: 5.1 tokens/sec, est. 26.4s audio generated, 2215 tokens, 311 chunks in 433.8s
Progress: 5.1 tokens/sec, est. 26.4s audio generated, 2221 tokens, 311 chunks in 436.0s
Token processing rate: 5.0 tokens/second
Audio generation rate: 0.71 chunks/second
Processing buffer with 28 tokens, total collected: 2212
Progress: 5.1 tokens/sec, est. 26.6s audio generated, 2227 tokens, 313 chunks in 438.3s
Progress: 5.1 tokens/sec, est. 26.6s audio generated, 2233 tokens, 313 chunks in 440.6s
Progress: 5.1 tokens/sec, est. 26.6s audio generated, 2239 tokens, 313 chunks in 442.8s
Token processing rate: 5.0 tokens/second
Audio generation rate: 0.71 chunks/second
Progress: 5.0 tokens/sec, est. 26.8s audio generated, 2245 tokens, 315 chunks in 445.1s
Progress: 5.0 tokens/sec, est. 26.8s audio generated, 2251 tokens, 315 chunks in 447.3s
Token processing rate: 4.9 tokens/second
Audio generation rate: 0.70 chunks/second
Processing buffer with 28 tokens, total collected: 2240
Progress: 5.0 tokens/sec, est. 26.9s audio generated, 2257 tokens, 317 chunks in 449.6s
Progress: 5.0 tokens/sec, est. 26.9s audio generated, 2263 tokens, 317 chunks in 451.8s
Progress: 5.0 tokens/sec, est. 26.9s audio generated, 2269 tokens, 317 chunks in 454.0s
Starting speech generation for 'I'm ready when you are. What can I do for you?'
Using voice: tara, GPU acceleration: Yes
Generating speech for: <|audio|>tara: I'm ready when you are. What can I do for you?<|eot_id|>
Token processing rate: 4.9 tokens/second
Audio generation rate: 0.70 chunks/second
Progress: 5.0 tokens/sec, est. 27.2s audio generated, 2273 tokens, 320 chunks in 457.3s
Progress: 5.0 tokens/sec, est. 27.2s audio generated, 2283 tokens, 320 chunks in 459.4s
Progress: 5.7 tokens/sec, est. 0.0s audio generated, 12 tokens, 0 chunks in 2.1s
Token processing rate: 4.9 tokens/second
Processing buffer with 28 tokens, total collected: 2268
Audio generation rate: 0.69 chunks/second
Token processing rate: 0.2 tokens/second
Progress: 5.0 tokens/sec, est. 27.4s audio generated, 2293 tokens, 322 chunks in 461.5s
Progress: 5.2 tokens/sec, est. 0.0s audio generated, 22 tokens, 0 chunks in 4.2s
Progress: 5.0 tokens/sec, est. 27.4s audio generated, 2303 tokens, 322 chunks in 463.6s
Audio generation rate: 0.69 chunks/second
Progress: 5.1 tokens/sec, est. 0.0s audio generated, 32 tokens, 0 chunks in 6.3s
Processing buffer with 28 tokens, total collected: 28
Audio generation rate: 0.10 chunks/second
Progress: 5.0 tokens/sec, est. 27.5s audio generated, 2313 tokens, 324 chunks in 465.7s
Progress: 5.0 tokens/sec, est. 0.1s audio generated, 42 tokens, 1 chunks in 8.4s
Token processing rate: 4.9 tokens/second
Processing buffer with 28 tokens, total collected: 2296
Audio generation rate: 0.69 chunks/second
Token processing rate: 2.3 tokens/second
Audio generation rate: 0.15 chunks/second
Progress: 5.0 tokens/sec, est. 27.8s audio generated, 2323 tokens, 327 chunks in 467.8s
Progress: 5.0 tokens/sec, est. 0.3s audio generated, 52 tokens, 3 chunks in 10.5s
Progress: 5.0 tokens/sec, est. 27.8s audio generated, 2333 tokens, 327 chunks in 469.9s
Progress: 4.9 tokens/sec, est. 0.3s audio generated, 62 tokens, 3 chunks in 12.6s
Audio generation rate: 0.69 chunks/second
Processing buffer with 28 tokens, total collected: 2324
Audio generation rate: 0.25 chunks/second
Processing buffer with 28 tokens, total collected: 56
Progress: 5.0 tokens/sec, est. 28.0s audio generated, 2343 tokens, 329 chunks in 472.0s
Progress: 4.9 tokens/sec, est. 0.4s audio generated, 72 tokens, 5 chunks in 14.7s
Token processing rate: 4.9 tokens/second
Audio generation rate: 0.69 chunks/second
Progress: 5.0 tokens/sec, est. 28.1s audio generated, 2353 tokens, 331 chunks in 474.1s
Token processing rate: 3.2 tokens/second
Audio generation rate: 0.31 chunks/second
Progress: 4.9 tokens/sec, est. 0.7s audio generated, 82 tokens, 8 chunks in 16.8s
Progress: 5.0 tokens/sec, est. 28.1s audio generated, 2363 tokens, 331 chunks in 476.2s
Progress: 4.9 tokens/sec, est. 0.7s audio generated, 92 tokens, 8 chunks in 18.9s
Audio generation rate: 0.69 chunks/second
Processing buffer with 28 tokens, total collected: 2352
Processing buffer with 28 tokens, total collected: 84
Audio generation rate: 0.39 chunks/second
Progress: 5.0 tokens/sec, est. 28.3s audio generated, 2373 tokens, 333 chunks in 478.3s
Progress: 4.8 tokens/sec, est. 0.9s audio generated, 102 tokens, 10 chunks in 21.0s
Progress: 5.0 tokens/sec, est. 28.3s audio generated, 2383 tokens, 333 chunks in 480.4s
Token processing rate: 4.9 tokens/second
Audio generation rate: 0.69 chunks/second
Progress: 4.8 tokens/sec, est. 0.9s audio generated, 112 tokens, 10 chunks in 23.2s
Token processing rate: 3.6 tokens/second
Audio generation rate: 0.42 chunks/second
Progress: 5.0 tokens/sec, est. 28.6s audio generated, 2393 tokens, 336 chunks in 482.5s
Progress: 4.8 tokens/sec, est. 1.0s audio generated, 122 tokens, 12 chunks in 25.3s
Processing buffer with 28 tokens, total collected: 2380
Audio generation rate: 0.69 chunks/second
Processing buffer with 28 tokens, total collected: 112
Audio generation rate: 0.44 chunks/second
Progress: 5.0 tokens/sec, est. 28.7s audio generated, 2403 tokens, 338 chunks in 484.7s
Progress: 4.8 tokens/sec, est. 1.2s audio generated, 132 tokens, 14 chunks in 27.4s
Progress: 5.0 tokens/sec, est. 28.7s audio generated, 2413 tokens, 338 chunks in 486.8s
Progress: 4.8 tokens/sec, est. 1.2s audio generated, 142 tokens, 14 chunks in 29.6s
Token processing rate: 4.9 tokens/second
Audio generation rate: 0.69 chunks/second
Token processing rate: 3.8 tokens/second
Audio generation rate: 0.45 chunks/second
Processing buffer with 28 tokens, total collected: 140
Progress: 5.0 tokens/sec, est. 28.9s audio generated, 2423 tokens, 340 chunks in 489.0s
Progress: 4.8 tokens/sec, est. 1.4s audio generated, 152 tokens, 17 chunks in 31.8s
Processing buffer with 28 tokens, total collected: 2408
Audio generation rate: 0.69 chunks/second
Progress: 5.0 tokens/sec, est. 29.2s audio generated, 2433 tokens, 343 chunks in 491.2s
Audio generation rate: 0.49 chunks/second
Progress: 4.8 tokens/sec, est. 1.6s audio generated, 162 tokens, 19 chunks in 34.0s
Progress: 5.0 tokens/sec, est. 29.2s audio generated, 2443 tokens, 343 chunks in 493.4s
Progress: 4.8 tokens/sec, est. 1.6s audio generated, 172 tokens, 19 chunks in 36.2s
Token processing rate: 4.9 tokens/second
Audio generation rate: 0.69 chunks/second
Processing buffer with 28 tokens, total collected: 2436
Token processing rate: 3.9 tokens/second
Audio generation rate: 0.50 chunks/second
Processing buffer with 28 tokens, total collected: 168
Progress: 4.9 tokens/sec, est. 29.3s audio generated, 2453 tokens, 345 chunks in 495.7s
Progress: 4.7 tokens/sec, est. 1.8s audio generated, 181 tokens, 21 chunks in 38.2s
Progress: 4.9 tokens/sec, est. 29.3s audio generated, 2462 tokens, 345 chunks in 497.7s
Progress: 4.7 tokens/sec, est. 1.8s audio generated, 190 tokens, 21 chunks in 40.2s
Audio generation rate: 0.69 chunks/second
Audio generation rate: 0.50 chunks/second
Progress: 4.9 tokens/sec, est. 29.5s audio generated, 2471 tokens, 347 chunks in 499.8s
Progress: 4.7 tokens/sec, est. 2.0s audio generated, 199 tokens, 24 chunks in 42.4s
Progress: 4.9 tokens/sec, est. 29.5s audio generated, 2479 tokens, 347 chunks in 501.8s
Token processing rate: 4.9 tokens/second
Audio generation rate: 0.69 chunks/second
Processing buffer with 28 tokens, total collected: 2464
Progress: 4.7 tokens/sec, est. 2.0s audio generated, 207 tokens, 24 chunks in 44.5s
Token processing rate: 4.0 tokens/second
Processing buffer with 28 tokens, total collected: 196
Audio generation rate: 0.52 chunks/second
Progress: 4.9 tokens/sec, est. 29.7s audio generated, 2487 tokens, 349 chunks in 503.9s
Progress: 4.6 tokens/sec, est. 2.2s audio generated, 216 tokens, 26 chunks in 46.7s
Progress: 4.9 tokens/sec, est. 29.7s audio generated, 2496 tokens, 349 chunks in 506.0s
Audio generation rate: 0.69 chunks/second
Audio generation rate: 0.52 chunks/second
Progress: 4.6 tokens/sec, est. 2.4s audio generated, 225 tokens, 28 chunks in 48.7s
Progress: 4.9 tokens/sec, est. 29.9s audio generated, 2505 tokens, 352 chunks in 508.0s
Progress: 4.6 tokens/sec, est. 2.4s audio generated, 234 tokens, 28 chunks in 50.8s
Token processing rate: 4.9 tokens/second
Processing buffer with 28 tokens, total collected: 2492
Audio generation rate: 0.69 chunks/second
Token processing rate: 4.0 tokens/second
Processing buffer with 28 tokens, total collected: 224
Progress: 4.9 tokens/sec, est. 30.1s audio generated, 2514 tokens, 354 chunks in 510.1s
Audio generation rate: 0.52 chunks/second
Progress: 4.6 tokens/sec, est. 2.6s audio generated, 243 tokens, 30 chunks in 52.9s
Progress: 4.9 tokens/sec, est. 30.1s audio generated, 2523 tokens, 354 chunks in 512.2s
Progress: 4.6 tokens/sec, est. 2.6s audio generated, 252 tokens, 30 chunks in 55.0s
Audio generation rate: 0.69 chunks/second
Audio generation rate: 0.52 chunks/second
Processing buffer with 28 tokens, total collected: 252
Progress: 4.9 tokens/sec, est. 30.3s audio generated, 2532 tokens, 356 chunks in 514.3s
Progress: 4.6 tokens/sec, est. 2.8s audio generated, 261 tokens, 33 chunks in 57.1s
Progress: 4.9 tokens/sec, est. 30.3s audio generated, 2541 tokens, 356 chunks in 516.5s
Progress: 4.6 tokens/sec, est. 2.8s audio generated, 270 tokens, 33 chunks in 59.3s
Token processing rate: 4.9 tokens/second
Processing buffer with 28 tokens, total collected: 2520
Audio generation rate: 0.69 chunks/second
Token processing rate: 4.0 tokens/second
Audio generation rate: 0.54 chunks/second
Progress: 4.9 tokens/sec, est. 30.5s audio generated, 2550 tokens, 359 chunks in 518.6s
Progress: 4.5 tokens/sec, est. 3.0s audio generated, 279 tokens, 35 chunks in 61.4s
Progress: 4.9 tokens/sec, est. 30.5s audio generated, 2559 tokens, 359 chunks in 520.8s
Audio generation rate: 0.69 chunks/second
Processing buffer with 28 tokens, total collected: 2548
Progress: 4.5 tokens/sec, est. 3.0s audio generated, 288 tokens, 35 chunks in 63.6s
Audio generation rate: 0.54 chunks/second
Processing buffer with 28 tokens, total collected: 280
Progress: 4.9 tokens/sec, est. 30.7s audio generated, 2568 tokens, 361 chunks in 522.9s
Progress: 4.5 tokens/sec, est. 3.1s audio generated, 297 tokens, 37 chunks in 65.8s
Token processing rate: 4.8 tokens/second
Audio generation rate: 0.69 chunks/second
Progress: 4.9 tokens/sec, est. 30.9s audio generated, 2577 tokens, 363 chunks in 525.1s
Token processing rate: 4.0 tokens/second
Audio generation rate: 0.54 chunks/second
Progress: 4.5 tokens/sec, est. 3.4s audio generated, 306 tokens, 40 chunks in 68.0s
Progress: 4.9 tokens/sec, est. 30.9s audio generated, 2586 tokens, 363 chunks in 527.3s
Progress: 4.5 tokens/sec, est. 3.4s audio generated, 315 tokens, 40 chunks in 70.2s
Audio generation rate: 0.69 chunks/second
Processing buffer with 28 tokens, total collected: 2576
Processing buffer with 28 tokens, total collected: 308
Audio generation rate: 0.55 chunks/second
Progress: 4.9 tokens/sec, est. 31.0s audio generated, 2595 tokens, 365 chunks in 529.5s
Progress: 4.5 tokens/sec, est. 3.6s audio generated, 324 tokens, 42 chunks in 72.4s
Progress: 4.9 tokens/sec, est. 31.0s audio generated, 2604 tokens, 365 chunks in 531.7s
Progress: 4.5 tokens/sec, est. 3.6s audio generated, 333 tokens, 42 chunks in 74.6s
Token processing rate: 4.8 tokens/second
Audio generation rate: 0.68 chunks/second
Token processing rate: 4.0 tokens/second
Audio generation rate: 0.55 chunks/second
Progress: 4.9 tokens/sec, est. 31.3s audio generated, 2613 tokens, 368 chunks in 534.0s
Progress: 4.5 tokens/sec, est. 3.7s audio generated, 342 tokens, 44 chunks in 76.8s
Progress: 4.9 tokens/sec, est. 31.3s audio generated, 2622 tokens, 368 chunks in 536.2s
Processing buffer with 28 tokens, total collected: 2604
Audio generation rate: 0.69 chunks/second
Progress: 4.4 tokens/sec, est. 3.7s audio generated, 351 tokens, 44 chunks in 79.1s
Processing buffer with 28 tokens, total collected: 336
Audio generation rate: 0.55 chunks/second
Progress: 4.9 tokens/sec, est. 31.5s audio generated, 2631 tokens, 370 chunks in 538.5s
Progress: 4.4 tokens/sec, est. 3.9s audio generated, 359 tokens, 46 chunks in 81.1s
Progress: 4.9 tokens/sec, est. 31.5s audio generated, 2639 tokens, 370 chunks in 540.5s
Token processing rate: 4.8 tokens/second
Audio generation rate: 0.68 chunks/second
Progress: 4.4 tokens/sec, est. 3.9s audio generated, 367 tokens, 46 chunks in 83.1s
Token processing rate: 4.0 tokens/second
Audio generation rate: 0.54 chunks/second
Processing buffer with 28 tokens, total collected: 364
Progress: 4.9 tokens/sec, est. 31.6s audio generated, 2647 tokens, 372 chunks in 542.5s
Progress: 4.4 tokens/sec, est. 4.2s audio generated, 375 tokens, 49 chunks in 85.1s
Progress: 4.9 tokens/sec, est. 31.6s audio generated, 2655 tokens, 372 chunks in 544.5s
Processing buffer with 28 tokens, total collected: 2632
Audio generation rate: 0.68 chunks/second
Progress: 4.4 tokens/sec, est. 4.2s audio generated, 383 tokens, 49 chunks in 87.1s
Audio generation rate: 0.55 chunks/second
Progress: 4.9 tokens/sec, est. 31.9s audio generated, 2663 tokens, 375 chunks in 546.6s
Progress: 4.4 tokens/sec, est. 4.3s audio generated, 391 tokens, 51 chunks in 89.3s
Progress: 4.9 tokens/sec, est. 31.9s audio generated, 2670 tokens, 375 chunks in 548.7s
Progress: 4.4 tokens/sec, est. 4.3s audio generated, 398 tokens, 51 chunks in 91.4s
Token processing rate: 4.8 tokens/second
Audio generation rate: 0.68 chunks/second
Processing buffer with 28 tokens, total collected: 2660
Token processing rate: 4.0 tokens/second
Audio generation rate: 0.54 chunks/second
Processing buffer with 28 tokens, total collected: 392
Progress: 4.9 tokens/sec, est. 32.0s audio generated, 2677 tokens, 377 chunks in 550.8s
Progress: 4.3 tokens/sec, est. 4.5s audio generated, 405 tokens, 53 chunks in 93.4s
Progress: 4.9 tokens/sec, est. 32.0s audio generated, 2685 tokens, 377 chunks in 552.9s
Progress: 4.3 tokens/sec, est. 4.5s audio generated, 413 tokens, 53 chunks in 95.5s
Audio generation rate: 0.68 chunks/second
Audio generation rate: 0.54 chunks/second
Progress: 4.9 tokens/sec, est. 32.2s audio generated, 2693 tokens, 379 chunks in 555.0s
Progress: 4.3 tokens/sec, est. 4.8s audio generated, 421 tokens, 56 chunks in 97.6s
Progress: 4.8 tokens/sec, est. 32.2s audio generated, 2701 tokens, 379 chunks in 557.1s
Token processing rate: 4.8 tokens/second
Audio generation rate: 0.68 chunks/second
Processing buffer with 28 tokens, total collected: 2688
Progress: 4.3 tokens/sec, est. 4.8s audio generated, 427 tokens, 56 chunks in 100.5s
Progress: 4.8 tokens/sec, est. 32.4s audio generated, 2709 tokens, 381 chunks in 559.2s
Token processing rate: 3.9 tokens/second
Processing buffer with 28 tokens, total collected: 420
Audio generation rate: 0.54 chunks/second
Progress: 4.2 tokens/sec, est. 4.8s audio generated, 435 tokens, 57 chunks in 102.6s
Progress: 4.8 tokens/sec, est. 32.4s audio generated, 2717 tokens, 381 chunks in 561.3s
Token generation complete: 446 tokens in 106.89s (4.2 tokens/sec)
Generated 57 audio segments
Generated 4.86 seconds of audio in 106.89 seconds
Realtime factor: 0.05x
Warning: Generation is slower than realtime
Total speech generation completed in 106.89 seconds
INFO:     127.0.0.1:59712 - "POST /v1/audio/speech HTTP/1.1" 200 OK
Audio generation rate: 0.68 chunks/second
Progress: 4.8 tokens/sec, est. 32.6s audio generated, 2726 tokens, 384 chunks in 563.4s
Progress: 4.8 tokens/sec, est. 32.6s audio generated, 2735 tokens, 384 chunks in 565.5s
Token processing rate: 4.8 tokens/second
Processing buffer with 28 tokens, total collected: 2716
Audio generation rate: 0.68 chunks/second
Progress: 4.8 tokens/sec, est. 32.8s audio generated, 2744 tokens, 386 chunks in 567.6s
Audio generation rate: 0.68 chunks/second
Progress: 4.8 tokens/sec, est. 33.0s audio generated, 2753 tokens, 388 chunks in 569.7s
Progress: 4.8 tokens/sec, est. 33.0s audio generated, 2762 tokens, 388 chunks in 571.8s
Token processing rate: 4.8 tokens/second
Processing buffer with 28 tokens, total collected: 2744
Audio generation rate: 0.68 chunks/second
Progress: 4.8 tokens/sec, est. 33.2s audio generated, 2771 tokens, 391 chunks in 573.9s
Progress: 4.8 tokens/sec, est. 33.2s audio generated, 2780 tokens, 391 chunks in 576.0s
Audio generation rate: 0.68 chunks/second
Processing buffer with 28 tokens, total collected: 2772
Progress: 4.8 tokens/sec, est. 33.4s audio generated, 2789 tokens, 393 chunks in 578.1s
Progress: 4.8 tokens/sec, est. 33.4s audio generated, 2798 tokens, 393 chunks in 580.2s
Token processing rate: 4.8 tokens/second
Audio generation rate: 0.68 chunks/second
Progress: 4.8 tokens/sec, est. 33.6s audio generated, 2807 tokens, 395 chunks in 582.3s
Progress: 4.8 tokens/sec, est. 33.6s audio generated, 2816 tokens, 395 chunks in 584.5s
Audio generation rate: 0.68 chunks/second
Processing buffer with 28 tokens, total collected: 2800
Progress: 4.8 tokens/sec, est. 33.7s audio generated, 2825 tokens, 397 chunks in 586.6s
Token processing rate: 4.8 tokens/second
Audio generation rate: 0.67 chunks/second
Progress: 4.8 tokens/sec, est. 34.0s audio generated, 2834 tokens, 400 chunks in 588.7s
Progress: 4.8 tokens/sec, est. 34.0s audio generated, 2843 tokens, 400 chunks in 590.8s
Processing buffer with 28 tokens, total collected: 2828
Audio generation rate: 0.68 chunks/second
Progress: 4.8 tokens/sec, est. 34.2s audio generated, 2852 tokens, 402 chunks in 592.9s
Progress: 4.8 tokens/sec, est. 34.2s audio generated, 2861 tokens, 402 chunks in 595.0s
Token processing rate: 4.8 tokens/second
Audio generation rate: 0.67 chunks/second
Progress: 4.8 tokens/sec, est. 34.3s audio generated, 2869 tokens, 404 chunks in 597.2s
Progress: 4.8 tokens/sec, est. 34.3s audio generated, 2876 tokens, 404 chunks in 599.2s
Processing buffer with 28 tokens, total collected: 2856
Audio generation rate: 0.67 chunks/second
Progress: 4.8 tokens/sec, est. 34.6s audio generated, 2883 tokens, 407 chunks in 601.3s
Progress: 4.8 tokens/sec, est. 34.6s audio generated, 2892 tokens, 407 chunks in 603.4s
Token processing rate: 4.7 tokens/second
Audio generation rate: 0.67 chunks/second
Processing buffer with 28 tokens, total collected: 2884
Progress: 4.8 tokens/sec, est. 34.8s audio generated, 2901 tokens, 409 chunks in 605.6s
Progress: 4.8 tokens/sec, est. 34.8s audio generated, 2910 tokens, 409 chunks in 607.7s
Audio generation rate: 0.67 chunks/second
Progress: 4.8 tokens/sec, est. 34.9s audio generated, 2919 tokens, 411 chunks in 609.9s
Progress: 4.8 tokens/sec, est. 34.9s audio generated, 2928 tokens, 411 chunks in 612.0s
Token processing rate: 4.7 tokens/second
Audio generation rate: 0.67 chunks/second
Processing buffer with 28 tokens, total collected: 2912
Progress: 4.8 tokens/sec, est. 35.1s audio generated, 2937 tokens, 413 chunks in 614.2s
Audio generation rate: 0.67 chunks/second
Progress: 4.8 tokens/sec, est. 35.4s audio generated, 2946 tokens, 416 chunks in 616.3s
Progress: 4.8 tokens/sec, est. 35.4s audio generated, 2955 tokens, 416 chunks in 618.5s
Token processing rate: 4.7 tokens/second
Processing buffer with 28 tokens, total collected: 2940
Audio generation rate: 0.67 chunks/second
Progress: 4.8 tokens/sec, est. 35.5s audio generated, 2964 tokens, 418 chunks in 620.6s
Progress: 4.8 tokens/sec, est. 35.5s audio generated, 2973 tokens, 418 chunks in 622.8s
Audio generation rate: 0.67 chunks/second
Progress: 4.8 tokens/sec, est. 35.7s audio generated, 2982 tokens, 420 chunks in 625.0s
Progress: 4.8 tokens/sec, est. 35.7s audio generated, 2991 tokens, 420 chunks in 627.1s
Token processing rate: 4.7 tokens/second
Processing buffer with 28 tokens, total collected: 2968
Audio generation rate: 0.67 chunks/second
Progress: 4.8 tokens/sec, est. 36.0s audio generated, 3000 tokens, 423 chunks in 629.3s
Audio generation rate: 0.67 chunks/second
Processing buffer with 28 tokens, total collected: 2996
Progress: 4.8 tokens/sec, est. 36.1s audio generated, 3009 tokens, 425 chunks in 631.5s
Progress: 4.8 tokens/sec, est. 36.1s audio generated, 3018 tokens, 425 chunks in 633.7s
Token processing rate: 4.7 tokens/second
Audio generation rate: 0.67 chunks/second
Progress: 4.8 tokens/sec, est. 36.3s audio generated, 3027 tokens, 427 chunks in 635.9s
Progress: 4.8 tokens/sec, est. 36.3s audio generated, 3036 tokens, 427 chunks in 638.1s
Audio generation rate: 0.67 chunks/second
Processing buffer with 28 tokens, total collected: 3024
Progress: 4.8 tokens/sec, est. 36.5s audio generated, 3045 tokens, 429 chunks in 640.3s
Progress: 4.8 tokens/sec, est. 36.5s audio generated, 3054 tokens, 429 chunks in 642.5s
Token processing rate: 4.7 tokens/second
Audio generation rate: 0.67 chunks/second
Progress: 4.8 tokens/sec, est. 36.7s audio generated, 3063 tokens, 432 chunks in 644.7s
Progress: 4.7 tokens/sec, est. 36.7s audio generated, 3071 tokens, 432 chunks in 646.9s
Processing buffer with 28 tokens, total collected: 3052
Audio generation rate: 0.67 chunks/second
Progress: 4.7 tokens/sec, est. 36.9s audio generated, 3079 tokens, 434 chunks in 649.1s
Progress: 4.7 tokens/sec, est. 36.9s audio generated, 3087 tokens, 434 chunks in 651.4s
Token processing rate: 4.7 tokens/second
Audio generation rate: 0.67 chunks/second
Progress: 4.7 tokens/sec, est. 37.1s audio generated, 3094 tokens, 436 chunks in 653.4s
Progress: 4.7 tokens/sec, est. 37.1s audio generated, 3102 tokens, 436 chunks in 655.6s
Processing buffer with 28 tokens, total collected: 3080
Audio generation rate: 0.66 chunks/second
Progress: 4.7 tokens/sec, est. 37.3s audio generated, 3109 tokens, 439 chunks in 657.6s
Progress: 4.7 tokens/sec, est. 37.3s audio generated, 3117 tokens, 439 chunks in 659.9s
Token processing rate: 4.7 tokens/second
Audio generation rate: 0.66 chunks/second
Processing buffer with 28 tokens, total collected: 3108
Progress: 4.7 tokens/sec, est. 37.5s audio generated, 3124 tokens, 441 chunks in 661.9s
Progress: 4.7 tokens/sec, est. 37.5s audio generated, 3132 tokens, 441 chunks in 664.2s
Audio generation rate: 0.66 chunks/second
Progress: 4.7 tokens/sec, est. 37.7s audio generated, 3140 tokens, 443 chunks in 666.4s
Progress: 4.7 tokens/sec, est. 37.7s audio generated, 3149 tokens, 443 chunks in 668.6s
Token processing rate: 4.7 tokens/second
Audio generation rate: 0.66 chunks/second
Processing buffer with 28 tokens, total collected: 3136
Progress: 4.7 tokens/sec, est. 37.8s audio generated, 3158 tokens, 445 chunks in 670.8s
Progress: 4.7 tokens/sec, est. 37.8s audio generated, 3167 tokens, 445 chunks in 673.1s
Audio generation rate: 0.66 chunks/second
Progress: 4.7 tokens/sec, est. 38.1s audio generated, 3175 tokens, 448 chunks in 675.1s
Progress: 4.7 tokens/sec, est. 38.1s audio generated, 3184 tokens, 448 chunks in 677.3s
Token processing rate: 4.7 tokens/second
Processing buffer with 28 tokens, total collected: 3164
Audio generation rate: 0.66 chunks/second
Progress: 4.7 tokens/sec, est. 38.2s audio generated, 3193 tokens, 450 chunks in 679.5s
Audio generation rate: 0.66 chunks/second
Progress: 4.7 tokens/sec, est. 38.4s audio generated, 3201 tokens, 452 chunks in 681.5s
Progress: 4.7 tokens/sec, est. 38.4s audio generated, 3209 tokens, 452 chunks in 683.6s
Token processing rate: 4.6 tokens/second
Processing buffer with 28 tokens, total collected: 3192
Audio generation rate: 0.66 chunks/second
Progress: 4.7 tokens/sec, est. 38.7s audio generated, 3217 tokens, 455 chunks in 685.6s
Progress: 4.7 tokens/sec, est. 38.7s audio generated, 3226 tokens, 455 chunks in 687.8s
Audio generation rate: 0.66 chunks/second
Processing buffer with 28 tokens, total collected: 3220
Progress: 4.7 tokens/sec, est. 38.8s audio generated, 3234 tokens, 457 chunks in 689.8s
Progress: 4.7 tokens/sec, est. 38.8s audio generated, 3242 tokens, 457 chunks in 691.8s
Token processing rate: 4.6 tokens/second
Audio generation rate: 0.66 chunks/second
Progress: 4.7 tokens/sec, est. 39.0s audio generated, 3249 tokens, 459 chunks in 693.9s
Progress: 4.7 tokens/sec, est. 39.0s audio generated, 3256 tokens, 459 chunks in 695.9s
Progress: 4.7 tokens/sec, est. 39.0s audio generated, 3263 tokens, 459 chunks in 698.0s
Audio generation rate: 0.66 chunks/second
Processing buffer with 28 tokens, total collected: 3248
Progress: 4.7 tokens/sec, est. 39.2s audio generated, 3271 tokens, 461 chunks in 700.3s
Progress: 4.7 tokens/sec, est. 39.2s audio generated, 3279 tokens, 461 chunks in 702.3s
Token processing rate: 4.6 tokens/second
Audio generation rate: 0.66 chunks/second
Progress: 4.7 tokens/sec, est. 39.4s audio generated, 3287 tokens, 464 chunks in 704.3s
Progress: 4.7 tokens/sec, est. 39.4s audio generated, 3295 tokens, 464 chunks in 706.3s
Processing buffer with 28 tokens, total collected: 3276
Audio generation rate: 0.66 chunks/second
Progress: 4.7 tokens/sec, est. 39.6s audio generated, 3303 tokens, 466 chunks in 708.3s
Progress: 4.7 tokens/sec, est. 39.6s audio generated, 3311 tokens, 466 chunks in 710.3s
Token processing rate: 4.6 tokens/second
Audio generation rate: 0.66 chunks/second
Progress: 4.7 tokens/sec, est. 39.8s audio generated, 3319 tokens, 468 chunks in 712.4s
Progress: 4.7 tokens/sec, est. 39.8s audio generated, 3327 tokens, 468 chunks in 714.4s
Processing buffer with 28 tokens, total collected: 3304
Audio generation rate: 0.65 chunks/second
Progress: 4.7 tokens/sec, est. 40.0s audio generated, 3335 tokens, 471 chunks in 716.4s
Progress: 4.7 tokens/sec, est. 40.0s audio generated, 3343 tokens, 471 chunks in 718.5s
Token processing rate: 4.6 tokens/second
Audio generation rate: 0.66 chunks/second
Processing buffer with 28 tokens, total collected: 3332
Progress: 4.7 tokens/sec, est. 40.2s audio generated, 3351 tokens, 473 chunks in 720.5s
Progress: 4.6 tokens/sec, est. 40.2s audio generated, 3359 tokens, 473 chunks in 722.5s
Audio generation rate: 0.65 chunks/second
Progress: 4.6 tokens/sec, est. 40.4s audio generated, 3367 tokens, 475 chunks in 724.6s
Progress: 4.6 tokens/sec, est. 40.4s audio generated, 3375 tokens, 475 chunks in 726.6s
Token processing rate: 4.6 tokens/second
Audio generation rate: 0.65 chunks/second
Processing buffer with 28 tokens, total collected: 3360
Progress: 4.6 tokens/sec, est. 40.5s audio generated, 3383 tokens, 477 chunks in 728.7s
Progress: 4.6 tokens/sec, est. 40.5s audio generated, 3391 tokens, 477 chunks in 730.7s
Audio generation rate: 0.65 chunks/second
Progress: 4.6 tokens/sec, est. 40.8s audio generated, 3399 tokens, 480 chunks in 732.8s
Progress: 4.6 tokens/sec, est. 40.8s audio generated, 3407 tokens, 480 chunks in 734.8s
Token processing rate: 4.6 tokens/second
Processing buffer with 28 tokens, total collected: 3388
Audio generation rate: 0.65 chunks/second
Progress: 4.6 tokens/sec, est. 41.0s audio generated, 3415 tokens, 482 chunks in 736.9s
Progress: 4.6 tokens/sec, est. 41.0s audio generated, 3423 tokens, 482 chunks in 738.9s
Audio generation rate: 0.65 chunks/second
Progress: 4.6 tokens/sec, est. 41.1s audio generated, 3431 tokens, 484 chunks in 741.0s
Progress: 4.6 tokens/sec, est. 41.1s audio generated, 3439 tokens, 484 chunks in 743.1s
Token processing rate: 4.6 tokens/second
Processing buffer with 28 tokens, total collected: 3416
Audio generation rate: 0.65 chunks/second
Progress: 4.6 tokens/sec, est. 41.4s audio generated, 3445 tokens, 487 chunks in 745.2s
Progress: 4.6 tokens/sec, est. 41.4s audio generated, 3451 tokens, 487 chunks in 747.6s
Token processing rate: 4.6 tokens/second
Audio generation rate: 0.65 chunks/second
Processing buffer with 28 tokens, total collected: 3444
Progress: 4.6 tokens/sec, est. 41.6s audio generated, 3457 tokens, 489 chunks in 749.6s
Progress: 4.6 tokens/sec, est. 41.6s audio generated, 3465 tokens, 489 chunks in 751.8s
Progress: 4.6 tokens/sec, est. 41.6s audio generated, 3469 tokens, 489 chunks in 754.5s
Progress: 4.6 tokens/sec, est. 41.6s audio generated, 3472 tokens, 489 chunks in 757.1s
Token processing rate: 4.5 tokens/second
Audio generation rate: 0.65 chunks/second
Progress: 4.6 tokens/sec, est. 41.7s audio generated, 3475 tokens, 491 chunks in 759.6s
Progress: 4.6 tokens/sec, est. 41.7s audio generated, 3478 tokens, 491 chunks in 762.1s
Progress: 4.6 tokens/sec, est. 41.7s audio generated, 3481 tokens, 491 chunks in 764.5s
Progress: 4.5 tokens/sec, est. 41.7s audio generated, 3484 tokens, 491 chunks in 767.1s
Progress: 4.5 tokens/sec, est. 41.7s audio generated, 3487 tokens, 491 chunks in 769.6s
Token processing rate: 4.5 tokens/second
Audio generation rate: 0.64 chunks/second
Processing buffer with 28 tokens, total collected: 3472
Progress: 4.5 tokens/sec, est. 41.9s audio generated, 3490 tokens, 493 chunks in 772.2s
Progress: 4.5 tokens/sec, est. 41.9s audio generated, 3493 tokens, 493 chunks in 774.6s
Progress: 4.5 tokens/sec, est. 41.9s audio generated, 3496 tokens, 493 chunks in 777.2s
Progress: 4.5 tokens/sec, est. 41.9s audio generated, 3499 tokens, 493 chunks in 779.7s
Progress: 4.5 tokens/sec, est. 41.9s audio generated, 3502 tokens, 493 chunks in 782.3s
Token processing rate: 4.4 tokens/second
Audio generation rate: 0.63 chunks/second
Progress: 4.5 tokens/sec, est. 42.2s audio generated, 3505 tokens, 496 chunks in 784.8s
Progress: 4.5 tokens/sec, est. 42.2s audio generated, 3508 tokens, 496 chunks in 787.3s
Progress: 4.4 tokens/sec, est. 42.2s audio generated, 3511 tokens, 496 chunks in 789.9s
Progress: 4.4 tokens/sec, est. 42.2s audio generated, 3514 tokens, 496 chunks in 792.5s
Progress: 4.4 tokens/sec, est. 42.2s audio generated, 3517 tokens, 496 chunks in 795.2s
Progress: 4.4 tokens/sec, est. 42.2s audio generated, 3520 tokens, 496 chunks in 797.5s
Token processing rate: 4.4 tokens/second
Processing buffer with 28 tokens, total collected: 3500
Audio generation rate: 0.62 chunks/second
Progress: 4.4 tokens/sec, est. 42.3s audio generated, 3523 tokens, 498 chunks in 800.2s
Progress: 4.4 tokens/sec, est. 42.3s audio generated, 3526 tokens, 498 chunks in 802.8s
Progress: 4.4 tokens/sec, est. 42.3s audio generated, 3529 tokens, 498 chunks in 805.3s
Progress: 4.4 tokens/sec, est. 42.3s audio generated, 3532 tokens, 498 chunks in 807.4s
Progress: 4.4 tokens/sec, est. 42.3s audio generated, 3535 tokens, 498 chunks in 810.1s
Token processing rate: 4.3 tokens/second
Audio generation rate: 0.61 chunks/second
Progress: 4.4 tokens/sec, est. 42.5s audio generated, 3538 tokens, 500 chunks in 812.6s
Progress: 4.3 tokens/sec, est. 42.5s audio generated, 3541 tokens, 500 chunks in 815.1s
Progress: 4.3 tokens/sec, est. 42.5s audio generated, 3544 tokens, 500 chunks in 817.7s
Progress: 4.3 tokens/sec, est. 42.5s audio generated, 3547 tokens, 500 chunks in 820.3s
Progress: 4.3 tokens/sec, est. 42.5s audio generated, 3550 tokens, 500 chunks in 822.9s
Token processing rate: 4.3 tokens/second
Processing buffer with 28 tokens, total collected: 3528
Audio generation rate: 0.61 chunks/second
Progress: 4.3 tokens/sec, est. 42.8s audio generated, 3553 tokens, 503 chunks in 825.5s
Progress: 4.3 tokens/sec, est. 42.8s audio generated, 3556 tokens, 503 chunks in 828.3s
Progress: 4.3 tokens/sec, est. 42.8s audio generated, 3559 tokens, 503 chunks in 830.8s
Progress: 4.3 tokens/sec, est. 42.8s audio generated, 3562 tokens, 503 chunks in 833.3s
Progress: 4.3 tokens/sec, est. 42.8s audio generated, 3565 tokens, 503 chunks in 835.9s
Progress: 4.3 tokens/sec, est. 42.8s audio generated, 3568 tokens, 503 chunks in 838.1s
Token processing rate: 4.2 tokens/second
Audio generation rate: 0.60 chunks/second
Processing buffer with 28 tokens, total collected: 3556
Progress: 4.3 tokens/sec, est. 42.9s audio generated, 3573 tokens, 505 chunks in 840.4s
Progress: 4.2 tokens/sec, est. 42.9s audio generated, 3578 tokens, 505 chunks in 842.8s
Progress: 4.2 tokens/sec, est. 42.9s audio generated, 3583 tokens, 505 chunks in 845.0s
Token processing rate: 4.2 tokens/second
Audio generation rate: 0.60 chunks/second
Progress: 4.2 tokens/sec, est. 43.1s audio generated, 3588 tokens, 507 chunks in 847.3s
Progress: 4.2 tokens/sec, est. 43.1s audio generated, 3593 tokens, 507 chunks in 849.6s
Progress: 4.2 tokens/sec, est. 43.1s audio generated, 3598 tokens, 507 chunks in 851.9s
Token processing rate: 4.2 tokens/second
Audio generation rate: 0.59 chunks/second
Processing buffer with 28 tokens, total collected: 3584
Progress: 4.2 tokens/sec, est. 43.3s audio generated, 3603 tokens, 509 chunks in 854.2s
Progress: 4.2 tokens/sec, est. 43.3s audio generated, 3608 tokens, 509 chunks in 856.5s
Progress: 4.2 tokens/sec, est. 43.3s audio generated, 3613 tokens, 509 chunks in 858.8s
Token processing rate: 4.2 tokens/second
Audio generation rate: 0.59 chunks/second
Progress: 4.2 tokens/sec, est. 43.5s audio generated, 3618 tokens, 512 chunks in 861.1s
Progress: 4.2 tokens/sec, est. 43.5s audio generated, 3623 tokens, 512 chunks in 863.4s
Progress: 4.2 tokens/sec, est. 43.5s audio generated, 3628 tokens, 512 chunks in 865.8s
Token processing rate: 4.1 tokens/second
Processing buffer with 28 tokens, total collected: 3612
Audio generation rate: 0.59 chunks/second
Progress: 4.2 tokens/sec, est. 43.7s audio generated, 3633 tokens, 514 chunks in 868.0s
Starting speech generation for 'It seems like your query is unclear or incomplete....'
Using voice: tara, GPU acceleration: Yes
Generating speech for: <|audio|>tara: It seems like your query is unclear or incomplete. Could you please provide more details so I can assist you better?<|eot_id|>
Progress: 4.2 tokens/sec, est. 43.7s audio generated, 3636 tokens, 514 chunks in 870.1s
Progress: 4.2 tokens/sec, est. 43.7s audio generated, 3645 tokens, 514 chunks in 872.2s
Progress: 4.6 tokens/sec, est. 0.0s audio generated, 10 tokens, 0 chunks in 2.2s
Token processing rate: 4.1 tokens/second
Audio generation rate: 0.59 chunks/second
Progress: 4.2 tokens/sec, est. 43.9s audio generated, 3653 tokens, 516 chunks in 874.4s
Token processing rate: 0.2 tokens/second
Progress: 4.1 tokens/sec, est. 0.0s audio generated, 18 tokens, 0 chunks in 4.4s
Progress: 4.2 tokens/sec, est. 43.9s audio generated, 3661 tokens, 516 chunks in 876.6s
Progress: 4.0 tokens/sec, est. 0.0s audio generated, 26 tokens, 0 chunks in 6.5s
Processing buffer with 28 tokens, total collected: 3640
Audio generation rate: 0.59 chunks/second
Progress: 4.2 tokens/sec, est. 44.1s audio generated, 3669 tokens, 519 chunks in 878.8s
Processing buffer with 28 tokens, total collected: 28
Audio generation rate: 0.10 chunks/second
Progress: 3.9 tokens/sec, est. 0.1s audio generated, 34 tokens, 1 chunks in 8.7s
Progress: 4.2 tokens/sec, est. 44.1s audio generated, 3677 tokens, 519 chunks in 881.0s
Token processing rate: 4.1 tokens/second
Progress: 3.8 tokens/sec, est. 0.1s audio generated, 42 tokens, 1 chunks in 11.0s
Audio generation rate: 0.59 chunks/second
Processing buffer with 28 tokens, total collected: 3668
Progress: 4.2 tokens/sec, est. 44.3s audio generated, 3685 tokens, 521 chunks in 883.2s
Token processing rate: 2.1 tokens/second
Audio generation rate: 0.14 chunks/second
Progress: 3.8 tokens/sec, est. 0.3s audio generated, 50 tokens, 3 chunks in 13.2s
Progress: 4.2 tokens/sec, est. 44.3s audio generated, 3693 tokens, 521 chunks in 885.5s
Progress: 3.8 tokens/sec, est. 0.3s audio generated, 58 tokens, 3 chunks in 15.4s
Audio generation rate: 0.59 chunks/second
Progress: 4.2 tokens/sec, est. 44.5s audio generated, 3701 tokens, 523 chunks in 887.7s
Audio generation rate: 0.21 chunks/second
Processing buffer with 28 tokens, total collected: 56
Progress: 3.7 tokens/sec, est. 0.4s audio generated, 66 tokens, 5 chunks in 17.7s
Progress: 4.2 tokens/sec, est. 44.5s audio generated, 3709 tokens, 523 chunks in 890.0s
Progress: 3.7 tokens/sec, est. 0.4s audio generated, 74 tokens, 5 chunks in 20.0s
Token processing rate: 4.1 tokens/second
Audio generation rate: 0.59 chunks/second
Processing buffer with 28 tokens, total collected: 3696
Progress: 4.2 tokens/sec, est. 44.6s audio generated, 3717 tokens, 525 chunks in 892.2s
Token processing rate: 2.7 tokens/second
Audio generation rate: 0.26 chunks/second
Progress: 3.7 tokens/sec, est. 0.7s audio generated, 82 tokens, 8 chunks in 22.2s
Progress: 4.2 tokens/sec, est. 44.6s audio generated, 3725 tokens, 525 chunks in 894.5s
Progress: 3.7 tokens/sec, est. 0.7s audio generated, 89 tokens, 8 chunks in 24.2s
Audio generation rate: 0.59 chunks/second
Progress: 4.2 tokens/sec, est. 44.9s audio generated, 3732 tokens, 528 chunks in 896.6s
Progress: 3.7 tokens/sec, est. 0.7s audio generated, 96 tokens, 8 chunks in 26.3s
Processing buffer with 28 tokens, total collected: 84
Audio generation rate: 0.32 chunks/second
Progress: 4.2 tokens/sec, est. 44.9s audio generated, 3739 tokens, 528 chunks in 898.6s
Progress: 3.6 tokens/sec, est. 0.9s audio generated, 103 tokens, 10 chunks in 28.3s
Token processing rate: 4.1 tokens/second
Processing buffer with 28 tokens, total collected: 3724
Audio generation rate: 0.59 chunks/second
Progress: 4.2 tokens/sec, est. 45.1s audio generated, 3746 tokens, 530 chunks in 900.6s
Progress: 3.6 tokens/sec, est. 0.9s audio generated, 110 tokens, 10 chunks in 30.3s
Token processing rate: 2.9 tokens/second
Audio generation rate: 0.34 chunks/second
Progress: 4.2 tokens/sec, est. 45.1s audio generated, 3753 tokens, 530 chunks in 902.7s
Progress: 3.6 tokens/sec, est. 1.0s audio generated, 117 tokens, 12 chunks in 32.4s
Progress: 4.2 tokens/sec, est. 45.1s audio generated, 3760 tokens, 530 chunks in 904.7s
Audio generation rate: 0.59 chunks/second
Progress: 3.6 tokens/sec, est. 1.0s audio generated, 124 tokens, 12 chunks in 34.4s
Processing buffer with 28 tokens, total collected: 112
Audio generation rate: 0.35 chunks/second
Progress: 4.2 tokens/sec, est. 45.2s audio generated, 3767 tokens, 532 chunks in 906.8s
Progress: 3.6 tokens/sec, est. 1.2s audio generated, 131 tokens, 14 chunks in 36.5s
Progress: 4.2 tokens/sec, est. 45.2s audio generated, 3774 tokens, 532 chunks in 908.9s
Progress: 3.6 tokens/sec, est. 1.2s audio generated, 138 tokens, 14 chunks in 38.6s
Token processing rate: 4.1 tokens/second
Processing buffer with 28 tokens, total collected: 3752
Audio generation rate: 0.59 chunks/second
Progress: 4.2 tokens/sec, est. 45.5s audio generated, 3781 tokens, 535 chunks in 910.9s
Token processing rate: 3.0 tokens/second
Audio generation rate: 0.36 chunks/second
Processing buffer with 28 tokens, total collected: 140
Progress: 3.6 tokens/sec, est. 1.4s audio generated, 145 tokens, 17 chunks in 40.7s
Progress: 4.1 tokens/sec, est. 45.5s audio generated, 3788 tokens, 535 chunks in 913.1s
Progress: 3.5 tokens/sec, est. 1.4s audio generated, 152 tokens, 17 chunks in 42.9s
Audio generation rate: 0.59 chunks/second
Token processing rate: 4.1 tokens/second
Processing buffer with 28 tokens, total collected: 3780
Progress: 4.1 tokens/sec, est. 45.6s audio generated, 3794 tokens, 537 chunks in 915.1s
Progress: 3.5 tokens/sec, est. 1.4s audio generated, 159 tokens, 17 chunks in 45.2s
Token processing rate: 3.0 tokens/second
Audio generation rate: 0.38 chunks/second
Progress: 4.1 tokens/sec, est. 45.6s audio generated, 3801 tokens, 537 chunks in 917.2s
Progress: 3.5 tokens/sec, est. 1.6s audio generated, 166 tokens, 19 chunks in 47.3s
Progress: 4.1 tokens/sec, est. 45.6s audio generated, 3808 tokens, 537 chunks in 919.3s
Audio generation rate: 0.58 chunks/second
Progress: 3.5 tokens/sec, est. 1.6s audio generated, 173 tokens, 19 chunks in 49.4s
Audio generation rate: 0.38 chunks/second
Processing buffer with 28 tokens, total collected: 168
Progress: 4.1 tokens/sec, est. 45.8s audio generated, 3815 tokens, 539 chunks in 921.5s
Progress: 3.5 tokens/sec, est. 1.8s audio generated, 180 tokens, 21 chunks in 51.5s
Progress: 4.1 tokens/sec, est. 45.8s audio generated, 3822 tokens, 539 chunks in 923.6s
Token processing rate: 4.1 tokens/second
Audio generation rate: 0.58 chunks/second
Processing buffer with 28 tokens, total collected: 3808
Progress: 3.5 tokens/sec, est. 1.8s audio generated, 187 tokens, 21 chunks in 53.6s
Progress: 4.1 tokens/sec, est. 46.0s audio generated, 3829 tokens, 541 chunks in 925.7s
Token processing rate: 3.1 tokens/second
Audio generation rate: 0.39 chunks/second
Progress: 3.5 tokens/sec, est. 2.0s audio generated, 194 tokens, 24 chunks in 55.7s
Progress: 4.1 tokens/sec, est. 46.0s audio generated, 3836 tokens, 541 chunks in 927.8s
Token generation complete: 3839 tokens in 929.79s (4.1 tokens/sec)
Token generation complete: 201 tokens in 58.95s (3.4 tokens/sec)
Processing buffer with 28 tokens, total collected: 196
Audio generation rate: 0.58 chunks/second
Generated 25 audio segments
Generated 2.13 seconds of audio in 58.97 seconds
Realtime factor: 0.04x
Warning: Generation is slower than realtime
Total speech generation completed in 58.97 seconds
INFO:     127.0.0.1:57468 - "POST /v1/audio/speech HTTP/1.1" 200 OK
Generated 544 audio segments
Generated 46.42 seconds of audio in 929.83 seconds
Realtime factor: 0.05x
Warning: Generation is slower than realtime
Total speech generation completed in 929.83 seconds
Starting speech generation for '[HUMAN]: huh [AI]: It looks like your message migh...'
Using voice: tara, GPU acceleration: Yes
Generating speech for: <|audio|>tara: [HUMAN]: huh [AI]: It looks like your message might be incomplete or unclear. If you meant to ask for help or clarification, please let me know what you're referring to so I can assist better!<|eot_id|>
Progress: 10.2 tokens/sec, est. 0.0s audio generated, 21 tokens, 0 chunks in 2.1s
Processing buffer with 28 tokens, total collected: 28
Audio generation rate: 0.24 chunks/second
Progress: 9.7 tokens/sec, est. 0.1s audio generated, 40 tokens, 1 chunks in 4.1s
Token processing rate: 5.0 tokens/second
Progress: 9.5 tokens/sec, est. 0.3s audio generated, 59 tokens, 3 chunks in 6.2s
Audio generation rate: 0.51 chunks/second
Processing buffer with 28 tokens, total collected: 56
Progress: 9.3 tokens/sec, est. 0.4s audio generated, 78 tokens, 5 chunks in 8.3s
Progress: 9.3 tokens/sec, est. 0.7s audio generated, 96 tokens, 8 chunks in 10.4s
Token processing rate: 6.9 tokens/second
Processing buffer with 28 tokens, total collected: 84
Audio generation rate: 0.79 chunks/second
Progress: 9.2 tokens/sec, est. 1.0s audio generated, 114 tokens, 12 chunks in 12.4s
Processing buffer with 28 tokens, total collected: 112
Audio generation rate: 0.87 chunks/second
Progress: 9.2 tokens/sec, est. 1.2s audio generated, 132 tokens, 14 chunks in 14.4s
Token processing rate: 7.5 tokens/second
Processing buffer with 28 tokens, total collected: 140
Progress: 9.1 tokens/sec, est. 1.4s audio generated, 150 tokens, 17 chunks in 16.5s
Audio generation rate: 0.97 chunks/second
Progress: 9.1 tokens/sec, est. 1.6s audio generated, 168 tokens, 19 chunks in 18.5s
Processing buffer with 28 tokens, total collected: 168
Progress: 9.0 tokens/sec, est. 1.8s audio generated, 186 tokens, 21 chunks in 20.6s
Token processing rate: 7.8 tokens/second
Audio generation rate: 0.99 chunks/second
Progress: 9.0 tokens/sec, est. 2.0s audio generated, 204 tokens, 24 chunks in 22.7s
Processing buffer with 28 tokens, total collected: 196
Progress: 8.9 tokens/sec, est. 2.2s audio generated, 222 tokens, 26 chunks in 24.8s
Audio generation rate: 1.04 chunks/second
Progress: 8.9 tokens/sec, est. 2.4s audio generated, 240 tokens, 28 chunks in 26.9s
Token processing rate: 8.0 tokens/second
Processing buffer with 28 tokens, total collected: 224
Progress: 8.8 tokens/sec, est. 2.6s audio generated, 255 tokens, 30 chunks in 29.1s
Audio generation rate: 1.02 chunks/second
Processing buffer with 28 tokens, total collected: 252
Progress: 8.7 tokens/sec, est. 2.8s audio generated, 271 tokens, 33 chunks in 31.1s
Progress: 8.7 tokens/sec, est. 3.0s audio generated, 288 tokens, 35 chunks in 33.2s
Token processing rate: 7.9 tokens/second
Audio generation rate: 1.05 chunks/second
Processing buffer with 28 tokens, total collected: 280
Progress: 8.7 tokens/sec, est. 3.4s audio generated, 305 tokens, 40 chunks in 35.2s
Processing buffer with 28 tokens, total collected: 308
Audio generation rate: 1.08 chunks/second
Progress: 8.6 tokens/sec, est. 3.6s audio generated, 322 tokens, 42 chunks in 37.3s
Token processing rate: 8.0 tokens/second
Progress: 8.6 tokens/sec, est. 3.7s audio generated, 339 tokens, 44 chunks in 39.3s
Processing buffer with 28 tokens, total collected: 336
Audio generation rate: 1.07 chunks/second
Progress: 8.6 tokens/sec, est. 3.9s audio generated, 356 tokens, 46 chunks in 41.4s
Processing buffer with 28 tokens, total collected: 364
Progress: 8.6 tokens/sec, est. 4.2s audio generated, 373 tokens, 49 chunks in 43.4s
Token processing rate: 8.0 tokens/second
Audio generation rate: 1.09 chunks/second
Progress: 8.6 tokens/sec, est. 4.3s audio generated, 390 tokens, 51 chunks in 45.5s
Processing buffer with 28 tokens, total collected: 392
Progress: 8.5 tokens/sec, est. 4.5s audio generated, 407 tokens, 53 chunks in 47.6s
Audio generation rate: 1.09 chunks/second
Progress: 8.5 tokens/sec, est. 4.8s audio generated, 424 tokens, 56 chunks in 49.7s
Token processing rate: 8.0 tokens/second
Processing buffer with 28 tokens, total collected: 420
Progress: 8.5 tokens/sec, est. 4.9s audio generated, 441 tokens, 58 chunks in 51.9s
Audio generation rate: 1.10 chunks/second
Progress: 8.5 tokens/sec, est. 5.1s audio generated, 457 tokens, 60 chunks in 53.9s
Processing buffer with 28 tokens, total collected: 448
Progress: 8.5 tokens/sec, est. 5.3s audio generated, 473 tokens, 62 chunks in 55.9s
Token processing rate: 8.0 tokens/second
Audio generation rate: 1.09 chunks/second
Processing buffer with 28 tokens, total collected: 476
Progress: 8.4 tokens/sec, est. 5.5s audio generated, 489 tokens, 65 chunks in 57.9s
Progress: 8.4 tokens/sec, est. 5.7s audio generated, 505 tokens, 67 chunks in 60.0s
Audio generation rate: 1.10 chunks/second
Processing buffer with 28 tokens, total collected: 504
Progress: 8.4 tokens/sec, est. 5.9s audio generated, 521 tokens, 69 chunks in 62.0s
Token processing rate: 8.0 tokens/second
Progress: 8.4 tokens/sec, est. 6.1s audio generated, 537 tokens, 72 chunks in 64.1s
Processing buffer with 28 tokens, total collected: 532
Audio generation rate: 1.11 chunks/second
Progress: 8.4 tokens/sec, est. 6.3s audio generated, 553 tokens, 74 chunks in 66.1s
Progress: 8.3 tokens/sec, est. 6.5s audio generated, 569 tokens, 76 chunks in 68.2s
Token processing rate: 8.0 tokens/second
Processing buffer with 28 tokens, total collected: 560
Audio generation rate: 1.10 chunks/second
Progress: 8.3 tokens/sec, est. 6.6s audio generated, 585 tokens, 78 chunks in 70.3s
Processing buffer with 28 tokens, total collected: 588
Progress: 8.3 tokens/sec, est. 6.9s audio generated, 601 tokens, 81 chunks in 72.4s
Audio generation rate: 1.10 chunks/second
Progress: 8.3 tokens/sec, est. 7.1s audio generated, 615 tokens, 83 chunks in 74.5s
Token processing rate: 7.9 tokens/second
Processing buffer with 28 tokens, total collected: 616
Progress: 8.2 tokens/sec, est. 7.2s audio generated, 631 tokens, 85 chunks in 76.6s
Audio generation rate: 1.09 chunks/second
Progress: 8.2 tokens/sec, est. 7.5s audio generated, 646 tokens, 88 chunks in 78.6s
Processing buffer with 28 tokens, total collected: 644
Progress: 8.2 tokens/sec, est. 7.7s audio generated, 661 tokens, 90 chunks in 80.6s
Token processing rate: 7.9 tokens/second
Audio generation rate: 1.10 chunks/second
Progress: 8.2 tokens/sec, est. 7.8s audio generated, 676 tokens, 92 chunks in 82.6s
Processing buffer with 28 tokens, total collected: 672
Progress: 8.2 tokens/sec, est. 8.0s audio generated, 691 tokens, 94 chunks in 84.7s
Audio generation rate: 1.09 chunks/second
Processing buffer with 28 tokens, total collected: 700
Progress: 8.1 tokens/sec, est. 8.2s audio generated, 707 tokens, 97 chunks in 86.8s
Token processing rate: 7.8 tokens/second
Progress: 8.1 tokens/sec, est. 8.4s audio generated, 722 tokens, 99 chunks in 88.8s
Audio generation rate: 1.09 chunks/second
Processing buffer with 28 tokens, total collected: 728
Progress: 8.1 tokens/sec, est. 8.6s audio generated, 737 tokens, 101 chunks in 90.9s
Progress: 8.1 tokens/sec, est. 8.6s audio generated, 752 tokens, 101 chunks in 92.9s
Progress: 8.1 tokens/sec, est. 8.8s audio generated, 767 tokens, 104 chunks in 95.0s
Token processing rate: 7.8 tokens/second
Processing buffer with 28 tokens, total collected: 756
Audio generation rate: 1.09 chunks/second
Progress: 8.1 tokens/sec, est. 9.0s audio generated, 782 tokens, 106 chunks in 97.1s
Progress: 8.0 tokens/sec, est. 9.2s audio generated, 797 tokens, 108 chunks in 99.1s
Processing buffer with 28 tokens, total collected: 784
Audio generation rate: 1.08 chunks/second
Progress: 8.0 tokens/sec, est. 9.4s audio generated, 812 tokens, 110 chunks in 101.2s
Token processing rate: 7.8 tokens/second
Processing buffer with 28 tokens, total collected: 812
Progress: 8.0 tokens/sec, est. 9.6s audio generated, 827 tokens, 113 chunks in 103.3s
Audio generation rate: 1.09 chunks/second
Progress: 8.0 tokens/sec, est. 9.8s audio generated, 842 tokens, 115 chunks in 105.4s
Processing buffer with 28 tokens, total collected: 840
Progress: 8.0 tokens/sec, est. 9.9s audio generated, 857 tokens, 117 chunks in 107.5s
Token processing rate: 7.7 tokens/second
Audio generation rate: 1.08 chunks/second
Progress: 8.0 tokens/sec, est. 10.2s audio generated, 872 tokens, 120 chunks in 109.7s
Processing buffer with 28 tokens, total collected: 868
Progress: 7.9 tokens/sec, est. 10.4s audio generated, 887 tokens, 122 chunks in 111.8s
Audio generation rate: 1.08 chunks/second
Progress: 7.9 tokens/sec, est. 10.5s audio generated, 902 tokens, 124 chunks in 113.9s
Token processing rate: 7.7 tokens/second
Processing buffer with 28 tokens, total collected: 896
Progress: 7.9 tokens/sec, est. 10.7s audio generated, 917 tokens, 126 chunks in 116.1s
Audio generation rate: 1.07 chunks/second
Processing buffer with 28 tokens, total collected: 924
Progress: 7.9 tokens/sec, est. 11.0s audio generated, 929 tokens, 129 chunks in 118.1s
Progress: 7.9 tokens/sec, est. 11.0s audio generated, 943 tokens, 129 chunks in 120.1s
Progress: 7.8 tokens/sec, est. 11.1s audio generated, 957 tokens, 131 chunks in 122.2s
Token processing rate: 7.6 tokens/second
Audio generation rate: 1.07 chunks/second
Processing buffer with 28 tokens, total collected: 952
Progress: 7.8 tokens/sec, est. 11.3s audio generated, 971 tokens, 133 chunks in 124.2s
Progress: 7.8 tokens/sec, est. 11.6s audio generated, 985 tokens, 136 chunks in 126.2s
Processing buffer with 28 tokens, total collected: 980
Audio generation rate: 1.07 chunks/second
Progress: 7.8 tokens/sec, est. 11.7s audio generated, 999 tokens, 138 chunks in 128.3s
Token processing rate: 7.6 tokens/second
Progress: 7.8 tokens/sec, est. 11.9s audio generated, 1013 tokens, 140 chunks in 130.3s
Processing buffer with 28 tokens, total collected: 1008
Audio generation rate: 1.06 chunks/second
Progress: 7.8 tokens/sec, est. 12.1s audio generated, 1027 tokens, 142 chunks in 132.4s
Processing buffer with 28 tokens, total collected: 1036
Progress: 7.7 tokens/sec, est. 12.3s audio generated, 1041 tokens, 145 chunks in 134.4s
Progress: 7.7 tokens/sec, est. 12.3s audio generated, 1055 tokens, 145 chunks in 136.5s
Token processing rate: 7.5 tokens/second
Audio generation rate: 1.06 chunks/second
Progress: 7.7 tokens/sec, est. 12.5s audio generated, 1069 tokens, 147 chunks in 138.6s
Processing buffer with 28 tokens, total collected: 1064
Progress: 7.7 tokens/sec, est. 12.7s audio generated, 1083 tokens, 149 chunks in 140.7s
Audio generation rate: 1.05 chunks/second
Progress: 7.7 tokens/sec, est. 12.9s audio generated, 1097 tokens, 152 chunks in 142.8s
Token processing rate: 7.5 tokens/second
Processing buffer with 28 tokens, total collected: 1092
Progress: 7.7 tokens/sec, est. 13.1s audio generated, 1111 tokens, 154 chunks in 144.9s
Audio generation rate: 1.05 chunks/second
Progress: 7.7 tokens/sec, est. 13.3s audio generated, 1125 tokens, 156 chunks in 147.0s
Processing buffer with 28 tokens, total collected: 1120
Progress: 7.6 tokens/sec, est. 13.4s audio generated, 1139 tokens, 158 chunks in 149.1s
Token processing rate: 7.5 tokens/second
Audio generation rate: 1.05 chunks/second
Progress: 7.6 tokens/sec, est. 13.6s audio generated, 1152 tokens, 160 chunks in 151.1s
Processing buffer with 28 tokens, total collected: 1148
Progress: 7.6 tokens/sec, est. 13.7s audio generated, 1166 tokens, 161 chunks in 153.2s
Progress: 7.6 tokens/sec, est. 13.9s audio generated, 1180 tokens, 163 chunks in 155.4s
Audio generation rate: 1.04 chunks/second
Processing buffer with 28 tokens, total collected: 1176
Progress: 7.6 tokens/sec, est. 14.0s audio generated, 1194 tokens, 165 chunks in 157.5s
Token processing rate: 7.4 tokens/second
Progress: 7.6 tokens/sec, est. 14.3s audio generated, 1207 tokens, 168 chunks in 159.5s
Processing buffer with 28 tokens, total collected: 1204
Audio generation rate: 1.04 chunks/second
Progress: 7.6 tokens/sec, est. 14.5s audio generated, 1220 tokens, 170 chunks in 161.5s
Progress: 7.5 tokens/sec, est. 14.6s audio generated, 1233 tokens, 172 chunks in 163.5s
Progress: 7.5 tokens/sec, est. 14.6s audio generated, 1244 tokens, 172 chunks in 165.6s
Token processing rate: 7.4 tokens/second
Processing buffer with 28 tokens, total collected: 1232
Audio generation rate: 1.03 chunks/second
Progress: 7.5 tokens/sec, est. 14.8s audio generated, 1256 tokens, 174 chunks in 167.6s
Processing buffer with 28 tokens, total collected: 1260
Progress: 7.5 tokens/sec, est. 15.0s audio generated, 1269 tokens, 177 chunks in 169.6s
Token processing rate: 7.3 tokens/second
Audio generation rate: 1.03 chunks/second
Progress: 7.5 tokens/sec, est. 15.2s audio generated, 1282 tokens, 179 chunks in 171.7s
Progress: 7.5 tokens/sec, est. 15.2s audio generated, 1295 tokens, 179 chunks in 173.7s
Processing buffer with 28 tokens, total collected: 1288
Progress: 7.4 tokens/sec, est. 15.4s audio generated, 1308 tokens, 181 chunks in 175.8s
Token processing rate: 7.3 tokens/second
Audio generation rate: 1.03 chunks/second
Progress: 7.4 tokens/sec, est. 15.6s audio generated, 1321 tokens, 184 chunks in 177.8s
Processing buffer with 28 tokens, total collected: 1316
Progress: 7.4 tokens/sec, est. 15.8s audio generated, 1333 tokens, 186 chunks in 179.9s
Progress: 7.4 tokens/sec, est. 15.8s audio generated, 1343 tokens, 186 chunks in 182.1s
Token processing rate: 7.2 tokens/second
Audio generation rate: 1.02 chunks/second
Token generation complete: 1357 tokens in 184.21s (7.4 tokens/sec)
Generated 187 audio segments
Generated 15.96 seconds of audio in 184.21 seconds
Realtime factor: 0.09x
Warning: Generation is slower than realtime
Total speech generation completed in 184.21 seconds
Starting speech generation for 'Huh? That doesn't sound like a question or command...'
Using voice: tara, GPU acceleration: Yes
Generating speech for: <|audio|>tara: Huh? That doesn't sound like a question or command I can process with the available tools. Could you clarify what you meant?<|eot_id|>
Progress: 10.5 tokens/sec, est. 0.0s audio generated, 21 tokens, 0 chunks in 2.0s
Processing buffer with 28 tokens, total collected: 28
Audio generation rate: 0.24 chunks/second
Progress: 9.9 tokens/sec, est. 0.1s audio generated, 40 tokens, 1 chunks in 4.0s
Token processing rate: 5.2 tokens/second
Progress: 9.7 tokens/sec, est. 0.3s audio generated, 59 tokens, 3 chunks in 6.1s
Audio generation rate: 0.53 chunks/second
Processing buffer with 28 tokens, total collected: 56
Progress: 9.6 tokens/sec, est. 0.4s audio generated, 78 tokens, 5 chunks in 8.2s
Token processing rate: 7.1 tokens/second
Processing buffer with 28 tokens, total collected: 84
Audio generation rate: 0.82 chunks/second
Progress: 9.5 tokens/sec, est. 0.9s audio generated, 97 tokens, 10 chunks in 10.2s
Progress: 9.4 tokens/sec, est. 1.0s audio generated, 116 tokens, 12 chunks in 12.3s
Processing buffer with 28 tokens, total collected: 112
Audio generation rate: 0.89 chunks/second
Progress: 9.4 tokens/sec, est. 1.2s audio generated, 135 tokens, 14 chunks in 14.4s
Token processing rate: 7.7 tokens/second
Processing buffer with 28 tokens, total collected: 140
Progress: 9.3 tokens/sec, est. 1.4s audio generated, 153 tokens, 17 chunks in 16.4s
Audio generation rate: 0.99 chunks/second
Progress: 9.2 tokens/sec, est. 1.6s audio generated, 171 tokens, 19 chunks in 18.5s
Processing buffer with 28 tokens, total collected: 168
Progress: 9.2 tokens/sec, est. 1.8s audio generated, 189 tokens, 21 chunks in 20.5s
Token processing rate: 8.0 tokens/second
Audio generation rate: 1.01 chunks/second
Progress: 9.1 tokens/sec, est. 2.0s audio generated, 207 tokens, 24 chunks in 22.6s
Processing buffer with 28 tokens, total collected: 196
Audio generation rate: 1.06 chunks/second
Progress: 9.1 tokens/sec, est. 2.4s audio generated, 225 tokens, 28 chunks in 24.7s
Token processing rate: 8.1 tokens/second
Processing buffer with 28 tokens, total collected: 224
Progress: 9.1 tokens/sec, est. 2.6s audio generated, 243 tokens, 30 chunks in 26.8s
Audio generation rate: 1.06 chunks/second
Processing buffer with 28 tokens, total collected: 252
Progress: 9.0 tokens/sec, est. 2.8s audio generated, 260 tokens, 33 chunks in 28.9s
Progress: 9.0 tokens/sec, est. 3.0s audio generated, 277 tokens, 35 chunks in 30.9s
Token processing rate: 8.2 tokens/second
Audio generation rate: 1.09 chunks/second
Processing buffer with 28 tokens, total collected: 280
Progress: 8.9 tokens/sec, est. 3.1s audio generated, 294 tokens, 37 chunks in 32.9s
Progress: 8.9 tokens/sec, est. 3.4s audio generated, 311 tokens, 40 chunks in 35.0s
Processing buffer with 28 tokens, total collected: 308
Audio generation rate: 1.11 chunks/second
Progress: 8.9 tokens/sec, est. 3.6s audio generated, 328 tokens, 42 chunks in 37.0s
Token processing rate: 8.2 tokens/second
Progress: 8.8 tokens/sec, est. 3.7s audio generated, 345 tokens, 44 chunks in 39.1s
Processing buffer with 28 tokens, total collected: 336
Audio generation rate: 1.10 chunks/second
Progress: 8.8 tokens/sec, est. 3.9s audio generated, 362 tokens, 46 chunks in 41.2s
Processing buffer with 28 tokens, total collected: 364
Progress: 8.8 tokens/sec, est. 4.2s audio generated, 379 tokens, 49 chunks in 43.2s
Token processing rate: 8.2 tokens/second
Audio generation rate: 1.12 chunks/second
Progress: 8.7 tokens/sec, est. 4.3s audio generated, 396 tokens, 51 chunks in 45.3s
Processing buffer with 28 tokens, total collected: 392
Progress: 8.7 tokens/sec, est. 4.5s audio generated, 413 tokens, 53 chunks in 47.4s
Audio generation rate: 1.11 chunks/second
Progress: 8.7 tokens/sec, est. 4.8s audio generated, 429 tokens, 56 chunks in 49.4s
Token processing rate: 8.2 tokens/second
Processing buffer with 28 tokens, total collected: 420
Progress: 8.7 tokens/sec, est. 4.9s audio generated, 446 tokens, 58 chunks in 51.5s
Audio generation rate: 1.12 chunks/second
Progress: 8.6 tokens/sec, est. 5.1s audio generated, 462 tokens, 60 chunks in 53.5s
Processing buffer with 28 tokens, total collected: 448
Progress: 8.6 tokens/sec, est. 5.3s audio generated, 478 tokens, 62 chunks in 55.5s
Token processing rate: 8.1 tokens/second
Audio generation rate: 1.11 chunks/second
Processing buffer with 28 tokens, total collected: 476
Progress: 8.6 tokens/sec, est. 5.5s audio generated, 494 tokens, 65 chunks in 57.6s
Progress: 8.5 tokens/sec, est. 5.7s audio generated, 510 tokens, 67 chunks in 59.6s
Audio generation rate: 1.12 chunks/second
Processing buffer with 28 tokens, total collected: 504
Progress: 8.5 tokens/sec, est. 5.9s audio generated, 526 tokens, 69 chunks in 61.7s
Token processing rate: 8.1 tokens/second
Progress: 8.5 tokens/sec, est. 6.1s audio generated, 542 tokens, 72 chunks in 63.8s
Processing buffer with 28 tokens, total collected: 532
Audio generation rate: 1.12 chunks/second
Progress: 8.5 tokens/sec, est. 6.3s audio generated, 558 tokens, 74 chunks in 65.8s
Progress: 8.5 tokens/sec, est. 6.5s audio generated, 574 tokens, 76 chunks in 67.9s
Token processing rate: 8.1 tokens/second
Processing buffer with 28 tokens, total collected: 560
Audio generation rate: 1.11 chunks/second
Progress: 8.4 tokens/sec, est. 6.6s audio generated, 590 tokens, 78 chunks in 70.0s
Processing buffer with 28 tokens, total collected: 588
Progress: 8.4 tokens/sec, est. 6.9s audio generated, 606 tokens, 81 chunks in 72.1s
Audio generation rate: 1.12 chunks/second
Progress: 8.4 tokens/sec, est. 7.1s audio generated, 622 tokens, 83 chunks in 74.1s
Token processing rate: 8.0 tokens/second
Processing buffer with 28 tokens, total collected: 616
Progress: 8.4 tokens/sec, est. 7.2s audio generated, 638 tokens, 85 chunks in 76.3s
Audio generation rate: 1.11 chunks/second
Progress: 8.3 tokens/sec, est. 7.5s audio generated, 654 tokens, 88 chunks in 78.4s
Processing buffer with 28 tokens, total collected: 644
Progress: 8.3 tokens/sec, est. 7.7s audio generated, 669 tokens, 90 chunks in 80.5s
Token processing rate: 8.0 tokens/second
Audio generation rate: 1.11 chunks/second
Progress: 8.3 tokens/sec, est. 7.8s audio generated, 681 tokens, 92 chunks in 82.5s
Processing buffer with 28 tokens, total collected: 672
Progress: 8.2 tokens/sec, est. 8.0s audio generated, 695 tokens, 94 chunks in 84.6s
Audio generation rate: 1.10 chunks/second
Processing buffer with 28 tokens, total collected: 700
Progress: 8.2 tokens/sec, est. 8.2s audio generated, 710 tokens, 97 chunks in 86.8s
Token processing rate: 7.8 tokens/second
Progress: 8.1 tokens/sec, est. 8.3s audio generated, 722 tokens, 98 chunks in 88.8s
Token generation complete: 731 tokens in 90.08s (8.1 tokens/sec)
Generated 98 audio segments
Generated 8.36 seconds of audio in 90.09 seconds
Realtime factor: 0.09x
Warning: Generation is slower than realtime
Total speech generation completed in 90.09 seconds
INFO:     127.0.0.1:51876 - "POST /v1/audio/speech HTTP/1.1" 200 OK
Starting speech generation for '"Sorry, I didn't understand your question. Could y...'
Using voice: tara, GPU acceleration: Yes
Generating speech for: <|audio|>tara: "Sorry, I didn't understand your question. Could you please rephrase it?"<|eot_id|>
Progress: 10.2 tokens/sec, est. 0.0s audio generated, 21 tokens, 0 chunks in 2.1s
Processing buffer with 28 tokens, total collected: 28
Audio generation rate: 0.24 chunks/second
Progress: 9.7 tokens/sec, est. 0.1s audio generated, 40 tokens, 1 chunks in 4.1s
Token processing rate: 5.1 tokens/second
Progress: 9.4 tokens/sec, est. 0.3s audio generated, 59 tokens, 3 chunks in 6.2s
Audio generation rate: 0.53 chunks/second
Processing buffer with 28 tokens, total collected: 56
Progress: 9.4 tokens/sec, est. 0.4s audio generated, 78 tokens, 5 chunks in 8.3s
Progress: 9.3 tokens/sec, est. 0.7s audio generated, 96 tokens, 8 chunks in 10.4s
Token processing rate: 7.0 tokens/second
Processing buffer with 28 tokens, total collected: 84
Audio generation rate: 0.81 chunks/second
Progress: 9.2 tokens/sec, est. 1.0s audio generated, 114 tokens, 12 chunks in 12.4s
Processing buffer with 28 tokens, total collected: 112
Audio generation rate: 0.88 chunks/second
Progress: 9.2 tokens/sec, est. 1.2s audio generated, 132 tokens, 14 chunks in 14.4s
Token processing rate: 7.6 tokens/second
Processing buffer with 28 tokens, total collected: 140
Progress: 9.1 tokens/sec, est. 1.4s audio generated, 150 tokens, 17 chunks in 16.4s
Audio generation rate: 0.98 chunks/second
Progress: 9.1 tokens/sec, est. 1.6s audio generated, 168 tokens, 19 chunks in 18.5s
Processing buffer with 28 tokens, total collected: 168
Progress: 9.0 tokens/sec, est. 1.8s audio generated, 186 tokens, 21 chunks in 20.6s
Token processing rate: 7.9 tokens/second
Audio generation rate: 1.00 chunks/second
Progress: 9.0 tokens/sec, est. 2.0s audio generated, 204 tokens, 24 chunks in 22.6s
Processing buffer with 28 tokens, total collected: 196
Progress: 9.0 tokens/sec, est. 2.2s audio generated, 222 tokens, 26 chunks in 24.7s
Audio generation rate: 1.05 chunks/second
Progress: 8.9 tokens/sec, est. 2.4s audio generated, 240 tokens, 28 chunks in 26.8s
Token processing rate: 8.0 tokens/second
Processing buffer with 28 tokens, total collected: 224
Audio generation rate: 1.05 chunks/second
Processing buffer with 28 tokens, total collected: 252
Progress: 8.9 tokens/sec, est. 2.8s audio generated, 258 tokens, 33 chunks in 28.9s
Progress: 8.9 tokens/sec, est. 3.0s audio generated, 275 tokens, 35 chunks in 31.0s
Token processing rate: 8.1 tokens/second
Audio generation rate: 1.08 chunks/second
Processing buffer with 28 tokens, total collected: 280
Progress: 8.9 tokens/sec, est. 3.1s audio generated, 293 tokens, 37 chunks in 33.1s
Progress: 8.8 tokens/sec, est. 3.4s audio generated, 310 tokens, 40 chunks in 35.1s
Processing buffer with 28 tokens, total collected: 308
Audio generation rate: 1.10 chunks/second
Progress: 8.8 tokens/sec, est. 3.6s audio generated, 327 tokens, 42 chunks in 37.1s
Token processing rate: 8.1 tokens/second
Progress: 8.8 tokens/sec, est. 3.7s audio generated, 344 tokens, 44 chunks in 39.2s
Processing buffer with 28 tokens, total collected: 336
Audio generation rate: 1.08 chunks/second
Progress: 8.7 tokens/sec, est. 3.9s audio generated, 357 tokens, 46 chunks in 41.3s
Token generation complete: 368 tokens in 42.67s (8.6 tokens/sec)
Generated 46 audio segments
Generated 3.93 seconds of audio in 42.67 seconds
Realtime factor: 0.09x
Warning: Generation is slower than realtime
Total speech generation completed in 42.67 seconds
INFO:     127.0.0.1:50120 - "POST /v1/audio/speech HTTP/1.1" 200 OK
Starting speech generation for 'It seems like you might have meant to ask somethin...'
Using voice: tara, GPU acceleration: Yes
Generating speech for: <|audio|>tara: It seems like you might have meant to ask something else. Could you clarify your request?<|eot_id|>
Progress: 10.3 tokens/sec, est. 0.0s audio generated, 21 tokens, 0 chunks in 2.0s
Processing buffer with 28 tokens, total collected: 28
Audio generation rate: 0.25 chunks/second
Progress: 9.8 tokens/sec, est. 0.1s audio generated, 40 tokens, 1 chunks in 4.1s
Token processing rate: 5.3 tokens/second
Progress: 9.6 tokens/sec, est. 0.3s audio generated, 59 tokens, 3 chunks in 6.1s
Audio generation rate: 0.54 chunks/second
Processing buffer with 28 tokens, total collected: 56
Progress: 9.5 tokens/sec, est. 0.4s audio generated, 78 tokens, 5 chunks in 8.2s
Token processing rate: 7.1 tokens/second
Processing buffer with 28 tokens, total collected: 84
Audio generation rate: 0.82 chunks/second
Progress: 9.4 tokens/sec, est. 0.9s audio generated, 97 tokens, 10 chunks in 10.3s
Progress: 9.4 tokens/sec, est. 1.0s audio generated, 116 tokens, 12 chunks in 12.3s
Processing buffer with 28 tokens, total collected: 112
Audio generation rate: 0.87 chunks/second
Progress: 9.0 tokens/sec, est. 1.2s audio generated, 130 tokens, 14 chunks in 14.5s
Progress: 8.6 tokens/sec, est. 1.2s audio generated, 143 tokens, 14 chunks in 16.6s
Token processing rate: 7.2 tokens/second
Processing buffer with 28 tokens, total collected: 140
Progress: 8.3 tokens/sec, est. 1.4s audio generated, 155 tokens, 17 chunks in 18.6s
Audio generation rate: 0.90 chunks/second
Progress: 8.2 tokens/sec, est. 1.6s audio generated, 171 tokens, 19 chunks in 20.8s
Token processing rate: 6.8 tokens/second
Audio generation rate: 0.85 chunks/second
Processing buffer with 28 tokens, total collected: 168
Progress: 7.7 tokens/sec, est. 1.8s audio generated, 177 tokens, 21 chunks in 23.0s
Progress: 7.3 tokens/sec, est. 1.8s audio generated, 183 tokens, 21 chunks in 25.0s
Progress: 7.0 tokens/sec, est. 1.8s audio generated, 189 tokens, 21 chunks in 27.0s
Token processing rate: 6.1 tokens/second
Audio generation rate: 0.77 chunks/second
Progress: 6.7 tokens/sec, est. 2.0s audio generated, 196 tokens, 24 chunks in 29.2s
Progress: 6.4 tokens/sec, est. 2.0s audio generated, 203 tokens, 24 chunks in 31.5s
Token processing rate: 5.6 tokens/second
Processing buffer with 28 tokens, total collected: 196
Audio generation rate: 0.74 chunks/second
Progress: 6.2 tokens/sec, est. 2.2s audio generated, 210 tokens, 26 chunks in 33.7s
Progress: 6.0 tokens/sec, est. 2.2s audio generated, 216 tokens, 26 chunks in 35.8s
Progress: 5.9 tokens/sec, est. 2.2s audio generated, 223 tokens, 26 chunks in 38.0s
Token processing rate: 5.3 tokens/second
Audio generation rate: 0.69 chunks/second
Progress: 5.7 tokens/sec, est. 2.4s audio generated, 230 tokens, 28 chunks in 40.2s
Progress: 5.6 tokens/sec, est. 2.4s audio generated, 237 tokens, 28 chunks in 42.5s
Token processing rate: 5.0 tokens/second
Processing buffer with 28 tokens, total collected: 224
Audio generation rate: 0.66 chunks/second
Progress: 5.5 tokens/sec, est. 2.6s audio generated, 244 tokens, 30 chunks in 44.7s
Progress: 5.3 tokens/sec, est. 2.6s audio generated, 251 tokens, 30 chunks in 47.0s
Token processing rate: 4.8 tokens/second
Audio generation rate: 0.63 chunks/second
Processing buffer with 28 tokens, total collected: 252
Progress: 5.2 tokens/sec, est. 2.8s audio generated, 257 tokens, 33 chunks in 49.0s
Progress: 5.2 tokens/sec, est. 2.8s audio generated, 263 tokens, 33 chunks in 51.1s
Progress: 5.1 tokens/sec, est. 2.8s audio generated, 269 tokens, 33 chunks in 53.1s
Token processing rate: 4.6 tokens/second
Audio generation rate: 0.62 chunks/second
Progress: 5.0 tokens/sec, est. 3.0s audio generated, 275 tokens, 35 chunks in 55.2s
Progress: 4.9 tokens/sec, est. 3.0s audio generated, 282 tokens, 35 chunks in 57.5s
Progress: 4.8 tokens/sec, est. 3.0s audio generated, 288 tokens, 35 chunks in 59.7s
Token processing rate: 4.5 tokens/second
Audio generation rate: 0.60 chunks/second
Processing buffer with 28 tokens, total collected: 280
Progress: 4.8 tokens/sec, est. 3.1s audio generated, 294 tokens, 37 chunks in 61.8s
Progress: 4.7 tokens/sec, est. 3.1s audio generated, 300 tokens, 37 chunks in 63.9s
Token processing rate: 4.3 tokens/second
Audio generation rate: 0.58 chunks/second
Progress: 4.6 tokens/sec, est. 3.4s audio generated, 306 tokens, 40 chunks in 66.0s
Progress: 4.6 tokens/sec, est. 3.4s audio generated, 312 tokens, 40 chunks in 68.0s
Progress: 4.5 tokens/sec, est. 3.4s audio generated, 318 tokens, 40 chunks in 70.2s
Token processing rate: 4.2 tokens/second
Processing buffer with 28 tokens, total collected: 308
Audio generation rate: 0.57 chunks/second
Progress: 4.5 tokens/sec, est. 3.6s audio generated, 324 tokens, 42 chunks in 72.2s
Progress: 4.6 tokens/sec, est. 3.7s audio generated, 341 tokens, 44 chunks in 74.2s
Processing buffer with 28 tokens, total collected: 336
Audio generation rate: 0.59 chunks/second
Progress: 4.7 tokens/sec, est. 3.9s audio generated, 358 tokens, 46 chunks in 76.3s
Progress: 4.7 tokens/sec, est. 3.9s audio generated, 365 tokens, 46 chunks in 78.4s
Token processing rate: 4.4 tokens/second
Audio generation rate: 0.59 chunks/second
Processing buffer with 28 tokens, total collected: 364
Progress: 4.6 tokens/sec, est. 4.2s audio generated, 371 tokens, 49 chunks in 80.5s
Progress: 4.6 tokens/sec, est. 4.2s audio generated, 377 tokens, 49 chunks in 82.6s
Progress: 4.5 tokens/sec, est. 4.2s audio generated, 383 tokens, 49 chunks in 84.7s
Token processing rate: 4.3 tokens/second
Audio generation rate: 0.58 chunks/second
Progress: 4.5 tokens/sec, est. 4.3s audio generated, 389 tokens, 51 chunks in 86.9s
Progress: 4.4 tokens/sec, est. 4.3s audio generated, 395 tokens, 51 chunks in 89.1s
Token processing rate: 4.2 tokens/second
Audio generation rate: 0.57 chunks/second
Processing buffer with 28 tokens, total collected: 392
Progress: 4.4 tokens/sec, est. 4.5s audio generated, 401 tokens, 53 chunks in 91.2s
Progress: 4.4 tokens/sec, est. 4.5s audio generated, 407 tokens, 53 chunks in 93.3s
Progress: 4.3 tokens/sec, est. 4.5s audio generated, 413 tokens, 53 chunks in 95.4s
Token processing rate: 4.1 tokens/second
Audio generation rate: 0.56 chunks/second
Progress: 4.3 tokens/sec, est. 4.8s audio generated, 419 tokens, 56 chunks in 97.6s
Progress: 4.3 tokens/sec, est. 4.8s audio generated, 425 tokens, 56 chunks in 99.8s
Progress: 4.2 tokens/sec, est. 4.8s audio generated, 431 tokens, 56 chunks in 101.9s
Token processing rate: 4.0 tokens/second
Processing buffer with 28 tokens, total collected: 420
Audio generation rate: 0.55 chunks/second
Progress: 4.2 tokens/sec, est. 4.9s audio generated, 437 tokens, 58 chunks in 104.0s
Progress: 4.2 tokens/sec, est. 4.9s audio generated, 443 tokens, 58 chunks in 106.2s
Token processing rate: 4.0 tokens/second
Audio generation rate: 0.54 chunks/second
Progress: 4.1 tokens/sec, est. 5.1s audio generated, 449 tokens, 60 chunks in 108.3s
Progress: 4.1 tokens/sec, est. 5.1s audio generated, 455 tokens, 60 chunks in 110.6s
Progress: 4.1 tokens/sec, est. 5.1s audio generated, 461 tokens, 60 chunks in 112.7s
Token processing rate: 3.9 tokens/second
Processing buffer with 28 tokens, total collected: 448
Audio generation rate: 0.53 chunks/second
Progress: 4.1 tokens/sec, est. 5.3s audio generated, 467 tokens, 62 chunks in 114.7s
Progress: 4.0 tokens/sec, est. 5.3s audio generated, 473 tokens, 62 chunks in 116.9s
Progress: 4.0 tokens/sec, est. 5.3s audio generated, 479 tokens, 62 chunks in 119.1s
Token processing rate: 3.8 tokens/second
Audio generation rate: 0.52 chunks/second
Processing buffer with 28 tokens, total collected: 476
Progress: 4.0 tokens/sec, est. 5.5s audio generated, 485 tokens, 65 chunks in 121.3s
Progress: 4.0 tokens/sec, est. 5.5s audio generated, 491 tokens, 65 chunks in 123.5s
Progress: 3.9 tokens/sec, est. 5.5s audio generated, 496 tokens, 65 chunks in 125.7s
Token processing rate: 3.8 tokens/second
Audio generation rate: 0.52 chunks/second
Progress: 3.9 tokens/sec, est. 5.7s audio generated, 497 tokens, 67 chunks in 127.8s
Token generation complete: 517 tokens in 130.39s (4.0 tokens/sec)
Generated 67 audio segments
Generated 5.72 seconds of audio in 130.39 seconds
Realtime factor: 0.04x
Warning: Generation is slower than realtime
Total speech generation completed in 130.39 seconds
INFO:     127.0.0.1:55277 - "GET /health HTTP/1.1" 200 OK
Starting speech generation for 'Hmm, that seems like you might be unsure or lookin...'
Using voice: tara, GPU acceleration: Yes
Generating speech for: <|audio|>tara: Hmm, that seems like you might be unsure or looking for clarification. I'm here to help! What would you like me to assist you with?<|eot_id|>
Progress: 10.3 tokens/sec, est. 0.0s audio generated, 21 tokens, 0 chunks in 2.0s
Processing buffer with 28 tokens, total collected: 28
Audio generation rate: 0.24 chunks/second
Progress: 9.7 tokens/sec, est. 0.1s audio generated, 40 tokens, 1 chunks in 4.1s
Token processing rate: 4.9 tokens/second
Progress: 8.9 tokens/sec, est. 0.3s audio generated, 55 tokens, 3 chunks in 6.2s
Audio generation rate: 0.48 chunks/second
Processing buffer with 28 tokens, total collected: 56
Progress: 8.6 tokens/sec, est. 0.4s audio generated, 71 tokens, 5 chunks in 8.3s
Progress: 8.7 tokens/sec, est. 0.7s audio generated, 90 tokens, 8 chunks in 10.4s
Token processing rate: 6.5 tokens/second
Processing buffer with 28 tokens, total collected: 84
Audio generation rate: 0.75 chunks/second
Progress: 8.7 tokens/sec, est. 0.9s audio generated, 108 tokens, 10 chunks in 12.4s
Progress: 8.8 tokens/sec, est. 1.0s audio generated, 126 tokens, 12 chunks in 14.4s
Processing buffer with 28 tokens, total collected: 112
Audio generation rate: 0.84 chunks/second
Progress: 8.8 tokens/sec, est. 1.2s audio generated, 144 tokens, 14 chunks in 16.4s
Token processing rate: 7.3 tokens/second
Processing buffer with 28 tokens, total collected: 140
Audio generation rate: 0.94 chunks/second
Progress: 8.8 tokens/sec, est. 1.6s audio generated, 162 tokens, 19 chunks in 18.5s
Processing buffer with 28 tokens, total collected: 168
Progress: 8.8 tokens/sec, est. 1.8s audio generated, 180 tokens, 21 chunks in 20.5s
Token processing rate: 7.6 tokens/second
Audio generation rate: 0.97 chunks/second
Progress: 8.8 tokens/sec, est. 2.0s audio generated, 198 tokens, 24 chunks in 22.6s
Processing buffer with 28 tokens, total collected: 196
Progress: 8.8 tokens/sec, est. 2.2s audio generated, 216 tokens, 26 chunks in 24.7s
Audio generation rate: 1.02 chunks/second
Progress: 8.7 tokens/sec, est. 2.4s audio generated, 233 tokens, 28 chunks in 26.7s
Token processing rate: 7.8 tokens/second
Processing buffer with 28 tokens, total collected: 224
Progress: 8.7 tokens/sec, est. 2.6s audio generated, 251 tokens, 30 chunks in 28.8s
Audio generation rate: 1.02 chunks/second
Processing buffer with 28 tokens, total collected: 252
Progress: 8.7 tokens/sec, est. 2.8s audio generated, 269 tokens, 33 chunks in 30.9s
Progress: 8.7 tokens/sec, est. 3.0s audio generated, 286 tokens, 35 chunks in 32.9s
Token processing rate: 7.9 tokens/second
Audio generation rate: 1.06 chunks/second
Processing buffer with 28 tokens, total collected: 280
Progress: 8.7 tokens/sec, est. 3.1s audio generated, 303 tokens, 37 chunks in 34.9s
Progress: 8.7 tokens/sec, est. 3.4s audio generated, 320 tokens, 40 chunks in 37.0s
Processing buffer with 28 tokens, total collected: 308
Audio generation rate: 1.08 chunks/second
Token processing rate: 8.0 tokens/second
Progress: 8.6 tokens/sec, est. 3.7s audio generated, 337 tokens, 44 chunks in 39.0s
Processing buffer with 28 tokens, total collected: 336
Audio generation rate: 1.08 chunks/second
Progress: 8.6 tokens/sec, est. 3.9s audio generated, 354 tokens, 46 chunks in 41.1s
Processing buffer with 28 tokens, total collected: 364
Progress: 8.6 tokens/sec, est. 4.2s audio generated, 371 tokens, 49 chunks in 43.2s
Token processing rate: 8.0 tokens/second
Audio generation rate: 1.10 chunks/second
Progress: 8.6 tokens/sec, est. 4.3s audio generated, 388 tokens, 51 chunks in 45.2s
Processing buffer with 28 tokens, total collected: 392
Progress: 8.6 tokens/sec, est. 4.5s audio generated, 405 tokens, 53 chunks in 47.3s
Audio generation rate: 1.09 chunks/second
Progress: 8.5 tokens/sec, est. 4.8s audio generated, 422 tokens, 56 chunks in 49.4s
Token processing rate: 8.0 tokens/second
Processing buffer with 28 tokens, total collected: 420
Progress: 8.5 tokens/sec, est. 4.9s audio generated, 437 tokens, 58 chunks in 51.5s
Audio generation rate: 1.09 chunks/second
Progress: 8.4 tokens/sec, est. 5.1s audio generated, 451 tokens, 60 chunks in 53.6s
Processing buffer with 28 tokens, total collected: 448
Progress: 8.4 tokens/sec, est. 5.3s audio generated, 467 tokens, 62 chunks in 55.6s
Token processing rate: 7.9 tokens/second
Audio generation rate: 1.08 chunks/second
Processing buffer with 28 tokens, total collected: 476
Progress: 8.4 tokens/sec, est. 5.5s audio generated, 483 tokens, 65 chunks in 57.6s
Progress: 8.4 tokens/sec, est. 5.7s audio generated, 499 tokens, 67 chunks in 59.7s
Audio generation rate: 1.09 chunks/second
Processing buffer with 28 tokens, total collected: 504
Progress: 8.3 tokens/sec, est. 5.9s audio generated, 515 tokens, 69 chunks in 61.7s
Token processing rate: 7.9 tokens/second
Progress: 8.3 tokens/sec, est. 6.1s audio generated, 531 tokens, 72 chunks in 63.7s
Processing buffer with 28 tokens, total collected: 532
Audio generation rate: 1.10 chunks/second
Progress: 8.3 tokens/sec, est. 6.3s audio generated, 547 tokens, 74 chunks in 65.8s
Progress: 8.3 tokens/sec, est. 6.5s audio generated, 563 tokens, 76 chunks in 67.9s
Token processing rate: 7.9 tokens/second
Processing buffer with 28 tokens, total collected: 560
Audio generation rate: 1.09 chunks/second
Progress: 8.3 tokens/sec, est. 6.6s audio generated, 579 tokens, 78 chunks in 70.0s
Processing buffer with 28 tokens, total collected: 588
Progress: 8.3 tokens/sec, est. 6.9s audio generated, 595 tokens, 81 chunks in 72.0s
Audio generation rate: 1.10 chunks/second
Progress: 8.2 tokens/sec, est. 7.1s audio generated, 611 tokens, 83 chunks in 74.1s
Token processing rate: 7.9 tokens/second
Processing buffer with 28 tokens, total collected: 616
Progress: 8.2 tokens/sec, est. 7.2s audio generated, 627 tokens, 85 chunks in 76.3s
Audio generation rate: 1.09 chunks/second
Progress: 8.2 tokens/sec, est. 7.5s audio generated, 643 tokens, 88 chunks in 78.4s
Processing buffer with 28 tokens, total collected: 644
Progress: 8.2 tokens/sec, est. 7.7s audio generated, 659 tokens, 90 chunks in 80.5s
Token processing rate: 7.9 tokens/second
Audio generation rate: 1.09 chunks/second
Progress: 8.2 tokens/sec, est. 7.8s audio generated, 674 tokens, 92 chunks in 82.5s
Processing buffer with 28 tokens, total collected: 672
Progress: 8.1 tokens/sec, est. 8.0s audio generated, 689 tokens, 94 chunks in 84.5s
Progress: 8.1 tokens/sec, est. 8.0s audio generated, 704 tokens, 94 chunks in 86.6s
Audio generation rate: 1.09 chunks/second
Processing buffer with 28 tokens, total collected: 700
Progress: 8.1 tokens/sec, est. 8.2s audio generated, 719 tokens, 97 chunks in 88.6s
Token processing rate: 7.8 tokens/second
Progress: 8.1 tokens/sec, est. 8.4s audio generated, 734 tokens, 99 chunks in 90.6s
Audio generation rate: 1.09 chunks/second
Processing buffer with 28 tokens, total collected: 728
Progress: 8.1 tokens/sec, est. 8.6s audio generated, 749 tokens, 101 chunks in 92.7s
Progress: 8.1 tokens/sec, est. 8.8s audio generated, 764 tokens, 104 chunks in 94.8s
Token processing rate: 7.8 tokens/second
Processing buffer with 28 tokens, total collected: 756
Audio generation rate: 1.09 chunks/second
Progress: 8.0 tokens/sec, est. 9.0s audio generated, 777 tokens, 106 chunks in 97.4s
Audio generation rate: 1.08 chunks/second
Progress: 7.9 tokens/sec, est. 9.1s audio generated, 792 tokens, 107 chunks in 99.6s
Token generation complete: 798 tokens in 100.66s (7.9 tokens/sec)
Generated 107 audio segments
Generated 9.13 seconds of audio in 100.66 seconds
Realtime factor: 0.09x
Warning: Generation is slower than realtime
Total speech generation completed in 100.66 seconds
INFO:     127.0.0.1:55301 - "POST /v1/audio/speech HTTP/1.1" 200 OK
Starting speech generation for 'Huh? It seems your message might be incomplete or ...'
Using voice: tara, GPU acceleration: Yes
Generating speech for: <|audio|>tara: Huh? It seems your message might be incomplete or unclear. Could you provide more details so I can assist you better?<|eot_id|>
Progress: 10.3 tokens/sec, est. 0.0s audio generated, 21 tokens, 0 chunks in 2.0s
Processing buffer with 28 tokens, total collected: 28
Audio generation rate: 0.24 chunks/second
Progress: 9.7 tokens/sec, est. 0.1s audio generated, 40 tokens, 1 chunks in 4.1s
Token processing rate: 5.0 tokens/second
Progress: 9.5 tokens/sec, est. 0.3s audio generated, 59 tokens, 3 chunks in 6.2s
Audio generation rate: 0.52 chunks/second
Processing buffer with 28 tokens, total collected: 56
Progress: 9.4 tokens/sec, est. 0.4s audio generated, 77 tokens, 5 chunks in 8.2s
Progress: 9.3 tokens/sec, est. 0.7s audio generated, 95 tokens, 8 chunks in 10.2s
Token processing rate: 6.9 tokens/second
Processing buffer with 28 tokens, total collected: 84
Audio generation rate: 0.80 chunks/second
Progress: 9.2 tokens/sec, est. 1.0s audio generated, 113 tokens, 12 chunks in 12.2s
Processing buffer with 28 tokens, total collected: 112
Audio generation rate: 0.87 chunks/second
Progress: 9.2 tokens/sec, est. 1.2s audio generated, 132 tokens, 14 chunks in 14.3s
Token processing rate: 7.6 tokens/second
Processing buffer with 28 tokens, total collected: 140
Progress: 9.2 tokens/sec, est. 1.4s audio generated, 150 tokens, 17 chunks in 16.4s
Audio generation rate: 0.97 chunks/second
Progress: 9.1 tokens/sec, est. 1.6s audio generated, 168 tokens, 19 chunks in 18.4s
Processing buffer with 28 tokens, total collected: 168
Progress: 9.1 tokens/sec, est. 1.8s audio generated, 186 tokens, 21 chunks in 20.5s
Token processing rate: 7.9 tokens/second
Audio generation rate: 0.99 chunks/second
Progress: 9.0 tokens/sec, est. 2.0s audio generated, 204 tokens, 24 chunks in 22.6s
Processing buffer with 28 tokens, total collected: 196
Progress: 9.0 tokens/sec, est. 2.2s audio generated, 222 tokens, 26 chunks in 24.6s
Audio generation rate: 1.04 chunks/second
Progress: 9.0 tokens/sec, est. 2.4s audio generated, 239 tokens, 28 chunks in 26.6s
Token processing rate: 8.0 tokens/second
Processing buffer with 28 tokens, total collected: 224
Audio generation rate: 1.05 chunks/second
Processing buffer with 28 tokens, total collected: 252
Progress: 8.9 tokens/sec, est. 2.8s audio generated, 256 tokens, 33 chunks in 28.6s
Progress: 8.9 tokens/sec, est. 3.0s audio generated, 273 tokens, 35 chunks in 30.7s
Token processing rate: 8.1 tokens/second
Audio generation rate: 1.08 chunks/second
Processing buffer with 28 tokens, total collected: 280
Progress: 8.9 tokens/sec, est. 3.1s audio generated, 290 tokens, 37 chunks in 32.7s
Progress: 8.8 tokens/sec, est. 3.4s audio generated, 307 tokens, 40 chunks in 34.8s
Processing buffer with 28 tokens, total collected: 308
Audio generation rate: 1.10 chunks/second
Progress: 8.8 tokens/sec, est. 3.6s audio generated, 324 tokens, 42 chunks in 36.8s
Token processing rate: 8.1 tokens/second
Progress: 8.8 tokens/sec, est. 3.7s audio generated, 341 tokens, 44 chunks in 38.8s
Processing buffer with 28 tokens, total collected: 336
Audio generation rate: 1.09 chunks/second
Progress: 8.8 tokens/sec, est. 3.9s audio generated, 358 tokens, 46 chunks in 40.9s
Processing buffer with 28 tokens, total collected: 364
Progress: 8.7 tokens/sec, est. 4.2s audio generated, 375 tokens, 49 chunks in 43.0s
Token processing rate: 8.1 tokens/second
Audio generation rate: 1.11 chunks/second
Progress: 8.7 tokens/sec, est. 4.3s audio generated, 392 tokens, 51 chunks in 45.1s
Processing buffer with 28 tokens, total collected: 392
Progress: 8.7 tokens/sec, est. 4.5s audio generated, 409 tokens, 53 chunks in 47.2s
Audio generation rate: 1.10 chunks/second
Progress: 8.6 tokens/sec, est. 4.8s audio generated, 425 tokens, 56 chunks in 49.2s
Token processing rate: 8.1 tokens/second
Processing buffer with 28 tokens, total collected: 420
Progress: 8.6 tokens/sec, est. 4.9s audio generated, 442 tokens, 58 chunks in 51.3s
Audio generation rate: 1.11 chunks/second
Progress: 8.6 tokens/sec, est. 5.1s audio generated, 458 tokens, 60 chunks in 53.3s
Processing buffer with 28 tokens, total collected: 448
Progress: 8.6 tokens/sec, est. 5.3s audio generated, 474 tokens, 62 chunks in 55.3s
Token processing rate: 8.1 tokens/second
Audio generation rate: 1.10 chunks/second
Processing buffer with 28 tokens, total collected: 476
Progress: 8.5 tokens/sec, est. 5.5s audio generated, 490 tokens, 65 chunks in 57.3s
Progress: 8.5 tokens/sec, est. 5.7s audio generated, 506 tokens, 67 chunks in 59.4s
Audio generation rate: 1.11 chunks/second
Processing buffer with 28 tokens, total collected: 504
Progress: 8.5 tokens/sec, est. 5.9s audio generated, 522 tokens, 69 chunks in 61.4s
Token processing rate: 8.1 tokens/second
Progress: 8.5 tokens/sec, est. 6.1s audio generated, 538 tokens, 72 chunks in 63.5s
Processing buffer with 28 tokens, total collected: 532
Audio generation rate: 1.12 chunks/second
Progress: 8.5 tokens/sec, est. 6.3s audio generated, 554 tokens, 74 chunks in 65.5s
Progress: 8.4 tokens/sec, est. 6.5s audio generated, 570 tokens, 76 chunks in 67.6s
Token processing rate: 8.0 tokens/second
Processing buffer with 28 tokens, total collected: 560
Audio generation rate: 1.11 chunks/second
Progress: 8.4 tokens/sec, est. 6.6s audio generated, 586 tokens, 78 chunks in 69.7s
Processing buffer with 28 tokens, total collected: 588
Progress: 8.4 tokens/sec, est. 6.9s audio generated, 602 tokens, 81 chunks in 71.8s
Audio generation rate: 1.12 chunks/second
Progress: 8.4 tokens/sec, est. 7.1s audio generated, 618 tokens, 83 chunks in 73.9s
Token processing rate: 8.0 tokens/second
Processing buffer with 28 tokens, total collected: 616
Progress: 8.3 tokens/sec, est. 7.2s audio generated, 633 tokens, 85 chunks in 75.9s
Audio generation rate: 1.10 chunks/second
Progress: 8.3 tokens/sec, est. 7.5s audio generated, 647 tokens, 88 chunks in 77.9s
Processing buffer with 28 tokens, total collected: 644
Progress: 8.3 tokens/sec, est. 7.7s audio generated, 662 tokens, 90 chunks in 79.9s
Token processing rate: 8.0 tokens/second
Audio generation rate: 1.11 chunks/second
Progress: 8.3 tokens/sec, est. 7.8s audio generated, 678 tokens, 92 chunks in 82.0s
Processing buffer with 28 tokens, total collected: 672
Progress: 8.2 tokens/sec, est. 8.0s audio generated, 693 tokens, 94 chunks in 84.1s
Audio generation rate: 1.10 chunks/second
Processing buffer with 28 tokens, total collected: 700
Progress: 8.2 tokens/sec, est. 8.2s audio generated, 708 tokens, 97 chunks in 86.1s
Token processing rate: 7.9 tokens/second
Progress: 8.2 tokens/sec, est. 8.4s audio generated, 723 tokens, 99 chunks in 88.1s
Audio generation rate: 1.10 chunks/second
Processing buffer with 28 tokens, total collected: 728
Progress: 8.2 tokens/sec, est. 8.6s audio generated, 738 tokens, 101 chunks in 90.2s
Progress: 8.2 tokens/sec, est. 8.8s audio generated, 753 tokens, 104 chunks in 92.2s
Progress: 8.1 tokens/sec, est. 8.8s audio generated, 768 tokens, 104 chunks in 94.3s
Token processing rate: 7.9 tokens/second
Processing buffer with 28 tokens, total collected: 756
Audio generation rate: 1.10 chunks/second
Progress: 8.1 tokens/sec, est. 9.0s audio generated, 783 tokens, 106 chunks in 96.4s
Progress: 8.1 tokens/sec, est. 9.2s audio generated, 798 tokens, 108 chunks in 98.4s
Processing buffer with 28 tokens, total collected: 784
Audio generation rate: 1.09 chunks/second
Progress: 8.1 tokens/sec, est. 9.4s audio generated, 813 tokens, 110 chunks in 100.5s
Token processing rate: 7.8 tokens/second
Processing buffer with 28 tokens, total collected: 812
Progress: 8.1 tokens/sec, est. 9.6s audio generated, 828 tokens, 113 chunks in 102.6s
Audio generation rate: 1.09 chunks/second
Progress: 8.0 tokens/sec, est. 9.8s audio generated, 843 tokens, 115 chunks in 104.9s
Token processing rate: 7.7 tokens/second
Audio generation rate: 1.08 chunks/second
Processing buffer with 28 tokens, total collected: 840
Progress: 8.0 tokens/sec, est. 9.9s audio generated, 856 tokens, 117 chunks in 107.0s
Token generation complete: 864 tokens in 108.37s (8.0 tokens/sec)
Generated 117 audio segments
Generated 9.98 seconds of audio in 108.37 seconds
Realtime factor: 0.09x
Warning: Generation is slower than realtime
Total speech generation completed in 108.37 seconds
INFO:     127.0.0.1:59778 - "POST /v1/audio/speech HTTP/1.1" 200 OK
