Starting Orpheus TTS bridge on http://127.0.0.1:5006 ...
Python: F:\network_management\Wi-Fi Sensing & CSI Data Extraction\Model_training\.venv-gtx1080\Scripts\python.exe
CUDA_VISIBLE_DEVICES: 0
LM Studio completions: http://127.0.0.1:1234/v1/completions
LM Studio TTS model: orpeus_text_to_speech
Synthesis concurrency: 1
Per-chunk limits: 1200 tokens / 180 seconds
Starting Orpheus-FASTAPI Server
INFO:     127.0.0.1:54581 - "GET /health HTTP/1.1" 200 OK
INFO:     127.0.0.1:54586 - "GET /health HTTP/1.1" 200 OK
INFO:     127.0.0.1:54587 - "GET /health HTTP/1.1" 200 OK
INFO:     127.0.0.1:54581 - "GET /health HTTP/1.1" 200 OK
Starting speech generation for 'System ready.'
Using voice: tara, GPU acceleration: Yes
Generating speech for: <|audio|>tara: System ready.<|eot_id|>
Generation limits: max_tokens=240, max_seconds=180
Progress: 6.9 tokens/sec, est. 0.0s audio generated, 15 tokens, 0 chunks in 2.2s
Progress: 6.5 tokens/sec, est. 0.0s audio generated, 28 tokens, 0 chunks in 4.3s
Token processing rate: 2.4 tokens/second
Processing buffer with 28 tokens, total collected: 28
PyTorch 2.0+ detected, torch.compile is available
CUDA graphs support is available
Using device: cuda
Using standard PyTorch optimizations (torch.compile disabled)
Using CUDA stream for parallel processing
Progress: 3.8 tokens/sec, est. 0.1s audio generated, 32 tokens, 1 chunks in 8.4s
Audio generation rate: 0.11 chunks/second
Processing buffer with 28 tokens, total collected: 56
Progress: 7.1 tokens/sec, est. 0.4s audio generated, 74 tokens, 5 chunks in 10.4s
Token processing rate: 5.1 tokens/second
Progress: 7.3 tokens/sec, est. 0.7s audio generated, 91 tokens, 8 chunks in 12.4s
Processing buffer with 28 tokens, total collected: 84
Audio generation rate: 0.64 chunks/second
Progress: 7.5 tokens/sec, est. 0.9s audio generated, 108 tokens, 10 chunks in 14.4s
Progress: 7.2 tokens/sec, est. 1.0s audio generated, 122 tokens, 12 chunks in 17.0s
Token processing rate: 6.0 tokens/second
Processing buffer with 28 tokens, total collected: 112
Audio generation rate: 0.70 chunks/second
Token generation complete: 137 tokens in 19.04s (7.2 tokens/sec)
Generated 13 audio segments
Generated 1.11 seconds of audio in 19.04 seconds
Realtime factor: 0.06x
Warning: Generation is slower than realtime
Total speech generation completed in 19.04 seconds
INFO:     127.0.0.1:54599 - "POST /v1/audio/speech HTTP/1.1" 200 OK
INFO:     127.0.0.1:57309 - "GET /health HTTP/1.1" 200 OK
INFO:     127.0.0.1:53919 - "GET /health HTTP/1.1" 200 OK
INFO:     127.0.0.1:53920 - "GET /health HTTP/1.1" 200 OK
INFO:     127.0.0.1:53924 - "GET /health HTTP/1.1" 200 OK
INFO:     127.0.0.1:53941 - "GET /health HTTP/1.1" 200 OK
INFO:     127.0.0.1:55511 - "GET /health HTTP/1.1" 200 OK
Starting speech generation for 'Okay, I understand you're unsure about what you wa...'
Using voice: tara, GPU acceleration: Yes
Generating speech for: <|audio|>tara: Okay, I understand you're unsure about what you want to do. Let me know what it is you need help with!<|eot_id|>
Generation limits: max_tokens=510, max_seconds=180
Progress: 10.6 tokens/sec, est. 0.0s audio generated, 22 tokens, 0 chunks in 2.1s
Processing buffer with 28 tokens, total collected: 28
Audio generation rate: 0.23 chunks/second
Progress: 10.1 tokens/sec, est. 0.1s audio generated, 42 tokens, 1 chunks in 4.2s
Token processing rate: 5.0 tokens/second
Progress: 9.8 tokens/sec, est. 0.3s audio generated, 61 tokens, 3 chunks in 6.2s
Audio generation rate: 0.52 chunks/second
Processing buffer with 28 tokens, total collected: 56
Progress: 9.7 tokens/sec, est. 0.4s audio generated, 80 tokens, 5 chunks in 8.2s
Token processing rate: 7.0 tokens/second
Processing buffer with 28 tokens, total collected: 84
Audio generation rate: 0.80 chunks/second
Progress: 9.6 tokens/sec, est. 0.9s audio generated, 99 tokens, 10 chunks in 10.3s
Progress: 9.5 tokens/sec, est. 1.0s audio generated, 118 tokens, 12 chunks in 12.4s
Processing buffer with 28 tokens, total collected: 112
Audio generation rate: 0.88 chunks/second
Progress: 9.5 tokens/sec, est. 1.2s audio generated, 137 tokens, 14 chunks in 14.5s
Token processing rate: 7.6 tokens/second
Processing buffer with 28 tokens, total collected: 140
Progress: 9.4 tokens/sec, est. 1.4s audio generated, 156 tokens, 17 chunks in 16.6s
Audio generation rate: 0.99 chunks/second
Progress: 9.4 tokens/sec, est. 1.6s audio generated, 174 tokens, 19 chunks in 18.6s
Processing buffer with 28 tokens, total collected: 168
Progress: 9.3 tokens/sec, est. 1.8s audio generated, 192 tokens, 21 chunks in 20.6s
Token processing rate: 8.0 tokens/second
Audio generation rate: 1.01 chunks/second
Processing buffer with 28 tokens, total collected: 196
Progress: 9.3 tokens/sec, est. 2.2s audio generated, 210 tokens, 26 chunks in 22.7s
Audio generation rate: 1.06 chunks/second
Progress: 9.2 tokens/sec, est. 2.4s audio generated, 228 tokens, 28 chunks in 24.7s
Token processing rate: 8.1 tokens/second
Processing buffer with 28 tokens, total collected: 224
Progress: 9.2 tokens/sec, est. 2.6s audio generated, 246 tokens, 30 chunks in 26.8s
Audio generation rate: 1.06 chunks/second
Processing buffer with 28 tokens, total collected: 252
Progress: 9.1 tokens/sec, est. 2.8s audio generated, 264 tokens, 33 chunks in 28.9s
Progress: 9.1 tokens/sec, est. 3.0s audio generated, 282 tokens, 35 chunks in 31.0s
Token processing rate: 8.2 tokens/second
Audio generation rate: 1.09 chunks/second
Processing buffer with 28 tokens, total collected: 280
Progress: 9.1 tokens/sec, est. 3.1s audio generated, 300 tokens, 37 chunks in 33.1s
Progress: 9.0 tokens/sec, est. 3.4s audio generated, 318 tokens, 40 chunks in 35.2s
Processing buffer with 28 tokens, total collected: 308
Audio generation rate: 1.12 chunks/second
Progress: 9.0 tokens/sec, est. 3.6s audio generated, 335 tokens, 42 chunks in 37.2s
Token processing rate: 8.3 tokens/second
Processing buffer with 28 tokens, total collected: 336
Progress: 9.0 tokens/sec, est. 3.8s audio generated, 352 tokens, 45 chunks in 39.2s
Audio generation rate: 1.11 chunks/second
Processing buffer with 28 tokens, total collected: 364
Progress: 9.0 tokens/sec, est. 4.2s audio generated, 369 tokens, 49 chunks in 41.2s
Token processing rate: 8.3 tokens/second
Audio generation rate: 1.13 chunks/second
Progress: 8.9 tokens/sec, est. 4.3s audio generated, 386 tokens, 51 chunks in 43.3s
Processing buffer with 28 tokens, total collected: 392
Progress: 8.9 tokens/sec, est. 4.5s audio generated, 402 tokens, 53 chunks in 45.3s
Audio generation rate: 1.12 chunks/second
Progress: 8.9 tokens/sec, est. 4.8s audio generated, 419 tokens, 56 chunks in 47.3s
Token processing rate: 8.3 tokens/second
Processing buffer with 28 tokens, total collected: 420
Progress: 8.8 tokens/sec, est. 4.9s audio generated, 436 tokens, 58 chunks in 49.4s
Audio generation rate: 1.13 chunks/second
Progress: 8.8 tokens/sec, est. 5.1s audio generated, 453 tokens, 60 chunks in 51.5s
Processing buffer with 28 tokens, total collected: 448
Progress: 8.8 tokens/sec, est. 5.3s audio generated, 470 tokens, 62 chunks in 53.6s
Token processing rate: 8.2 tokens/second
Audio generation rate: 1.12 chunks/second
Processing buffer with 28 tokens, total collected: 476
Progress: 8.7 tokens/sec, est. 5.5s audio generated, 486 tokens, 65 chunks in 55.6s
Progress: 8.7 tokens/sec, est. 5.7s audio generated, 503 tokens, 67 chunks in 57.7s
Token generation complete: 510 tokens in 59.58s (8.6 tokens/sec)
Audio generation rate: 1.14 chunks/second
Processing buffer with 28 tokens, total collected: 504
Generated 69 audio segments
Generated 5.89 seconds of audio in 59.61 seconds
Realtime factor: 0.10x
Warning: Generation is slower than realtime
Total speech generation completed in 59.61 seconds
INFO:     127.0.0.1:55522 - "POST /v1/audio/speech HTTP/1.1" 200 OK
INFO:     127.0.0.1:62474 - "GET /health HTTP/1.1" 200 OK
Starting speech generation for 'Hmm, I didn't quite understand that question. Coul...'
Using voice: tara, GPU acceleration: Yes
Generating speech for: <|audio|>tara: Hmm, I didn't quite understand that question. Could you please clarify what you meant?<|eot_id|>
Generation limits: max_tokens=430, max_seconds=180
Progress: 10.5 tokens/sec, est. 0.0s audio generated, 22 tokens, 0 chunks in 2.1s
Processing buffer with 28 tokens, total collected: 28
Audio generation rate: 0.25 chunks/second
Progress: 10.1 tokens/sec, est. 0.1s audio generated, 42 tokens, 1 chunks in 4.2s
Token processing rate: 5.3 tokens/second
Progress: 9.8 tokens/sec, est. 0.3s audio generated, 61 tokens, 3 chunks in 6.2s
Audio generation rate: 0.54 chunks/second
Processing buffer with 28 tokens, total collected: 56
Progress: 9.7 tokens/sec, est. 0.4s audio generated, 80 tokens, 5 chunks in 8.2s
Token processing rate: 7.2 tokens/second
Processing buffer with 28 tokens, total collected: 84
Audio generation rate: 0.83 chunks/second
Progress: 9.6 tokens/sec, est. 0.9s audio generated, 99 tokens, 10 chunks in 10.3s
Progress: 9.5 tokens/sec, est. 1.0s audio generated, 118 tokens, 12 chunks in 12.4s
Processing buffer with 28 tokens, total collected: 112
Audio generation rate: 0.91 chunks/second
Progress: 9.5 tokens/sec, est. 1.2s audio generated, 137 tokens, 14 chunks in 14.5s
Token processing rate: 7.8 tokens/second
Processing buffer with 28 tokens, total collected: 140
Progress: 9.4 tokens/sec, est. 1.4s audio generated, 156 tokens, 17 chunks in 16.6s
Audio generation rate: 1.01 chunks/second
Progress: 9.4 tokens/sec, est. 1.6s audio generated, 174 tokens, 19 chunks in 18.6s
Processing buffer with 28 tokens, total collected: 168
Progress: 9.3 tokens/sec, est. 1.8s audio generated, 192 tokens, 21 chunks in 20.6s
Token processing rate: 8.1 tokens/second
Audio generation rate: 1.02 chunks/second
Processing buffer with 28 tokens, total collected: 196
Progress: 9.3 tokens/sec, est. 2.2s audio generated, 210 tokens, 26 chunks in 22.6s
Audio generation rate: 1.08 chunks/second
Progress: 9.2 tokens/sec, est. 2.4s audio generated, 228 tokens, 28 chunks in 24.7s
Token processing rate: 8.2 tokens/second
Processing buffer with 28 tokens, total collected: 224
Progress: 9.2 tokens/sec, est. 2.6s audio generated, 246 tokens, 30 chunks in 26.8s
Audio generation rate: 1.08 chunks/second
Processing buffer with 28 tokens, total collected: 252
Progress: 9.2 tokens/sec, est. 2.8s audio generated, 264 tokens, 33 chunks in 28.8s
Progress: 9.1 tokens/sec, est. 3.0s audio generated, 282 tokens, 35 chunks in 30.9s
Token processing rate: 8.3 tokens/second
Audio generation rate: 1.11 chunks/second
Processing buffer with 28 tokens, total collected: 280
Progress: 9.1 tokens/sec, est. 3.1s audio generated, 300 tokens, 37 chunks in 33.0s
Progress: 9.0 tokens/sec, est. 3.4s audio generated, 318 tokens, 40 chunks in 35.1s
Processing buffer with 28 tokens, total collected: 308
Audio generation rate: 1.13 chunks/second
Progress: 9.0 tokens/sec, est. 3.6s audio generated, 335 tokens, 42 chunks in 37.1s
Token processing rate: 8.3 tokens/second
Progress: 9.0 tokens/sec, est. 3.7s audio generated, 352 tokens, 44 chunks in 39.2s
Processing buffer with 28 tokens, total collected: 336
Audio generation rate: 1.12 chunks/second
Processing buffer with 28 tokens, total collected: 364
Progress: 9.0 tokens/sec, est. 4.2s audio generated, 369 tokens, 49 chunks in 41.2s
Token processing rate: 8.3 tokens/second
Audio generation rate: 1.14 chunks/second
Progress: 8.8 tokens/sec, est. 4.3s audio generated, 385 tokens, 51 chunks in 43.9s
Token generation complete: 407 tokens in 46.50s (8.8 tokens/sec)
Generated 51 audio segments
Generated 4.35 seconds of audio in 46.50 seconds
Realtime factor: 0.09x
Warning: Generation is slower than realtime
Total speech generation completed in 46.50 seconds
INFO:     127.0.0.1:62484 - "POST /v1/audio/speech HTTP/1.1" 200 OK
INFO:     127.0.0.1:62020 - "GET /health HTTP/1.1" 200 OK
Starting speech generation for 'It seems your request might be incomplete or uncle...'
Using voice: tara, GPU acceleration: Yes
Generating speech for: <|audio|>tara: It seems your request might be incomplete or unclear. Could you please rephrase or clarify what you'd like to know?<|eot_id|>
Generation limits: max_tokens=575, max_seconds=180
Progress: 10.5 tokens/sec, est. 0.0s audio generated, 22 tokens, 0 chunks in 2.1s
Processing buffer with 28 tokens, total collected: 28
Audio generation rate: 0.25 chunks/second
Progress: 10.0 tokens/sec, est. 0.1s audio generated, 41 tokens, 1 chunks in 4.1s
Token processing rate: 5.2 tokens/second
Progress: 9.7 tokens/sec, est. 0.3s audio generated, 60 tokens, 3 chunks in 6.2s
Audio generation rate: 0.54 chunks/second
Processing buffer with 28 tokens, total collected: 56
Progress: 9.6 tokens/sec, est. 0.4s audio generated, 79 tokens, 5 chunks in 8.2s
Token processing rate: 7.1 tokens/second
Processing buffer with 28 tokens, total collected: 84
Audio generation rate: 0.82 chunks/second
Progress: 9.5 tokens/sec, est. 0.9s audio generated, 98 tokens, 10 chunks in 10.3s
Progress: 9.3 tokens/sec, est. 1.0s audio generated, 115 tokens, 12 chunks in 12.4s
Processing buffer with 28 tokens, total collected: 112
Audio generation rate: 0.89 chunks/second
Progress: 9.2 tokens/sec, est. 1.2s audio generated, 134 tokens, 14 chunks in 14.5s
Token processing rate: 7.7 tokens/second
Processing buffer with 28 tokens, total collected: 140
Progress: 9.2 tokens/sec, est. 1.4s audio generated, 153 tokens, 17 chunks in 16.6s
Audio generation rate: 0.99 chunks/second
Progress: 9.2 tokens/sec, est. 1.6s audio generated, 171 tokens, 19 chunks in 18.6s
Processing buffer with 28 tokens, total collected: 168
Progress: 9.2 tokens/sec, est. 1.8s audio generated, 189 tokens, 21 chunks in 20.6s
Token processing rate: 8.0 tokens/second
Audio generation rate: 1.01 chunks/second
Progress: 9.1 tokens/sec, est. 2.0s audio generated, 207 tokens, 24 chunks in 22.7s
Processing buffer with 28 tokens, total collected: 196
Progress: 9.0 tokens/sec, est. 2.2s audio generated, 222 tokens, 26 chunks in 24.7s
Audio generation rate: 1.04 chunks/second
Progress: 8.9 tokens/sec, est. 2.4s audio generated, 239 tokens, 28 chunks in 26.8s
Token processing rate: 8.0 tokens/second
Processing buffer with 28 tokens, total collected: 224
Audio generation rate: 1.05 chunks/second
Processing buffer with 28 tokens, total collected: 252
Progress: 8.9 tokens/sec, est. 2.8s audio generated, 257 tokens, 33 chunks in 28.8s
Progress: 8.9 tokens/sec, est. 3.0s audio generated, 275 tokens, 35 chunks in 30.9s
Token processing rate: 8.1 tokens/second
Audio generation rate: 1.08 chunks/second
Processing buffer with 28 tokens, total collected: 280
Progress: 8.9 tokens/sec, est. 3.1s audio generated, 293 tokens, 37 chunks in 33.0s
Progress: 8.9 tokens/sec, est. 3.4s audio generated, 311 tokens, 40 chunks in 35.1s
Processing buffer with 28 tokens, total collected: 308
Audio generation rate: 1.11 chunks/second
Progress: 8.8 tokens/sec, est. 3.6s audio generated, 329 tokens, 42 chunks in 37.3s
Token processing rate: 8.2 tokens/second
Progress: 8.8 tokens/sec, est. 3.7s audio generated, 346 tokens, 44 chunks in 39.3s
Processing buffer with 28 tokens, total collected: 336
Audio generation rate: 1.10 chunks/second
Progress: 8.8 tokens/sec, est. 3.9s audio generated, 363 tokens, 46 chunks in 41.3s
Processing buffer with 28 tokens, total collected: 364
Progress: 8.8 tokens/sec, est. 4.2s audio generated, 380 tokens, 49 chunks in 43.4s
Token processing rate: 8.2 tokens/second
Audio generation rate: 1.12 chunks/second
Progress: 8.7 tokens/sec, est. 4.3s audio generated, 397 tokens, 51 chunks in 45.4s
Processing buffer with 28 tokens, total collected: 392
Progress: 8.7 tokens/sec, est. 4.5s audio generated, 414 tokens, 53 chunks in 47.5s
Audio generation rate: 1.11 chunks/second
Progress: 8.7 tokens/sec, est. 4.8s audio generated, 431 tokens, 56 chunks in 49.6s
Token processing rate: 8.2 tokens/second
Processing buffer with 28 tokens, total collected: 420
Progress: 8.7 tokens/sec, est. 4.9s audio generated, 448 tokens, 58 chunks in 51.6s
Audio generation rate: 1.12 chunks/second
Processing buffer with 28 tokens, total collected: 448
Progress: 8.6 tokens/sec, est. 5.3s audio generated, 464 tokens, 62 chunks in 53.7s
Token processing rate: 8.2 tokens/second
Audio generation rate: 1.12 chunks/second
Processing buffer with 28 tokens, total collected: 476
Progress: 8.6 tokens/sec, est. 5.5s audio generated, 481 tokens, 65 chunks in 55.7s
Progress: 8.6 tokens/sec, est. 5.7s audio generated, 498 tokens, 67 chunks in 57.8s
Audio generation rate: 1.12 chunks/second
Processing buffer with 28 tokens, total collected: 504
Progress: 8.6 tokens/sec, est. 5.9s audio generated, 514 tokens, 69 chunks in 59.9s
Token processing rate: 8.2 tokens/second
Progress: 8.6 tokens/sec, est. 6.1s audio generated, 530 tokens, 72 chunks in 61.9s
Processing buffer with 28 tokens, total collected: 532
Audio generation rate: 1.13 chunks/second
Progress: 8.5 tokens/sec, est. 6.3s audio generated, 546 tokens, 74 chunks in 63.9s
Progress: 8.5 tokens/sec, est. 6.5s audio generated, 562 tokens, 76 chunks in 65.9s
Token generation complete: 575 tokens in 68.20s (8.4 tokens/sec)
Token processing rate: 8.2 tokens/second
Processing buffer with 28 tokens, total collected: 560
Audio generation rate: 1.13 chunks/second
Generated 78 audio segments
Generated 6.66 seconds of audio in 68.22 seconds
Realtime factor: 0.10x
Warning: Generation is slower than realtime
Total speech generation completed in 68.22 seconds
INFO:     127.0.0.1:62030 - "POST /v1/audio/speech HTTP/1.1" 200 OK
INFO:     127.0.0.1:54876 - "GET /health HTTP/1.1" 200 OK
Starting speech generation for 'Hmm, I'm just an AI, not quite sure what you're as...'
Using voice: tara, GPU acceleration: Yes
Generating speech for: <|audio|>tara: Hmm, I'm just an AI, not quite sure what you're asking about. Could you give me some more details?<|eot_id|>
Generation limits: max_tokens=490, max_seconds=180
Progress: 10.5 tokens/sec, est. 0.0s audio generated, 22 tokens, 0 chunks in 2.1s
Processing buffer with 28 tokens, total collected: 28
Audio generation rate: 0.25 chunks/second
Progress: 10.0 tokens/sec, est. 0.1s audio generated, 41 tokens, 1 chunks in 4.1s
Token processing rate: 5.2 tokens/second
Progress: 9.8 tokens/sec, est. 0.3s audio generated, 60 tokens, 3 chunks in 6.1s
Audio generation rate: 0.54 chunks/second
Processing buffer with 28 tokens, total collected: 56
Progress: 9.7 tokens/sec, est. 0.4s audio generated, 79 tokens, 5 chunks in 8.2s
Token processing rate: 7.2 tokens/second
Processing buffer with 28 tokens, total collected: 84
Audio generation rate: 0.82 chunks/second
Progress: 9.6 tokens/sec, est. 0.9s audio generated, 98 tokens, 10 chunks in 10.2s
Progress: 9.5 tokens/sec, est. 1.0s audio generated, 117 tokens, 12 chunks in 12.3s
Processing buffer with 28 tokens, total collected: 112
Audio generation rate: 0.90 chunks/second
Progress: 9.5 tokens/sec, est. 1.2s audio generated, 136 tokens, 14 chunks in 14.4s
Token processing rate: 7.8 tokens/second
Processing buffer with 28 tokens, total collected: 140
Progress: 9.4 tokens/sec, est. 1.4s audio generated, 154 tokens, 17 chunks in 16.4s
Audio generation rate: 1.00 chunks/second
Progress: 9.4 tokens/sec, est. 1.6s audio generated, 172 tokens, 19 chunks in 18.4s
Processing buffer with 28 tokens, total collected: 168
Progress: 9.3 tokens/sec, est. 1.8s audio generated, 190 tokens, 21 chunks in 20.4s
Token processing rate: 8.1 tokens/second
Audio generation rate: 1.02 chunks/second
Progress: 9.3 tokens/sec, est. 2.0s audio generated, 208 tokens, 24 chunks in 22.5s
Processing buffer with 28 tokens, total collected: 196
Audio generation rate: 1.07 chunks/second
Progress: 9.2 tokens/sec, est. 2.4s audio generated, 226 tokens, 28 chunks in 24.5s
Token processing rate: 8.2 tokens/second
Processing buffer with 28 tokens, total collected: 224
Progress: 9.2 tokens/sec, est. 2.6s audio generated, 244 tokens, 30 chunks in 26.6s
Audio generation rate: 1.07 chunks/second
Processing buffer with 28 tokens, total collected: 252
Progress: 9.1 tokens/sec, est. 2.8s audio generated, 262 tokens, 33 chunks in 28.7s
Progress: 9.1 tokens/sec, est. 3.0s audio generated, 280 tokens, 35 chunks in 30.7s
Token processing rate: 8.3 tokens/second
Audio generation rate: 1.10 chunks/second
Processing buffer with 28 tokens, total collected: 280
Progress: 9.1 tokens/sec, est. 3.1s audio generated, 298 tokens, 37 chunks in 32.8s
Progress: 9.0 tokens/sec, est. 3.4s audio generated, 316 tokens, 40 chunks in 35.0s
Processing buffer with 28 tokens, total collected: 308
Audio generation rate: 1.13 chunks/second
Progress: 9.0 tokens/sec, est. 3.6s audio generated, 333 tokens, 42 chunks in 37.0s
Token processing rate: 8.3 tokens/second
Progress: 9.0 tokens/sec, est. 3.7s audio generated, 351 tokens, 44 chunks in 39.1s
Processing buffer with 28 tokens, total collected: 336
Audio generation rate: 1.12 chunks/second
Progress: 8.9 tokens/sec, est. 3.9s audio generated, 368 tokens, 46 chunks in 41.1s
Processing buffer with 28 tokens, total collected: 364
Token processing rate: 8.3 tokens/second
Audio generation rate: 1.14 chunks/second
Progress: 8.9 tokens/sec, est. 4.3s audio generated, 385 tokens, 51 chunks in 43.2s
Processing buffer with 28 tokens, total collected: 392
Progress: 8.9 tokens/sec, est. 4.5s audio generated, 402 tokens, 53 chunks in 45.3s
Progress: 8.8 tokens/sec, est. 4.5s audio generated, 416 tokens, 53 chunks in 47.4s
Audio generation rate: 1.12 chunks/second
Progress: 8.7 tokens/sec, est. 4.8s audio generated, 430 tokens, 56 chunks in 49.5s
Token processing rate: 8.2 tokens/second
Processing buffer with 28 tokens, total collected: 420
Progress: 8.6 tokens/sec, est. 4.9s audio generated, 444 tokens, 58 chunks in 51.6s
Audio generation rate: 1.11 chunks/second
Progress: 8.5 tokens/sec, est. 5.1s audio generated, 458 tokens, 60 chunks in 53.8s
Processing buffer with 28 tokens, total collected: 448
Progress: 8.5 tokens/sec, est. 5.3s audio generated, 473 tokens, 62 chunks in 55.9s
Token processing rate: 8.0 tokens/second
Audio generation rate: 1.09 chunks/second
Processing buffer with 28 tokens, total collected: 476
Token generation complete: 490 tokens in 58.63s (8.4 tokens/sec)
Generated 66 audio segments
Generated 5.63 seconds of audio in 58.65 seconds
Realtime factor: 0.10x
Warning: Generation is slower than realtime
Total speech generation completed in 58.65 seconds
INFO:     127.0.0.1:54886 - "POST /v1/audio/speech HTTP/1.1" 200 OK
INFO:     127.0.0.1:50748 - "GET /health HTTP/1.1" 200 OK
Starting speech generation for 'Okay, got your message: "huh". Is there something ...'
Using voice: tara, GPU acceleration: Yes
Generating speech for: <|audio|>tara: Okay, got your message: "huh". Is there something you'd like me to help with?<|eot_id|>
Generation limits: max_tokens=385, max_seconds=180
Progress: 10.5 tokens/sec, est. 0.0s audio generated, 21 tokens, 0 chunks in 2.0s
Processing buffer with 28 tokens, total collected: 28
Audio generation rate: 0.25 chunks/second
Progress: 10.0 tokens/sec, est. 0.1s audio generated, 41 tokens, 1 chunks in 4.1s
Token processing rate: 5.2 tokens/second
Progress: 9.8 tokens/sec, est. 0.3s audio generated, 60 tokens, 3 chunks in 6.1s
Audio generation rate: 0.53 chunks/second
Processing buffer with 28 tokens, total collected: 56
Progress: 9.6 tokens/sec, est. 0.4s audio generated, 79 tokens, 5 chunks in 8.2s
Token processing rate: 7.1 tokens/second
Processing buffer with 28 tokens, total collected: 84
Audio generation rate: 0.82 chunks/second
Progress: 9.5 tokens/sec, est. 0.9s audio generated, 98 tokens, 10 chunks in 10.3s
Progress: 9.5 tokens/sec, est. 1.0s audio generated, 117 tokens, 12 chunks in 12.3s
Processing buffer with 28 tokens, total collected: 112
Audio generation rate: 0.90 chunks/second
Progress: 9.4 tokens/sec, est. 1.2s audio generated, 136 tokens, 14 chunks in 14.4s
Token processing rate: 7.8 tokens/second
Processing buffer with 28 tokens, total collected: 140
Progress: 9.4 tokens/sec, est. 1.4s audio generated, 155 tokens, 17 chunks in 16.5s
Audio generation rate: 1.00 chunks/second
Progress: 9.3 tokens/sec, est. 1.6s audio generated, 173 tokens, 19 chunks in 18.5s
Processing buffer with 28 tokens, total collected: 168
Progress: 9.3 tokens/sec, est. 1.8s audio generated, 191 tokens, 21 chunks in 20.5s
Token processing rate: 8.1 tokens/second
Audio generation rate: 1.02 chunks/second
Processing buffer with 28 tokens, total collected: 196
Progress: 9.3 tokens/sec, est. 2.2s audio generated, 209 tokens, 26 chunks in 22.6s
Audio generation rate: 1.07 chunks/second
Progress: 9.2 tokens/sec, est. 2.4s audio generated, 227 tokens, 28 chunks in 24.6s
Token processing rate: 8.2 tokens/second
Processing buffer with 28 tokens, total collected: 224
Progress: 9.2 tokens/sec, est. 2.6s audio generated, 245 tokens, 30 chunks in 26.7s
Audio generation rate: 1.07 chunks/second
Processing buffer with 28 tokens, total collected: 252
Progress: 9.1 tokens/sec, est. 2.8s audio generated, 263 tokens, 33 chunks in 28.8s
Progress: 9.1 tokens/sec, est. 3.0s audio generated, 281 tokens, 35 chunks in 30.9s
Token processing rate: 8.3 tokens/second
Audio generation rate: 1.10 chunks/second
Processing buffer with 28 tokens, total collected: 280
Progress: 9.1 tokens/sec, est. 3.1s audio generated, 299 tokens, 37 chunks in 33.0s
Progress: 9.0 tokens/sec, est. 3.4s audio generated, 316 tokens, 40 chunks in 35.0s
Processing buffer with 28 tokens, total collected: 308
Audio generation rate: 1.13 chunks/second
Progress: 9.0 tokens/sec, est. 3.6s audio generated, 334 tokens, 42 chunks in 37.1s
Token processing rate: 8.3 tokens/second
Progress: 9.0 tokens/sec, est. 3.7s audio generated, 351 tokens, 44 chunks in 39.1s
Processing buffer with 28 tokens, total collected: 336
Audio generation rate: 1.12 chunks/second
Progress: 8.9 tokens/sec, est. 3.9s audio generated, 368 tokens, 46 chunks in 41.1s
Processing buffer with 28 tokens, total collected: 364
Token processing rate: 8.3 tokens/second
Audio generation rate: 1.14 chunks/second
Token generation complete: 385 tokens in 43.99s (8.8 tokens/sec)
Generated 51 audio segments
Generated 4.35 seconds of audio in 44.00 seconds
Realtime factor: 0.10x
Warning: Generation is slower than realtime
Total speech generation completed in 44.00 seconds
INFO:     127.0.0.1:50757 - "POST /v1/audio/speech HTTP/1.1" 200 OK
INFO:     127.0.0.1:57787 - "GET /health HTTP/1.1" 200 OK
Starting speech generation for 'Huh? I'm listening. What can I do for you?'
Using voice: tara, GPU acceleration: Yes
Generating speech for: <|audio|>tara: Huh? I'm listening. What can I do for you?<|eot_id|>
Generation limits: max_tokens=240, max_seconds=180
Progress: 10.5 tokens/sec, est. 0.0s audio generated, 22 tokens, 0 chunks in 2.1s
Processing buffer with 28 tokens, total collected: 28
Audio generation rate: 0.26 chunks/second
Progress: 10.0 tokens/sec, est. 0.1s audio generated, 42 tokens, 1 chunks in 4.2s
Token processing rate: 5.4 tokens/second
Progress: 9.8 tokens/sec, est. 0.3s audio generated, 61 tokens, 3 chunks in 6.2s
Audio generation rate: 0.55 chunks/second
Processing buffer with 28 tokens, total collected: 56
Progress: 9.7 tokens/sec, est. 0.4s audio generated, 80 tokens, 5 chunks in 8.2s
Token processing rate: 7.3 tokens/second
Processing buffer with 28 tokens, total collected: 84
Audio generation rate: 0.84 chunks/second
Progress: 9.6 tokens/sec, est. 0.9s audio generated, 99 tokens, 10 chunks in 10.3s
Progress: 9.6 tokens/sec, est. 1.0s audio generated, 118 tokens, 12 chunks in 12.3s
Processing buffer with 28 tokens, total collected: 112
Audio generation rate: 0.92 chunks/second
Progress: 9.5 tokens/sec, est. 1.2s audio generated, 137 tokens, 14 chunks in 14.4s
Token processing rate: 7.9 tokens/second
Processing buffer with 28 tokens, total collected: 140
Progress: 9.4 tokens/sec, est. 1.4s audio generated, 156 tokens, 17 chunks in 16.5s
Audio generation rate: 1.01 chunks/second
Progress: 9.4 tokens/sec, est. 1.6s audio generated, 174 tokens, 19 chunks in 18.6s
Processing buffer with 28 tokens, total collected: 168
Progress: 9.3 tokens/sec, est. 1.8s audio generated, 192 tokens, 21 chunks in 20.6s
Token processing rate: 8.2 tokens/second
Audio generation rate: 1.03 chunks/second
Processing buffer with 28 tokens, total collected: 196
Progress: 9.3 tokens/sec, est. 2.2s audio generated, 210 tokens, 26 chunks in 22.6s
Audio generation rate: 1.08 chunks/second
Progress: 9.2 tokens/sec, est. 2.4s audio generated, 228 tokens, 28 chunks in 24.7s
Token generation complete: 240 tokens in 26.57s (9.0 tokens/sec)
Token processing rate: 8.4 tokens/second
Processing buffer with 28 tokens, total collected: 224
Generated 30 audio segments
Generated 2.56 seconds of audio in 26.59 seconds
Realtime factor: 0.10x
Warning: Generation is slower than realtime
Total speech generation completed in 26.59 seconds
INFO:     127.0.0.1:57796 - "POST /v1/audio/speech HTTP/1.1" 200 OK
INFO:     127.0.0.1:50275 - "GET /health HTTP/1.1" 200 OK
Starting speech generation for 'Huh? That doesn’t seem to make much sense. Could y...'
Using voice: tara, GPU acceleration: Yes
Generating speech for: <|audio|>tara: Huh? That doesn’t seem to make much sense. Could you clarify what you need help with or tell me more about your request?<|eot_id|>
Generation limits: max_tokens=600, max_seconds=180
Progress: 10.5 tokens/sec, est. 0.0s audio generated, 22 tokens, 0 chunks in 2.1s
Processing buffer with 28 tokens, total collected: 28
Audio generation rate: 0.24 chunks/second
Progress: 10.0 tokens/sec, est. 0.1s audio generated, 41 tokens, 1 chunks in 4.1s
Token processing rate: 5.2 tokens/second
Progress: 9.8 tokens/sec, est. 0.3s audio generated, 60 tokens, 3 chunks in 6.1s
Audio generation rate: 0.53 chunks/second
Processing buffer with 28 tokens, total collected: 56
Progress: 9.6 tokens/sec, est. 0.4s audio generated, 79 tokens, 5 chunks in 8.2s
Token processing rate: 7.1 tokens/second
Processing buffer with 28 tokens, total collected: 84
Audio generation rate: 0.82 chunks/second
Progress: 9.5 tokens/sec, est. 0.9s audio generated, 98 tokens, 10 chunks in 10.3s
Progress: 9.5 tokens/sec, est. 1.0s audio generated, 117 tokens, 12 chunks in 12.4s
Processing buffer with 28 tokens, total collected: 112
Audio generation rate: 0.89 chunks/second
Progress: 9.4 tokens/sec, est. 1.2s audio generated, 136 tokens, 14 chunks in 14.5s
Token processing rate: 7.7 tokens/second
Processing buffer with 28 tokens, total collected: 140
Progress: 9.4 tokens/sec, est. 1.4s audio generated, 154 tokens, 17 chunks in 16.5s
Audio generation rate: 1.00 chunks/second
Progress: 9.3 tokens/sec, est. 1.6s audio generated, 172 tokens, 19 chunks in 18.5s
Processing buffer with 28 tokens, total collected: 168
Progress: 9.3 tokens/sec, est. 1.8s audio generated, 190 tokens, 21 chunks in 20.5s
Token processing rate: 8.0 tokens/second
Audio generation rate: 1.01 chunks/second
Progress: 9.2 tokens/sec, est. 2.0s audio generated, 208 tokens, 24 chunks in 22.5s
Processing buffer with 28 tokens, total collected: 196
Audio generation rate: 1.07 chunks/second
Progress: 9.2 tokens/sec, est. 2.4s audio generated, 226 tokens, 28 chunks in 24.6s
Token processing rate: 8.2 tokens/second
Processing buffer with 28 tokens, total collected: 224
Progress: 9.1 tokens/sec, est. 2.6s audio generated, 244 tokens, 30 chunks in 26.7s
Audio generation rate: 1.07 chunks/second
Processing buffer with 28 tokens, total collected: 252
Progress: 9.1 tokens/sec, est. 2.8s audio generated, 262 tokens, 33 chunks in 28.8s
Progress: 9.1 tokens/sec, est. 3.0s audio generated, 280 tokens, 35 chunks in 30.9s
Token processing rate: 8.2 tokens/second
Audio generation rate: 1.10 chunks/second
Processing buffer with 28 tokens, total collected: 280
Progress: 9.0 tokens/sec, est. 3.1s audio generated, 298 tokens, 37 chunks in 33.0s
Progress: 9.0 tokens/sec, est. 3.4s audio generated, 316 tokens, 40 chunks in 35.1s
Processing buffer with 28 tokens, total collected: 308
Audio generation rate: 1.12 chunks/second
Progress: 9.0 tokens/sec, est. 3.6s audio generated, 333 tokens, 42 chunks in 37.1s
Token processing rate: 8.3 tokens/second
Progress: 9.0 tokens/sec, est. 3.7s audio generated, 350 tokens, 44 chunks in 39.1s
Processing buffer with 28 tokens, total collected: 336
Audio generation rate: 1.12 chunks/second
Progress: 8.9 tokens/sec, est. 3.9s audio generated, 367 tokens, 46 chunks in 41.2s
Processing buffer with 28 tokens, total collected: 364
Progress: 8.9 tokens/sec, est. 4.2s audio generated, 383 tokens, 49 chunks in 43.3s
Token processing rate: 8.2 tokens/second
Audio generation rate: 1.12 chunks/second
Progress: 8.8 tokens/sec, est. 4.3s audio generated, 399 tokens, 51 chunks in 45.3s
Processing buffer with 28 tokens, total collected: 392
Progress: 8.8 tokens/sec, est. 4.5s audio generated, 416 tokens, 53 chunks in 47.4s
Audio generation rate: 1.12 chunks/second
Token processing rate: 8.2 tokens/second
Processing buffer with 28 tokens, total collected: 420
Progress: 8.8 tokens/sec, est. 4.9s audio generated, 433 tokens, 58 chunks in 49.5s
Audio generation rate: 1.13 chunks/second
Progress: 8.7 tokens/sec, est. 5.1s audio generated, 450 tokens, 60 chunks in 51.6s
Processing buffer with 28 tokens, total collected: 448
Progress: 8.7 tokens/sec, est. 5.3s audio generated, 467 tokens, 62 chunks in 53.7s
Token processing rate: 8.2 tokens/second
Audio generation rate: 1.12 chunks/second
Processing buffer with 28 tokens, total collected: 476
Progress: 8.7 tokens/sec, est. 5.5s audio generated, 484 tokens, 65 chunks in 55.8s
Progress: 8.7 tokens/sec, est. 5.7s audio generated, 500 tokens, 67 chunks in 57.8s
Audio generation rate: 1.13 chunks/second
Processing buffer with 28 tokens, total collected: 504
Progress: 8.6 tokens/sec, est. 5.9s audio generated, 516 tokens, 69 chunks in 59.8s
Token processing rate: 8.2 tokens/second
Progress: 8.6 tokens/sec, est. 6.1s audio generated, 532 tokens, 72 chunks in 61.8s
Processing buffer with 28 tokens, total collected: 532
Audio generation rate: 1.14 chunks/second
Progress: 8.6 tokens/sec, est. 6.3s audio generated, 548 tokens, 74 chunks in 63.9s
Progress: 8.6 tokens/sec, est. 6.5s audio generated, 564 tokens, 76 chunks in 65.9s
Token processing rate: 8.2 tokens/second
Processing buffer with 28 tokens, total collected: 560
Audio generation rate: 1.13 chunks/second
Progress: 8.5 tokens/sec, est. 6.6s audio generated, 580 tokens, 78 chunks in 68.0s
Processing buffer with 28 tokens, total collected: 588
Progress: 8.5 tokens/sec, est. 6.9s audio generated, 596 tokens, 81 chunks in 70.0s
Token generation complete: 600 tokens in 71.22s (8.4 tokens/sec)
Generated 82 audio segments
Generated 7.00 seconds of audio in 71.23 seconds
Realtime factor: 0.10x
Warning: Generation is slower than realtime
Total speech generation completed in 71.23 seconds
INFO:     127.0.0.1:50285 - "POST /v1/audio/speech HTTP/1.1" 200 OK
INFO:     127.0.0.1:63557 - "GET /health HTTP/1.1" 200 OK
Starting speech generation for 'Okay'
Using voice: tara, GPU acceleration: Yes
Generating speech for: <|audio|>tara: Okay<|eot_id|>
Generation limits: max_tokens=240, max_seconds=180
Progress: 7.5 tokens/sec, est. 0.0s audio generated, 15 tokens, 0 chunks in 2.0s
Progress: 7.0 tokens/sec, est. 0.0s audio generated, 28 tokens, 0 chunks in 4.0s
Token processing rate: 2.6 tokens/second
Processing buffer with 28 tokens, total collected: 28
Audio generation rate: 0.18 chunks/second
Progress: 7.4 tokens/sec, est. 0.1s audio generated, 45 tokens, 1 chunks in 6.1s
Progress: 7.9 tokens/sec, est. 0.3s audio generated, 64 tokens, 4 chunks in 8.1s
Audio generation rate: 0.45 chunks/second
Processing buffer with 28 tokens, total collected: 56
Token processing rate: 5.9 tokens/second
Progress: 8.2 tokens/sec, est. 0.7s audio generated, 83 tokens, 8 chunks in 10.1s
Processing buffer with 28 tokens, total collected: 84
Audio generation rate: 0.73 chunks/second
Progress: 8.0 tokens/sec, est. 0.9s audio generated, 98 tokens, 10 chunks in 12.3s
Token generation complete: 120 tokens in 14.64s (8.2 tokens/sec)
Generated 10 audio segments
Generated 0.85 seconds of audio in 14.64 seconds
Realtime factor: 0.06x
Warning: Generation is slower than realtime
Total speech generation completed in 14.64 seconds
INFO:     127.0.0.1:63568 - "POST /v1/audio/speech HTTP/1.1" 200 OK
INFO:     127.0.0.1:57270 - "GET /health HTTP/1.1" 200 OK
Starting speech generation for 'Hmm, I'm just wondering what you meant by that... ...'
Using voice: tara, GPU acceleration: Yes
Generating speech for: <|audio|>tara: Hmm, I'm just wondering what you meant by that... Can you clarify?<|eot_id|>
Generation limits: max_tokens=330, max_seconds=180
Progress: 10.6 tokens/sec, est. 0.0s audio generated, 22 tokens, 0 chunks in 2.1s
Processing buffer with 28 tokens, total collected: 28
Audio generation rate: 0.25 chunks/second
Progress: 10.0 tokens/sec, est. 0.1s audio generated, 42 tokens, 1 chunks in 4.2s
Token processing rate: 5.3 tokens/second
Progress: 9.8 tokens/sec, est. 0.3s audio generated, 61 tokens, 3 chunks in 6.2s
Audio generation rate: 0.54 chunks/second
Processing buffer with 28 tokens, total collected: 56
Progress: 9.7 tokens/sec, est. 0.4s audio generated, 80 tokens, 5 chunks in 8.3s
Token processing rate: 7.2 tokens/second
Processing buffer with 28 tokens, total collected: 84
Audio generation rate: 0.83 chunks/second
Progress: 9.6 tokens/sec, est. 0.9s audio generated, 99 tokens, 10 chunks in 10.3s
Progress: 9.5 tokens/sec, est. 1.0s audio generated, 118 tokens, 12 chunks in 12.4s
Processing buffer with 28 tokens, total collected: 112
Audio generation rate: 0.91 chunks/second
Progress: 9.5 tokens/sec, est. 1.2s audio generated, 137 tokens, 14 chunks in 14.5s
Token processing rate: 7.8 tokens/second
Processing buffer with 28 tokens, total collected: 140
Progress: 9.4 tokens/sec, est. 1.4s audio generated, 156 tokens, 17 chunks in 16.6s
Audio generation rate: 1.01 chunks/second
Progress: 9.4 tokens/sec, est. 1.6s audio generated, 174 tokens, 19 chunks in 18.6s
Processing buffer with 28 tokens, total collected: 168
Progress: 9.3 tokens/sec, est. 1.8s audio generated, 192 tokens, 21 chunks in 20.6s
Token processing rate: 8.1 tokens/second
Audio generation rate: 1.02 chunks/second
Processing buffer with 28 tokens, total collected: 196
Progress: 9.3 tokens/sec, est. 2.2s audio generated, 210 tokens, 26 chunks in 22.6s
Audio generation rate: 1.08 chunks/second
Progress: 9.2 tokens/sec, est. 2.4s audio generated, 228 tokens, 28 chunks in 24.7s
Token processing rate: 8.3 tokens/second
Processing buffer with 28 tokens, total collected: 224
Progress: 9.2 tokens/sec, est. 2.6s audio generated, 246 tokens, 30 chunks in 26.7s
Audio generation rate: 1.08 chunks/second
Processing buffer with 28 tokens, total collected: 252
Progress: 9.2 tokens/sec, est. 2.8s audio generated, 264 tokens, 33 chunks in 28.8s
Progress: 9.1 tokens/sec, est. 3.0s audio generated, 282 tokens, 35 chunks in 30.9s
Token processing rate: 8.3 tokens/second
Audio generation rate: 1.11 chunks/second
Processing buffer with 28 tokens, total collected: 280
Progress: 9.1 tokens/sec, est. 3.1s audio generated, 300 tokens, 37 chunks in 33.0s
Progress: 9.1 tokens/sec, est. 3.4s audio generated, 317 tokens, 40 chunks in 35.0s
Processing buffer with 28 tokens, total collected: 308
Audio generation rate: 1.13 chunks/second
Token generation complete: 330 tokens in 37.15s (8.9 tokens/sec)
Generated 43 audio segments
Generated 3.67 seconds of audio in 37.16 seconds
Realtime factor: 0.10x
Warning: Generation is slower than realtime
Total speech generation completed in 37.16 seconds
INFO:     127.0.0.1:57281 - "POST /v1/audio/speech HTTP/1.1" 200 OK
INFO:     127.0.0.1:52230 - "GET /health HTTP/1.1" 200 OK
Starting speech generation for 'Huh? I'm here and ready to help. What would you li...'
Using voice: tara, GPU acceleration: Yes
Generating speech for: <|audio|>tara: Huh? I'm here and ready to help. What would you like to do?<|eot_id|>
Generation limits: max_tokens=295, max_seconds=180
Progress: 10.6 tokens/sec, est. 0.0s audio generated, 22 tokens, 0 chunks in 2.1s
Processing buffer with 28 tokens, total collected: 28
Audio generation rate: 0.26 chunks/second
Progress: 10.0 tokens/sec, est. 0.1s audio generated, 41 tokens, 1 chunks in 4.1s
Token processing rate: 5.4 tokens/second
Progress: 9.8 tokens/sec, est. 0.3s audio generated, 60 tokens, 3 chunks in 6.1s
Audio generation rate: 0.55 chunks/second
Processing buffer with 28 tokens, total collected: 56
Progress: 9.7 tokens/sec, est. 0.4s audio generated, 79 tokens, 5 chunks in 8.2s
Token processing rate: 7.3 tokens/second
Processing buffer with 28 tokens, total collected: 84
Audio generation rate: 0.84 chunks/second
Progress: 9.6 tokens/sec, est. 0.9s audio generated, 98 tokens, 10 chunks in 10.2s
Progress: 9.5 tokens/sec, est. 1.0s audio generated, 117 tokens, 12 chunks in 12.3s
Processing buffer with 28 tokens, total collected: 112
Audio generation rate: 0.91 chunks/second
Progress: 9.5 tokens/sec, est. 1.2s audio generated, 136 tokens, 14 chunks in 14.4s
Token processing rate: 7.9 tokens/second
Processing buffer with 28 tokens, total collected: 140
Progress: 9.4 tokens/sec, est. 1.4s audio generated, 155 tokens, 17 chunks in 16.5s
Audio generation rate: 1.01 chunks/second
Progress: 9.4 tokens/sec, est. 1.6s audio generated, 173 tokens, 19 chunks in 18.5s
Processing buffer with 28 tokens, total collected: 168
Progress: 9.3 tokens/sec, est. 1.8s audio generated, 191 tokens, 21 chunks in 20.5s
Token processing rate: 8.1 tokens/second
Audio generation rate: 1.03 chunks/second
Processing buffer with 28 tokens, total collected: 196
Progress: 9.3 tokens/sec, est. 2.2s audio generated, 209 tokens, 26 chunks in 22.5s
Audio generation rate: 1.08 chunks/second
Progress: 9.2 tokens/sec, est. 2.4s audio generated, 227 tokens, 28 chunks in 24.6s
Token processing rate: 8.3 tokens/second
Processing buffer with 28 tokens, total collected: 224
Progress: 9.2 tokens/sec, est. 2.6s audio generated, 245 tokens, 30 chunks in 26.7s
Audio generation rate: 1.08 chunks/second
Processing buffer with 28 tokens, total collected: 252
Progress: 9.2 tokens/sec, est. 2.8s audio generated, 263 tokens, 33 chunks in 28.7s
Progress: 9.1 tokens/sec, est. 3.0s audio generated, 281 tokens, 35 chunks in 30.8s
Token processing rate: 8.3 tokens/second
Audio generation rate: 1.11 chunks/second
Processing buffer with 28 tokens, total collected: 280
Token generation complete: 295 tokens in 32.99s (8.9 tokens/sec)
Generated 38 audio segments
Generated 3.24 seconds of audio in 33.00 seconds
Realtime factor: 0.10x
Warning: Generation is slower than realtime
Total speech generation completed in 33.00 seconds
INFO:     127.0.0.1:52240 - "POST /v1/audio/speech HTTP/1.1" 200 OK
INFO:     127.0.0.1:57157 - "GET /health HTTP/1.1" 200 OK
Starting speech generation for 'It seems like your message might be incomplete or ...'
Using voice: tara, GPU acceleration: Yes
Generating speech for: <|audio|>tara: It seems like your message might be incomplete or unclear. Could you please clarify what you're asking?<|eot_id|>
Generation limits: max_tokens=515, max_seconds=180
Progress: 10.6 tokens/sec, est. 0.0s audio generated, 22 tokens, 0 chunks in 2.1s
Processing buffer with 28 tokens, total collected: 28
Audio generation rate: 0.26 chunks/second
Progress: 10.0 tokens/sec, est. 0.1s audio generated, 41 tokens, 1 chunks in 4.1s
Token processing rate: 5.3 tokens/second
Progress: 9.8 tokens/sec, est. 0.3s audio generated, 60 tokens, 3 chunks in 6.1s
Audio generation rate: 0.55 chunks/second
Processing buffer with 28 tokens, total collected: 56
Progress: 9.7 tokens/sec, est. 0.4s audio generated, 79 tokens, 5 chunks in 8.2s
Token processing rate: 7.2 tokens/second
Processing buffer with 28 tokens, total collected: 84
Audio generation rate: 0.83 chunks/second
Progress: 9.6 tokens/sec, est. 0.9s audio generated, 98 tokens, 10 chunks in 10.2s
Progress: 9.5 tokens/sec, est. 1.0s audio generated, 117 tokens, 12 chunks in 12.3s
Processing buffer with 28 tokens, total collected: 112
Audio generation rate: 0.91 chunks/second
Progress: 9.4 tokens/sec, est. 1.2s audio generated, 136 tokens, 14 chunks in 14.4s
Token processing rate: 7.8 tokens/second
Processing buffer with 28 tokens, total collected: 140
Progress: 9.4 tokens/sec, est. 1.4s audio generated, 155 tokens, 17 chunks in 16.5s
Audio generation rate: 1.01 chunks/second
Progress: 9.4 tokens/sec, est. 1.6s audio generated, 173 tokens, 19 chunks in 18.5s
Processing buffer with 28 tokens, total collected: 168
Progress: 9.3 tokens/sec, est. 1.8s audio generated, 191 tokens, 21 chunks in 20.5s
Token processing rate: 8.1 tokens/second
Audio generation rate: 1.03 chunks/second
Processing buffer with 28 tokens, total collected: 196
Progress: 9.3 tokens/sec, est. 2.2s audio generated, 209 tokens, 26 chunks in 22.6s
Audio generation rate: 1.08 chunks/second
Progress: 9.2 tokens/sec, est. 2.4s audio generated, 227 tokens, 28 chunks in 24.6s
Token processing rate: 8.3 tokens/second
Processing buffer with 28 tokens, total collected: 224
Progress: 9.2 tokens/sec, est. 2.6s audio generated, 245 tokens, 30 chunks in 26.7s
Audio generation rate: 1.08 chunks/second
Processing buffer with 28 tokens, total collected: 252
Progress: 9.1 tokens/sec, est. 2.8s audio generated, 263 tokens, 33 chunks in 28.7s
Progress: 9.1 tokens/sec, est. 3.0s audio generated, 281 tokens, 35 chunks in 30.9s
Token processing rate: 8.3 tokens/second
Audio generation rate: 1.11 chunks/second
Processing buffer with 28 tokens, total collected: 280
Progress: 9.1 tokens/sec, est. 3.1s audio generated, 299 tokens, 37 chunks in 33.0s
Progress: 9.0 tokens/sec, est. 3.4s audio generated, 315 tokens, 40 chunks in 35.0s
Processing buffer with 28 tokens, total collected: 308
Audio generation rate: 1.13 chunks/second
Progress: 9.0 tokens/sec, est. 3.6s audio generated, 333 tokens, 42 chunks in 37.1s
Token processing rate: 8.3 tokens/second
Progress: 8.9 tokens/sec, est. 3.7s audio generated, 350 tokens, 44 chunks in 39.1s
Processing buffer with 28 tokens, total collected: 336
Audio generation rate: 1.12 chunks/second
Progress: 8.9 tokens/sec, est. 3.9s audio generated, 367 tokens, 46 chunks in 41.2s
Processing buffer with 28 tokens, total collected: 364
Progress: 8.9 tokens/sec, est. 4.2s audio generated, 384 tokens, 49 chunks in 43.2s
Token processing rate: 8.3 tokens/second
Audio generation rate: 1.14 chunks/second
Processing buffer with 28 tokens, total collected: 392
Progress: 8.9 tokens/sec, est. 4.5s audio generated, 401 tokens, 53 chunks in 45.2s
Audio generation rate: 1.13 chunks/second
Progress: 8.8 tokens/sec, est. 4.8s audio generated, 418 tokens, 56 chunks in 47.3s
Token processing rate: 8.3 tokens/second
Processing buffer with 28 tokens, total collected: 420
Progress: 8.8 tokens/sec, est. 4.9s audio generated, 435 tokens, 58 chunks in 49.4s
Audio generation rate: 1.14 chunks/second
Progress: 8.8 tokens/sec, est. 5.1s audio generated, 452 tokens, 60 chunks in 51.5s
Processing buffer with 28 tokens, total collected: 448
Progress: 8.8 tokens/sec, est. 5.3s audio generated, 469 tokens, 62 chunks in 53.6s
Token processing rate: 8.3 tokens/second
Audio generation rate: 1.13 chunks/second
Processing buffer with 28 tokens, total collected: 476
Progress: 8.7 tokens/sec, est. 5.5s audio generated, 486 tokens, 65 chunks in 55.7s
Progress: 8.7 tokens/sec, est. 5.7s audio generated, 503 tokens, 67 chunks in 57.8s
Audio generation rate: 1.14 chunks/second
Processing buffer with 28 tokens, total collected: 504
Token generation complete: 515 tokens in 59.82s (8.6 tokens/sec)
Generated 70 audio segments
Generated 5.97 seconds of audio in 59.83 seconds
Realtime factor: 0.10x
Warning: Generation is slower than realtime
Total speech generation completed in 59.83 seconds
INFO:     127.0.0.1:57166 - "POST /v1/audio/speech HTTP/1.1" 200 OK
Starting speech generation for 'For example, if you meant something related to sys...'
Using voice: tara, GPU acceleration: Yes
Generating speech for: <|audio|>tara: For example, if you meant something related to system status, weather, or another capability I can assist with through<|eot_id|>
Generation limits: max_tokens=590, max_seconds=180
Progress: 10.5 tokens/sec, est. 0.0s audio generated, 22 tokens, 0 chunks in 2.1s
Processing buffer with 28 tokens, total collected: 28
Audio generation rate: 0.25 chunks/second
Progress: 10.0 tokens/sec, est. 0.1s audio generated, 41 tokens, 1 chunks in 4.1s
Token processing rate: 5.3 tokens/second
Progress: 9.8 tokens/sec, est. 0.3s audio generated, 60 tokens, 3 chunks in 6.1s
Audio generation rate: 0.54 chunks/second
Processing buffer with 28 tokens, total collected: 56
Progress: 9.7 tokens/sec, est. 0.4s audio generated, 79 tokens, 5 chunks in 8.2s
Token processing rate: 7.2 tokens/second
Processing buffer with 28 tokens, total collected: 84
Audio generation rate: 0.83 chunks/second
Progress: 9.6 tokens/sec, est. 0.9s audio generated, 98 tokens, 10 chunks in 10.2s
Progress: 9.5 tokens/sec, est. 1.0s audio generated, 117 tokens, 12 chunks in 12.3s
Processing buffer with 28 tokens, total collected: 112
Audio generation rate: 0.91 chunks/second
Progress: 9.4 tokens/sec, est. 1.2s audio generated, 136 tokens, 14 chunks in 14.5s
Token processing rate: 7.9 tokens/second
Progress: 9.4 tokens/sec, est. 1.4s audio generated, 156 tokens, 16 chunks in 16.6s
Processing buffer with 28 tokens, total collected: 140
Progress: 9.3 tokens/sec, est. 1.4s audio generated, 174 tokens, 16 chunks in 18.7s
Progress: 9.1 tokens/sec, est. 1.4s audio generated, 189 tokens, 16 chunks in 20.8s
Token processing rate: 7.6 tokens/second
Processing buffer with 28 tokens, total collected: 168
Audio generation rate: 0.77 chunks/second
Progress: 9.0 tokens/sec, est. 1.6s audio generated, 206 tokens, 19 chunks in 22.9s
Processing buffer with 28 tokens, total collected: 196
Progress: 9.0 tokens/sec, est. 1.8s audio generated, 224 tokens, 21 chunks in 24.9s
Audio generation rate: 0.86 chunks/second
Token processing rate: 7.8 tokens/second
Processing buffer with 28 tokens, total collected: 224
Progress: 9.0 tokens/sec, est. 2.1s audio generated, 242 tokens, 25 chunks in 27.0s
Audio generation rate: 0.88 chunks/second
Progress: 8.9 tokens/sec, est. 2.4s audio generated, 260 tokens, 28 chunks in 29.1s
Processing buffer with 28 tokens, total collected: 252
Progress: 8.9 tokens/sec, est. 2.6s audio generated, 278 tokens, 30 chunks in 31.2s
Token processing rate: 7.9 tokens/second
Audio generation rate: 0.94 chunks/second
Progress: 8.9 tokens/sec, est. 2.7s audio generated, 296 tokens, 32 chunks in 33.3s
Processing buffer with 28 tokens, total collected: 280
Progress: 8.9 tokens/sec, est. 3.0s audio generated, 313 tokens, 35 chunks in 35.3s
Audio generation rate: 0.98 chunks/second
Processing buffer with 28 tokens, total collected: 308
Progress: 8.9 tokens/sec, est. 3.1s audio generated, 331 tokens, 37 chunks in 37.4s
Token processing rate: 8.0 tokens/second
Progress: 8.8 tokens/sec, est. 3.3s audio generated, 348 tokens, 39 chunks in 39.4s
Audio generation rate: 0.98 chunks/second
Processing buffer with 28 tokens, total collected: 336
Progress: 8.8 tokens/sec, est. 3.5s audio generated, 365 tokens, 41 chunks in 41.4s
Progress: 8.8 tokens/sec, est. 3.7s audio generated, 382 tokens, 44 chunks in 43.5s
Token processing rate: 8.1 tokens/second
Processing buffer with 28 tokens, total collected: 364
Audio generation rate: 1.01 chunks/second
Progress: 8.8 tokens/sec, est. 3.9s audio generated, 399 tokens, 46 chunks in 45.5s
Progress: 8.7 tokens/sec, est. 4.1s audio generated, 416 tokens, 48 chunks in 47.6s
Processing buffer with 28 tokens, total collected: 392
Audio generation rate: 1.01 chunks/second
Token processing rate: 8.1 tokens/second
Processing buffer with 28 tokens, total collected: 420
Progress: 8.7 tokens/sec, est. 4.5s audio generated, 433 tokens, 53 chunks in 49.7s
Audio generation rate: 1.03 chunks/second
Progress: 8.7 tokens/sec, est. 4.7s audio generated, 450 tokens, 55 chunks in 51.8s
Processing buffer with 28 tokens, total collected: 448
Progress: 8.7 tokens/sec, est. 4.8s audio generated, 467 tokens, 57 chunks in 53.9s
Token processing rate: 8.1 tokens/second
Audio generation rate: 1.03 chunks/second
Progress: 8.6 tokens/sec, est. 5.1s audio generated, 484 tokens, 60 chunks in 56.0s
Processing buffer with 28 tokens, total collected: 476
Progress: 8.6 tokens/sec, est. 5.3s audio generated, 501 tokens, 62 chunks in 58.1s
Audio generation rate: 1.04 chunks/second
Progress: 8.6 tokens/sec, est. 5.4s audio generated, 517 tokens, 64 chunks in 60.1s
Token processing rate: 8.1 tokens/second
Processing buffer with 28 tokens, total collected: 504
Progress: 8.6 tokens/sec, est. 5.7s audio generated, 533 tokens, 67 chunks in 62.1s
Audio generation rate: 1.06 chunks/second
Processing buffer with 28 tokens, total collected: 532
Progress: 8.6 tokens/sec, est. 5.9s audio generated, 549 tokens, 69 chunks in 64.1s
Progress: 8.5 tokens/sec, est. 6.0s audio generated, 562 tokens, 71 chunks in 66.2s
Progress: 8.4 tokens/sec, est. 6.0s audio generated, 575 tokens, 71 chunks in 68.2s
Token processing rate: 8.0 tokens/second
Audio generation rate: 1.04 chunks/second
Processing buffer with 28 tokens, total collected: 560
Progress: 8.4 tokens/sec, est. 6.2s audio generated, 588 tokens, 73 chunks in 70.3s
Token generation complete: 590 tokens in 71.05s (8.3 tokens/sec)
Generated 75 audio segments
Generated 6.40 seconds of audio in 71.08 seconds
Realtime factor: 0.09x
Warning: Generation is slower than realtime
Total speech generation completed in 71.08 seconds
INFO:     127.0.0.1:63483 - "POST /v1/audio/speech HTTP/1.1" 200 OK
Starting speech generation for 'tools, feel free to provide more details!'
Using voice: tara, GPU acceleration: Yes
Generating speech for: <|audio|>tara: tools, feel free to provide more details!<|eot_id|>
Generation limits: max_tokens=240, max_seconds=180
Progress: 10.7 tokens/sec, est. 0.0s audio generated, 22 tokens, 0 chunks in 2.1s
Processing buffer with 28 tokens, total collected: 28
Audio generation rate: 0.25 chunks/second
Progress: 10.1 tokens/sec, est. 0.1s audio generated, 41 tokens, 1 chunks in 4.1s
Token processing rate: 5.4 tokens/second
Progress: 9.9 tokens/sec, est. 0.3s audio generated, 60 tokens, 3 chunks in 6.1s
Audio generation rate: 0.55 chunks/second
Processing buffer with 28 tokens, total collected: 56
Progress: 9.7 tokens/sec, est. 0.4s audio generated, 79 tokens, 5 chunks in 8.1s
Token processing rate: 7.2 tokens/second
Processing buffer with 28 tokens, total collected: 84
Audio generation rate: 0.83 chunks/second
Progress: 9.6 tokens/sec, est. 0.9s audio generated, 98 tokens, 10 chunks in 10.2s
Progress: 9.6 tokens/sec, est. 1.0s audio generated, 117 tokens, 12 chunks in 12.2s
Processing buffer with 28 tokens, total collected: 112
Audio generation rate: 0.91 chunks/second
Progress: 9.5 tokens/sec, est. 1.2s audio generated, 136 tokens, 14 chunks in 14.3s
Token processing rate: 7.9 tokens/second
Processing buffer with 28 tokens, total collected: 140
Progress: 9.4 tokens/sec, est. 1.4s audio generated, 155 tokens, 17 chunks in 16.4s
Audio generation rate: 1.01 chunks/second
Progress: 9.4 tokens/sec, est. 1.6s audio generated, 173 tokens, 19 chunks in 18.4s
Processing buffer with 28 tokens, total collected: 168
Progress: 9.3 tokens/sec, est. 1.8s audio generated, 191 tokens, 21 chunks in 20.4s
Token processing rate: 8.1 tokens/second
Audio generation rate: 1.03 chunks/second
Processing buffer with 28 tokens, total collected: 196
Progress: 9.3 tokens/sec, est. 2.2s audio generated, 209 tokens, 26 chunks in 22.4s
Audio generation rate: 1.08 chunks/second
Progress: 9.2 tokens/sec, est. 2.4s audio generated, 227 tokens, 28 chunks in 24.6s
Token generation complete: 240 tokens in 26.57s (9.0 tokens/sec)
Token processing rate: 8.4 tokens/second
Processing buffer with 28 tokens, total collected: 224
Generated 29 audio segments
Generated 2.47 seconds of audio in 26.59 seconds
Realtime factor: 0.09x
Warning: Generation is slower than realtime
Total speech generation completed in 26.59 seconds
INFO:     127.0.0.1:63512 - "POST /v1/audio/speech HTTP/1.1" 200 OK
INFO:     127.0.0.1:65474 - "GET /health HTTP/1.1" 200 OK
Starting speech generation for '"huh" appears to be an incomplete or unclear query...'
Using voice: tara, GPU acceleration: Yes
Generating speech for: <|audio|>tara: "huh" appears to be an incomplete or unclear query. Could you please clarify what you'd like me to assist with?<|eot_id|>
Generation limits: max_tokens=555, max_seconds=180
Progress: 10.5 tokens/sec, est. 0.0s audio generated, 22 tokens, 0 chunks in 2.1s
Processing buffer with 28 tokens, total collected: 28
Audio generation rate: 0.25 chunks/second
Progress: 10.0 tokens/sec, est. 0.1s audio generated, 42 tokens, 1 chunks in 4.2s
Token processing rate: 5.3 tokens/second
Progress: 9.8 tokens/sec, est. 0.3s audio generated, 61 tokens, 3 chunks in 6.2s
Audio generation rate: 0.54 chunks/second
Processing buffer with 28 tokens, total collected: 56
Progress: 9.7 tokens/sec, est. 0.4s audio generated, 80 tokens, 5 chunks in 8.3s
Token processing rate: 7.2 tokens/second
Processing buffer with 28 tokens, total collected: 84
Audio generation rate: 0.83 chunks/second
Progress: 9.6 tokens/sec, est. 0.9s audio generated, 99 tokens, 10 chunks in 10.3s
Progress: 9.5 tokens/sec, est. 1.0s audio generated, 118 tokens, 12 chunks in 12.4s
Processing buffer with 28 tokens, total collected: 112
Audio generation rate: 0.91 chunks/second
Progress: 9.4 tokens/sec, est. 1.2s audio generated, 137 tokens, 14 chunks in 14.5s
Token processing rate: 7.8 tokens/second
Processing buffer with 28 tokens, total collected: 140
Progress: 9.4 tokens/sec, est. 1.4s audio generated, 156 tokens, 17 chunks in 16.6s
Audio generation rate: 1.01 chunks/second
Progress: 9.3 tokens/sec, est. 1.6s audio generated, 174 tokens, 19 chunks in 18.7s
Processing buffer with 28 tokens, total collected: 168
Progress: 9.3 tokens/sec, est. 1.8s audio generated, 192 tokens, 21 chunks in 20.7s
Token processing rate: 8.1 tokens/second
Audio generation rate: 1.02 chunks/second
Processing buffer with 28 tokens, total collected: 196
Progress: 9.2 tokens/sec, est. 2.2s audio generated, 210 tokens, 26 chunks in 22.7s
Audio generation rate: 1.07 chunks/second
Progress: 9.2 tokens/sec, est. 2.4s audio generated, 228 tokens, 28 chunks in 24.8s
Token processing rate: 8.2 tokens/second
Processing buffer with 28 tokens, total collected: 224
Progress: 9.2 tokens/sec, est. 2.6s audio generated, 246 tokens, 30 chunks in 26.8s
Audio generation rate: 1.08 chunks/second
Processing buffer with 28 tokens, total collected: 252
Progress: 9.1 tokens/sec, est. 2.8s audio generated, 264 tokens, 33 chunks in 28.9s
Progress: 9.0 tokens/sec, est. 3.0s audio generated, 280 tokens, 35 chunks in 31.0s
Token processing rate: 8.2 tokens/second
Audio generation rate: 1.09 chunks/second
Processing buffer with 28 tokens, total collected: 280
Progress: 8.9 tokens/sec, est. 3.1s audio generated, 294 tokens, 37 chunks in 33.0s
Progress: 8.8 tokens/sec, est. 3.4s audio generated, 309 tokens, 40 chunks in 35.1s
Processing buffer with 28 tokens, total collected: 308
Audio generation rate: 1.10 chunks/second
Progress: 8.8 tokens/sec, est. 3.6s audio generated, 326 tokens, 42 chunks in 37.1s
Token processing rate: 8.1 tokens/second
Progress: 8.8 tokens/sec, est. 3.7s audio generated, 343 tokens, 44 chunks in 39.2s
Processing buffer with 28 tokens, total collected: 336
Audio generation rate: 1.10 chunks/second
Progress: 8.7 tokens/sec, est. 3.9s audio generated, 360 tokens, 46 chunks in 41.2s
Processing buffer with 28 tokens, total collected: 364
Progress: 8.7 tokens/sec, est. 4.2s audio generated, 377 tokens, 49 chunks in 43.2s
Token processing rate: 8.2 tokens/second
Audio generation rate: 1.11 chunks/second
Progress: 8.7 tokens/sec, est. 4.3s audio generated, 394 tokens, 51 chunks in 45.3s
Processing buffer with 28 tokens, total collected: 392
Progress: 8.7 tokens/sec, est. 4.5s audio generated, 411 tokens, 53 chunks in 47.4s
Audio generation rate: 1.11 chunks/second
Progress: 8.7 tokens/sec, est. 4.8s audio generated, 428 tokens, 56 chunks in 49.5s
Token processing rate: 8.2 tokens/second
Processing buffer with 28 tokens, total collected: 420
Progress: 8.6 tokens/sec, est. 4.9s audio generated, 445 tokens, 58 chunks in 51.5s
Audio generation rate: 1.12 chunks/second
Progress: 8.6 tokens/sec, est. 5.1s audio generated, 462 tokens, 60 chunks in 53.6s
Processing buffer with 28 tokens, total collected: 448
Progress: 8.6 tokens/sec, est. 5.3s audio generated, 479 tokens, 62 chunks in 55.8s
Token processing rate: 8.1 tokens/second
Audio generation rate: 1.11 chunks/second
Processing buffer with 28 tokens, total collected: 476
Progress: 8.6 tokens/sec, est. 5.5s audio generated, 496 tokens, 65 chunks in 57.9s
Progress: 8.5 tokens/sec, est. 5.7s audio generated, 512 tokens, 67 chunks in 59.9s
Audio generation rate: 1.12 chunks/second
Processing buffer with 28 tokens, total collected: 504
Progress: 8.5 tokens/sec, est. 5.9s audio generated, 528 tokens, 69 chunks in 61.9s
Token processing rate: 8.1 tokens/second
Progress: 8.5 tokens/sec, est. 6.1s audio generated, 544 tokens, 72 chunks in 63.9s
Processing buffer with 28 tokens, total collected: 532
Audio generation rate: 1.13 chunks/second
Token generation complete: 555 tokens in 65.90s (8.4 tokens/sec)
Generated 75 audio segments
Generated 6.40 seconds of audio in 65.91 seconds
Realtime factor: 0.10x
Warning: Generation is slower than realtime
Total speech generation completed in 65.91 seconds
INFO:     127.0.0.1:65483 - "POST /v1/audio/speech HTTP/1.1" 200 OK
INFO:     127.0.0.1:59493 - "GET /health HTTP/1.1" 200 OK
Starting speech generation for 'Hmm, I'm not sure what you mean by "huh." Could yo...'
Using voice: tara, GPU acceleration: Yes
Generating speech for: <|audio|>tara: Hmm, I'm not sure what you mean by "huh." Could you please rephrase your question or ask again so I can understand<|eot_id|>
Generation limits: max_tokens=570, max_seconds=180
Progress: 10.6 tokens/sec, est. 0.0s audio generated, 22 tokens, 0 chunks in 2.1s
Processing buffer with 28 tokens, total collected: 28
Audio generation rate: 0.24 chunks/second
Progress: 10.0 tokens/sec, est. 0.1s audio generated, 41 tokens, 1 chunks in 4.1s
Token processing rate: 5.2 tokens/second
Progress: 9.8 tokens/sec, est. 0.3s audio generated, 60 tokens, 3 chunks in 6.1s
Audio generation rate: 0.53 chunks/second
Processing buffer with 28 tokens, total collected: 56
Progress: 9.7 tokens/sec, est. 0.4s audio generated, 79 tokens, 5 chunks in 8.2s
Token processing rate: 7.1 tokens/second
Processing buffer with 28 tokens, total collected: 84
Audio generation rate: 0.82 chunks/second
Progress: 9.6 tokens/sec, est. 0.9s audio generated, 98 tokens, 10 chunks in 10.3s
Progress: 9.5 tokens/sec, est. 1.0s audio generated, 117 tokens, 12 chunks in 12.3s
Processing buffer with 28 tokens, total collected: 112
Audio generation rate: 0.90 chunks/second
Progress: 9.4 tokens/sec, est. 1.2s audio generated, 136 tokens, 14 chunks in 14.4s
Token processing rate: 7.7 tokens/second
Processing buffer with 28 tokens, total collected: 140
Progress: 9.4 tokens/sec, est. 1.4s audio generated, 155 tokens, 17 chunks in 16.5s
Audio generation rate: 1.00 chunks/second
Progress: 9.3 tokens/sec, est. 1.6s audio generated, 173 tokens, 19 chunks in 18.5s
Processing buffer with 28 tokens, total collected: 168
Progress: 9.3 tokens/sec, est. 1.8s audio generated, 191 tokens, 21 chunks in 20.5s
Token processing rate: 8.1 tokens/second
Audio generation rate: 1.02 chunks/second
Processing buffer with 28 tokens, total collected: 196
Progress: 9.3 tokens/sec, est. 2.2s audio generated, 209 tokens, 26 chunks in 22.6s
Audio generation rate: 1.07 chunks/second
Progress: 9.2 tokens/sec, est. 2.4s audio generated, 227 tokens, 28 chunks in 24.7s
Token processing rate: 8.2 tokens/second
Processing buffer with 28 tokens, total collected: 224
Progress: 9.2 tokens/sec, est. 2.6s audio generated, 245 tokens, 30 chunks in 26.7s
Audio generation rate: 1.07 chunks/second
Processing buffer with 28 tokens, total collected: 252
Progress: 9.1 tokens/sec, est. 2.8s audio generated, 263 tokens, 33 chunks in 28.8s
Progress: 9.1 tokens/sec, est. 3.0s audio generated, 281 tokens, 35 chunks in 30.9s
Token processing rate: 8.3 tokens/second
Audio generation rate: 1.10 chunks/second
Processing buffer with 28 tokens, total collected: 280
Progress: 9.1 tokens/sec, est. 3.1s audio generated, 299 tokens, 37 chunks in 33.0s
Progress: 9.0 tokens/sec, est. 3.4s audio generated, 317 tokens, 40 chunks in 35.1s
Processing buffer with 28 tokens, total collected: 308
Audio generation rate: 1.13 chunks/second
Progress: 9.0 tokens/sec, est. 3.6s audio generated, 334 tokens, 42 chunks in 37.1s
Token processing rate: 8.3 tokens/second
Progress: 9.0 tokens/sec, est. 3.7s audio generated, 351 tokens, 44 chunks in 39.2s
Processing buffer with 28 tokens, total collected: 336
Audio generation rate: 1.12 chunks/second
Progress: 8.9 tokens/sec, est. 3.9s audio generated, 368 tokens, 46 chunks in 41.2s
Processing buffer with 28 tokens, total collected: 364
Progress: 8.9 tokens/sec, est. 4.2s audio generated, 384 tokens, 49 chunks in 43.3s
Token processing rate: 8.3 tokens/second
Audio generation rate: 1.13 chunks/second
Progress: 8.8 tokens/sec, est. 4.3s audio generated, 398 tokens, 51 chunks in 45.4s
Processing buffer with 28 tokens, total collected: 392
Progress: 8.7 tokens/sec, est. 4.5s audio generated, 412 tokens, 53 chunks in 47.6s
Audio generation rate: 1.10 chunks/second
Progress: 8.6 tokens/sec, est. 4.8s audio generated, 428 tokens, 56 chunks in 49.7s
Token processing rate: 8.1 tokens/second
Processing buffer with 28 tokens, total collected: 420
Progress: 8.6 tokens/sec, est. 4.9s audio generated, 445 tokens, 58 chunks in 51.8s
Audio generation rate: 1.11 chunks/second
Progress: 8.6 tokens/sec, est. 5.1s audio generated, 462 tokens, 60 chunks in 53.9s
Processing buffer with 28 tokens, total collected: 448
Progress: 8.6 tokens/sec, est. 5.3s audio generated, 479 tokens, 62 chunks in 56.0s
Token processing rate: 8.1 tokens/second
Audio generation rate: 1.10 chunks/second
Processing buffer with 28 tokens, total collected: 476
Progress: 8.5 tokens/sec, est. 5.5s audio generated, 496 tokens, 65 chunks in 58.1s
Progress: 8.5 tokens/sec, est. 5.7s audio generated, 512 tokens, 67 chunks in 60.1s
Audio generation rate: 1.11 chunks/second
Processing buffer with 28 tokens, total collected: 504
Progress: 8.5 tokens/sec, est. 5.9s audio generated, 528 tokens, 69 chunks in 62.1s
Token processing rate: 8.1 tokens/second
Progress: 8.5 tokens/sec, est. 6.1s audio generated, 544 tokens, 72 chunks in 64.2s
Processing buffer with 28 tokens, total collected: 532
Audio generation rate: 1.12 chunks/second
Progress: 8.5 tokens/sec, est. 6.3s audio generated, 560 tokens, 74 chunks in 66.2s
Token generation complete: 570 tokens in 68.18s (8.4 tokens/sec)
Token processing rate: 8.2 tokens/second
Processing buffer with 28 tokens, total collected: 560
Audio generation rate: 1.13 chunks/second
Generated 77 audio segments
Generated 6.57 seconds of audio in 68.19 seconds
Realtime factor: 0.10x
Warning: Generation is slower than realtime
Total speech generation completed in 68.19 seconds
INFO:     127.0.0.1:59503 - "POST /v1/audio/speech HTTP/1.1" 200 OK
Starting speech generation for 'better and assist you?'
Using voice: tara, GPU acceleration: Yes
Generating speech for: <|audio|>tara: better and assist you?<|eot_id|>
Generation limits: max_tokens=240, max_seconds=180
Progress: 10.5 tokens/sec, est. 0.0s audio generated, 22 tokens, 0 chunks in 2.1s
Processing buffer with 28 tokens, total collected: 28
Audio generation rate: 0.23 chunks/second
Progress: 10.0 tokens/sec, est. 0.1s audio generated, 41 tokens, 1 chunks in 4.1s
Token processing rate: 4.9 tokens/second
Progress: 9.8 tokens/sec, est. 0.3s audio generated, 60 tokens, 3 chunks in 6.1s
Audio generation rate: 0.51 chunks/second
Processing buffer with 28 tokens, total collected: 56
Progress: 9.7 tokens/sec, est. 0.4s audio generated, 79 tokens, 5 chunks in 8.2s
Token processing rate: 6.9 tokens/second
Processing buffer with 28 tokens, total collected: 84
Audio generation rate: 0.80 chunks/second
Progress: 9.6 tokens/sec, est. 0.9s audio generated, 98 tokens, 10 chunks in 10.2s
Progress: 9.5 tokens/sec, est. 1.0s audio generated, 117 tokens, 12 chunks in 12.3s
Processing buffer with 28 tokens, total collected: 112
Audio generation rate: 0.88 chunks/second
Progress: 9.5 tokens/sec, est. 1.2s audio generated, 136 tokens, 14 chunks in 14.3s
Token processing rate: 7.6 tokens/second
Processing buffer with 28 tokens, total collected: 140
Progress: 9.2 tokens/sec, est. 1.4s audio generated, 152 tokens, 17 chunks in 16.5s
Token generation complete: 173 tokens in 19.46s (8.9 tokens/sec)
Generated 17 audio segments
Generated 1.45 seconds of audio in 19.46 seconds
Realtime factor: 0.07x
Warning: Generation is slower than realtime
Total speech generation completed in 19.46 seconds
INFO:     127.0.0.1:59535 - "POST /v1/audio/speech HTTP/1.1" 200 OK
INFO:     127.0.0.1:50663 - "GET /health HTTP/1.1" 200 OK
Starting speech generation for 'It seems like your query might be incomplete or un...'
Using voice: tara, GPU acceleration: Yes
Generating speech for: <|audio|>tara: It seems like your query might be incomplete or unclear.<|eot_id|>
Generation limits: max_tokens=280, max_seconds=180
Progress: 10.5 tokens/sec, est. 0.0s audio generated, 22 tokens, 0 chunks in 2.1s
Processing buffer with 28 tokens, total collected: 28
Audio generation rate: 0.25 chunks/second
Progress: 10.0 tokens/sec, est. 0.1s audio generated, 41 tokens, 1 chunks in 4.1s
Token processing rate: 5.2 tokens/second
Progress: 9.8 tokens/sec, est. 0.3s audio generated, 60 tokens, 3 chunks in 6.1s
Audio generation rate: 0.54 chunks/second
Processing buffer with 28 tokens, total collected: 56
Progress: 9.7 tokens/sec, est. 0.4s audio generated, 79 tokens, 5 chunks in 8.1s
Token processing rate: 7.2 tokens/second
Processing buffer with 28 tokens, total collected: 84
Audio generation rate: 0.83 chunks/second
Progress: 9.6 tokens/sec, est. 0.9s audio generated, 98 tokens, 10 chunks in 10.2s
Progress: 9.5 tokens/sec, est. 1.0s audio generated, 117 tokens, 12 chunks in 12.3s
Processing buffer with 28 tokens, total collected: 112
Audio generation rate: 0.90 chunks/second
Progress: 9.5 tokens/sec, est. 1.2s audio generated, 136 tokens, 14 chunks in 14.3s
Token processing rate: 7.8 tokens/second
Processing buffer with 28 tokens, total collected: 140
Progress: 9.4 tokens/sec, est. 1.4s audio generated, 155 tokens, 17 chunks in 16.4s
Audio generation rate: 1.00 chunks/second
Progress: 9.4 tokens/sec, est. 1.6s audio generated, 173 tokens, 19 chunks in 18.4s
Processing buffer with 28 tokens, total collected: 168
Progress: 9.3 tokens/sec, est. 1.8s audio generated, 191 tokens, 21 chunks in 20.5s
Token processing rate: 8.1 tokens/second
Audio generation rate: 1.02 chunks/second
Processing buffer with 28 tokens, total collected: 196
Progress: 9.3 tokens/sec, est. 2.2s audio generated, 209 tokens, 26 chunks in 22.5s
Audio generation rate: 1.08 chunks/second
Progress: 9.3 tokens/sec, est. 2.4s audio generated, 227 tokens, 28 chunks in 24.5s
Token processing rate: 8.3 tokens/second
Processing buffer with 28 tokens, total collected: 224
Progress: 9.2 tokens/sec, est. 2.6s audio generated, 245 tokens, 30 chunks in 26.6s
Audio generation rate: 1.08 chunks/second
Processing buffer with 28 tokens, total collected: 252
Progress: 9.2 tokens/sec, est. 2.8s audio generated, 263 tokens, 33 chunks in 28.6s
Token generation complete: 280 tokens in 31.27s (9.0 tokens/sec)
Generated 36 audio segments
Generated 3.07 seconds of audio in 31.29 seconds
Realtime factor: 0.10x
Warning: Generation is slower than realtime
Total speech generation completed in 31.29 seconds
INFO:     127.0.0.1:50673 - "POST /v1/audio/speech HTTP/1.1" 200 OK
Starting speech generation for 'As JARVIS's tool router, my role is to determine i...'
Using voice: tara, GPU acceleration: Yes
Generating speech for: <|audio|>tara: As JARVIS's tool router, my role is to determine if a specific tool from the available list (which appears empty in this<|eot_id|>
Generation limits: max_tokens=600, max_seconds=180
Progress: 10.5 tokens/sec, est. 0.0s audio generated, 21 tokens, 0 chunks in 2.0s
Processing buffer with 28 tokens, total collected: 28
Audio generation rate: 0.25 chunks/second
Progress: 9.9 tokens/sec, est. 0.1s audio generated, 40 tokens, 1 chunks in 4.0s
Token processing rate: 5.3 tokens/second
Progress: 9.7 tokens/sec, est. 0.3s audio generated, 59 tokens, 3 chunks in 6.1s
Audio generation rate: 0.54 chunks/second
Processing buffer with 28 tokens, total collected: 56
Progress: 9.6 tokens/sec, est. 0.4s audio generated, 78 tokens, 5 chunks in 8.1s
Token processing rate: 7.2 tokens/second
Processing buffer with 28 tokens, total collected: 84
Audio generation rate: 0.83 chunks/second
Progress: 9.5 tokens/sec, est. 0.9s audio generated, 97 tokens, 10 chunks in 10.2s
Progress: 9.3 tokens/sec, est. 1.0s audio generated, 113 tokens, 12 chunks in 12.2s
Processing buffer with 28 tokens, total collected: 112
Audio generation rate: 0.89 chunks/second
Progress: 9.3 tokens/sec, est. 1.2s audio generated, 132 tokens, 14 chunks in 14.3s
Token processing rate: 7.7 tokens/second
Processing buffer with 28 tokens, total collected: 140
Progress: 9.2 tokens/sec, est. 1.4s audio generated, 151 tokens, 17 chunks in 16.4s
Audio generation rate: 0.99 chunks/second
Progress: 9.2 tokens/sec, est. 1.6s audio generated, 169 tokens, 19 chunks in 18.4s
Processing buffer with 28 tokens, total collected: 168
Progress: 9.2 tokens/sec, est. 1.8s audio generated, 187 tokens, 21 chunks in 20.4s
Token processing rate: 8.0 tokens/second
Audio generation rate: 1.01 chunks/second
Progress: 9.1 tokens/sec, est. 2.0s audio generated, 205 tokens, 24 chunks in 22.4s
Processing buffer with 28 tokens, total collected: 196
Progress: 9.1 tokens/sec, est. 2.2s audio generated, 223 tokens, 26 chunks in 24.5s
Audio generation rate: 1.06 chunks/second
Token processing rate: 8.1 tokens/second
Processing buffer with 28 tokens, total collected: 224
Progress: 9.1 tokens/sec, est. 2.6s audio generated, 241 tokens, 30 chunks in 26.6s
Audio generation rate: 1.06 chunks/second
Processing buffer with 28 tokens, total collected: 252
Progress: 9.0 tokens/sec, est. 2.8s audio generated, 259 tokens, 33 chunks in 28.7s
Progress: 9.0 tokens/sec, est. 3.0s audio generated, 277 tokens, 35 chunks in 30.8s
Token processing rate: 8.2 tokens/second
Audio generation rate: 1.09 chunks/second
Processing buffer with 28 tokens, total collected: 280
Progress: 9.0 tokens/sec, est. 3.1s audio generated, 295 tokens, 37 chunks in 32.9s
Progress: 9.0 tokens/sec, est. 3.4s audio generated, 313 tokens, 40 chunks in 35.0s
Processing buffer with 28 tokens, total collected: 308
Audio generation rate: 1.12 chunks/second
Progress: 8.9 tokens/sec, est. 3.6s audio generated, 330 tokens, 42 chunks in 37.0s
Token processing rate: 8.3 tokens/second
Progress: 8.9 tokens/sec, est. 3.7s audio generated, 347 tokens, 44 chunks in 39.0s
Processing buffer with 28 tokens, total collected: 336
Audio generation rate: 1.11 chunks/second
Progress: 8.9 tokens/sec, est. 3.9s audio generated, 364 tokens, 46 chunks in 41.1s
Processing buffer with 28 tokens, total collected: 364
Progress: 8.8 tokens/sec, est. 4.2s audio generated, 381 tokens, 49 chunks in 43.1s
Token processing rate: 8.3 tokens/second
Audio generation rate: 1.13 chunks/second
Progress: 8.8 tokens/sec, est. 4.3s audio generated, 398 tokens, 51 chunks in 45.2s
Processing buffer with 28 tokens, total collected: 392
Progress: 8.8 tokens/sec, est. 4.5s audio generated, 415 tokens, 53 chunks in 47.2s
Audio generation rate: 1.12 chunks/second
Progress: 8.8 tokens/sec, est. 4.8s audio generated, 432 tokens, 56 chunks in 49.3s
Token processing rate: 8.3 tokens/second
Processing buffer with 28 tokens, total collected: 420
Audio generation rate: 1.13 chunks/second
Progress: 8.7 tokens/sec, est. 5.1s audio generated, 449 tokens, 60 chunks in 51.4s
Processing buffer with 28 tokens, total collected: 448
Progress: 8.7 tokens/sec, est. 5.3s audio generated, 466 tokens, 62 chunks in 53.5s
Token processing rate: 8.2 tokens/second
Audio generation rate: 1.12 chunks/second
Processing buffer with 28 tokens, total collected: 476
Progress: 8.7 tokens/sec, est. 5.5s audio generated, 483 tokens, 65 chunks in 55.6s
Progress: 8.7 tokens/sec, est. 5.7s audio generated, 500 tokens, 67 chunks in 57.7s
Audio generation rate: 1.12 chunks/second
Processing buffer with 28 tokens, total collected: 504
Progress: 8.6 tokens/sec, est. 5.9s audio generated, 513 tokens, 69 chunks in 59.8s
Token processing rate: 8.2 tokens/second
Progress: 8.6 tokens/sec, est. 6.1s audio generated, 529 tokens, 72 chunks in 61.8s
Processing buffer with 28 tokens, total collected: 532
Audio generation rate: 1.13 chunks/second
Progress: 8.5 tokens/sec, est. 6.3s audio generated, 545 tokens, 74 chunks in 63.8s
Progress: 8.5 tokens/sec, est. 6.5s audio generated, 561 tokens, 76 chunks in 65.9s
Token processing rate: 8.1 tokens/second
Processing buffer with 28 tokens, total collected: 560
Audio generation rate: 1.12 chunks/second
Progress: 8.5 tokens/sec, est. 6.6s audio generated, 577 tokens, 78 chunks in 67.9s
Processing buffer with 28 tokens, total collected: 588
Progress: 8.5 tokens/sec, est. 6.9s audio generated, 593 tokens, 81 chunks in 70.0s
Token generation complete: 600 tokens in 71.47s (8.4 tokens/sec)
Generated 82 audio segments
Generated 7.00 seconds of audio in 71.48 seconds
Realtime factor: 0.10x
Warning: Generation is slower than realtime
Total speech generation completed in 71.48 seconds
INFO:     127.0.0.1:64805 - "POST /v1/audio/speech HTTP/1.1" 200 OK
Starting speech generation for 'case) can help with your question or task.'
Using voice: tara, GPU acceleration: Yes
Generating speech for: <|audio|>tara: case) can help with your question or task.<|eot_id|>
Generation limits: max_tokens=240, max_seconds=180
Progress: 10.6 tokens/sec, est. 0.0s audio generated, 22 tokens, 0 chunks in 2.1s
Processing buffer with 28 tokens, total collected: 28
Audio generation rate: 0.26 chunks/second
Progress: 10.0 tokens/sec, est. 0.1s audio generated, 42 tokens, 1 chunks in 4.2s
Token processing rate: 5.4 tokens/second
Progress: 9.9 tokens/sec, est. 0.3s audio generated, 62 tokens, 3 chunks in 6.3s
Audio generation rate: 0.55 chunks/second
Processing buffer with 28 tokens, total collected: 56
Progress: 9.8 tokens/sec, est. 0.7s audio generated, 81 tokens, 8 chunks in 8.3s
Token processing rate: 7.3 tokens/second
Processing buffer with 28 tokens, total collected: 84
Audio generation rate: 0.84 chunks/second
Progress: 9.6 tokens/sec, est. 0.9s audio generated, 100 tokens, 10 chunks in 10.4s
Progress: 9.6 tokens/sec, est. 1.0s audio generated, 119 tokens, 12 chunks in 12.4s
Processing buffer with 28 tokens, total collected: 112
Audio generation rate: 0.92 chunks/second
Progress: 9.5 tokens/sec, est. 1.2s audio generated, 138 tokens, 14 chunks in 14.5s
Token processing rate: 7.9 tokens/second
Processing buffer with 28 tokens, total collected: 140
Progress: 9.5 tokens/sec, est. 1.4s audio generated, 157 tokens, 17 chunks in 16.6s
Audio generation rate: 1.02 chunks/second
Progress: 9.4 tokens/sec, est. 1.6s audio generated, 176 tokens, 19 chunks in 18.7s
Processing buffer with 28 tokens, total collected: 168
Token processing rate: 8.2 tokens/second
Audio generation rate: 1.04 chunks/second
Progress: 9.4 tokens/sec, est. 2.0s audio generated, 194 tokens, 24 chunks in 20.7s
Processing buffer with 28 tokens, total collected: 196
Progress: 9.3 tokens/sec, est. 2.2s audio generated, 212 tokens, 26 chunks in 22.7s
Audio generation rate: 1.09 chunks/second
Progress: 9.3 tokens/sec, est. 2.4s audio generated, 230 tokens, 28 chunks in 24.8s
Token generation complete: 240 tokens in 26.42s (9.1 tokens/sec)
Token processing rate: 8.4 tokens/second
Processing buffer with 28 tokens, total collected: 224
Generated 30 audio segments
Generated 2.56 seconds of audio in 26.45 seconds
Realtime factor: 0.10x
Warning: Generation is slower than realtime
Total speech generation completed in 26.45 seconds
INFO:     127.0.0.1:56173 - "POST /v1/audio/speech HTTP/1.1" 200 OK
Starting speech generation for 'However, based on "huh" alone, it doesn't indicate...'
Using voice: tara, GPU acceleration: Yes
Generating speech for: <|audio|>tara: However, based on "huh" alone, it doesn't indicate any need for tools such as weather checks, email sending, web search,<|eot_id|>
Generation limits: max_tokens=600, max_seconds=180
Progress: 10.5 tokens/sec, est. 0.0s audio generated, 22 tokens, 0 chunks in 2.1s
Processing buffer with 28 tokens, total collected: 28
Audio generation rate: 0.25 chunks/second
Progress: 10.0 tokens/sec, est. 0.1s audio generated, 41 tokens, 1 chunks in 4.1s
Token processing rate: 5.3 tokens/second
Progress: 9.6 tokens/sec, est. 0.3s audio generated, 60 tokens, 3 chunks in 6.2s
Audio generation rate: 0.52 chunks/second
Processing buffer with 28 tokens, total collected: 56
Progress: 9.3 tokens/sec, est. 0.4s audio generated, 77 tokens, 5 chunks in 8.3s
Progress: 9.3 tokens/sec, est. 0.7s audio generated, 96 tokens, 8 chunks in 10.3s
Token processing rate: 7.0 tokens/second
Processing buffer with 28 tokens, total collected: 84
Audio generation rate: 0.81 chunks/second
Progress: 9.3 tokens/sec, est. 1.0s audio generated, 115 tokens, 12 chunks in 12.4s
Processing buffer with 28 tokens, total collected: 112
Audio generation rate: 0.89 chunks/second
Progress: 9.3 tokens/sec, est. 1.2s audio generated, 134 tokens, 14 chunks in 14.5s
Token processing rate: 7.7 tokens/second
Processing buffer with 28 tokens, total collected: 140
Progress: 9.2 tokens/sec, est. 1.4s audio generated, 153 tokens, 17 chunks in 16.6s
Audio generation rate: 0.99 chunks/second
Progress: 9.2 tokens/sec, est. 1.6s audio generated, 171 tokens, 19 chunks in 18.6s
Processing buffer with 28 tokens, total collected: 168
Progress: 9.2 tokens/sec, est. 1.8s audio generated, 189 tokens, 21 chunks in 20.6s
Token processing rate: 8.0 tokens/second
Audio generation rate: 1.01 chunks/second
Progress: 9.1 tokens/sec, est. 2.0s audio generated, 207 tokens, 24 chunks in 22.7s
Processing buffer with 28 tokens, total collected: 196
Audio generation rate: 1.06 chunks/second
Progress: 9.1 tokens/sec, est. 2.4s audio generated, 225 tokens, 28 chunks in 24.7s
Token processing rate: 8.1 tokens/second
Processing buffer with 28 tokens, total collected: 224
Progress: 9.1 tokens/sec, est. 2.6s audio generated, 243 tokens, 30 chunks in 26.8s
Audio generation rate: 1.06 chunks/second
Processing buffer with 28 tokens, total collected: 252
Progress: 9.0 tokens/sec, est. 2.8s audio generated, 261 tokens, 33 chunks in 28.9s
Progress: 9.0 tokens/sec, est. 3.0s audio generated, 279 tokens, 35 chunks in 31.0s
Token processing rate: 8.2 tokens/second
Audio generation rate: 1.09 chunks/second
Processing buffer with 28 tokens, total collected: 280
Progress: 9.0 tokens/sec, est. 3.1s audio generated, 296 tokens, 37 chunks in 33.0s
Progress: 8.9 tokens/sec, est. 3.4s audio generated, 314 tokens, 40 chunks in 35.1s
Processing buffer with 28 tokens, total collected: 308
Audio generation rate: 1.12 chunks/second
Progress: 8.9 tokens/sec, est. 3.6s audio generated, 331 tokens, 42 chunks in 37.1s
Token processing rate: 8.2 tokens/second
Progress: 8.9 tokens/sec, est. 3.7s audio generated, 348 tokens, 44 chunks in 39.1s
Processing buffer with 28 tokens, total collected: 336
Audio generation rate: 1.11 chunks/second
Progress: 8.9 tokens/sec, est. 3.9s audio generated, 365 tokens, 46 chunks in 41.2s
Processing buffer with 28 tokens, total collected: 364
Progress: 8.8 tokens/sec, est. 4.2s audio generated, 382 tokens, 49 chunks in 43.2s
Token processing rate: 8.3 tokens/second
Audio generation rate: 1.13 chunks/second
Progress: 8.8 tokens/sec, est. 4.3s audio generated, 399 tokens, 51 chunks in 45.3s
Processing buffer with 28 tokens, total collected: 392
Progress: 8.8 tokens/sec, est. 4.5s audio generated, 416 tokens, 53 chunks in 47.4s
Token processing rate: 8.1 tokens/second
Processing buffer with 28 tokens, total collected: 420
Progress: 8.8 tokens/sec, est. 4.5s audio generated, 433 tokens, 53 chunks in 49.5s
Audio generation rate: 1.04 chunks/second
Progress: 8.7 tokens/sec, est. 4.7s audio generated, 450 tokens, 55 chunks in 51.5s
Processing buffer with 28 tokens, total collected: 448
Progress: 8.7 tokens/sec, est. 4.8s audio generated, 465 tokens, 57 chunks in 53.6s
Progress: 8.6 tokens/sec, est. 4.8s audio generated, 479 tokens, 57 chunks in 55.8s
Token processing rate: 8.0 tokens/second
Audio generation rate: 1.02 chunks/second
Progress: 8.5 tokens/sec, est. 5.1s audio generated, 492 tokens, 60 chunks in 57.8s
Processing buffer with 28 tokens, total collected: 476
Progress: 8.4 tokens/sec, est. 5.3s audio generated, 506 tokens, 62 chunks in 60.0s
Audio generation rate: 1.02 chunks/second
Token processing rate: 8.0 tokens/second
Progress: 8.4 tokens/sec, est. 5.4s audio generated, 519 tokens, 64 chunks in 62.0s
Processing buffer with 28 tokens, total collected: 504
Progress: 8.3 tokens/sec, est. 5.7s audio generated, 533 tokens, 67 chunks in 64.1s
Audio generation rate: 1.03 chunks/second
Processing buffer with 28 tokens, total collected: 532
Progress: 8.3 tokens/sec, est. 5.9s audio generated, 549 tokens, 69 chunks in 66.1s
Token processing rate: 7.8 tokens/second
Progress: 8.3 tokens/sec, est. 6.0s audio generated, 565 tokens, 71 chunks in 68.2s
Audio generation rate: 1.02 chunks/second
Processing buffer with 28 tokens, total collected: 560
Progress: 8.3 tokens/sec, est. 6.2s audio generated, 581 tokens, 73 chunks in 70.2s
Progress: 8.3 tokens/sec, est. 6.5s audio generated, 597 tokens, 76 chunks in 72.3s
Token generation complete: 600 tokens in 73.24s (8.2 tokens/sec)
Processing buffer with 28 tokens, total collected: 588
Generated 77 audio segments
Generated 6.57 seconds of audio in 73.26 seconds
Realtime factor: 0.09x
Warning: Generation is slower than realtime
Total speech generation completed in 73.26 seconds
INFO:     127.0.0.1:63476 - "POST /v1/audio/speech HTTP/1.1" 200 OK
Starting speech generation for 'or other capabilities listed. I'll provide a brief...'
Using voice: tara, GPU acceleration: Yes
Generating speech for: <|audio|>tara: or other capabilities listed. I'll provide a brief response and ask if you'd like assistance with something else.<|eot_id|>
Generation limits: max_tokens=565, max_seconds=180
Progress: 10.5 tokens/sec, est. 0.0s audio generated, 22 tokens, 0 chunks in 2.1s
Processing buffer with 28 tokens, total collected: 28
Audio generation rate: 0.25 chunks/second
Progress: 10.0 tokens/sec, est. 0.1s audio generated, 41 tokens, 1 chunks in 4.1s
Token processing rate: 5.2 tokens/second
Progress: 9.8 tokens/sec, est. 0.3s audio generated, 60 tokens, 3 chunks in 6.1s
Audio generation rate: 0.54 chunks/second
Processing buffer with 28 tokens, total collected: 56
Progress: 9.7 tokens/sec, est. 0.4s audio generated, 79 tokens, 5 chunks in 8.2s
Token processing rate: 7.2 tokens/second
Processing buffer with 28 tokens, total collected: 84
Audio generation rate: 0.83 chunks/second
Progress: 9.6 tokens/sec, est. 0.9s audio generated, 98 tokens, 10 chunks in 10.2s
Progress: 9.5 tokens/sec, est. 1.0s audio generated, 117 tokens, 12 chunks in 12.3s
Processing buffer with 28 tokens, total collected: 112
Audio generation rate: 0.90 chunks/second
Progress: 9.5 tokens/sec, est. 1.2s audio generated, 136 tokens, 14 chunks in 14.4s
Token processing rate: 7.8 tokens/second
Processing buffer with 28 tokens, total collected: 140
Progress: 9.4 tokens/sec, est. 1.4s audio generated, 154 tokens, 17 chunks in 16.4s
Audio generation rate: 1.00 chunks/second
Progress: 9.4 tokens/sec, est. 1.6s audio generated, 172 tokens, 19 chunks in 18.4s
Processing buffer with 28 tokens, total collected: 168
Progress: 9.3 tokens/sec, est. 1.8s audio generated, 190 tokens, 21 chunks in 20.4s
Token processing rate: 8.1 tokens/second
Audio generation rate: 1.02 chunks/second
Progress: 9.3 tokens/sec, est. 2.0s audio generated, 208 tokens, 24 chunks in 22.4s
Processing buffer with 28 tokens, total collected: 196
Audio generation rate: 1.07 chunks/second
Progress: 9.2 tokens/sec, est. 2.4s audio generated, 226 tokens, 28 chunks in 24.5s
Token processing rate: 8.2 tokens/second
Processing buffer with 28 tokens, total collected: 224
Progress: 9.2 tokens/sec, est. 2.6s audio generated, 244 tokens, 30 chunks in 26.6s
Audio generation rate: 1.06 chunks/second
Processing buffer with 28 tokens, total collected: 252
Progress: 9.0 tokens/sec, est. 2.8s audio generated, 258 tokens, 33 chunks in 28.6s
Progress: 9.0 tokens/sec, est. 3.0s audio generated, 276 tokens, 35 chunks in 30.7s
Token processing rate: 8.2 tokens/second
Audio generation rate: 1.09 chunks/second
Processing buffer with 28 tokens, total collected: 280
Progress: 9.0 tokens/sec, est. 3.1s audio generated, 294 tokens, 37 chunks in 32.8s
Progress: 8.9 tokens/sec, est. 3.4s audio generated, 311 tokens, 40 chunks in 34.8s
Processing buffer with 28 tokens, total collected: 308
Audio generation rate: 1.12 chunks/second
Progress: 8.9 tokens/sec, est. 3.6s audio generated, 329 tokens, 42 chunks in 36.9s
Token processing rate: 8.2 tokens/second
Progress: 8.9 tokens/sec, est. 3.7s audio generated, 346 tokens, 44 chunks in 38.9s
Processing buffer with 28 tokens, total collected: 336
Audio generation rate: 1.11 chunks/second
Progress: 8.9 tokens/sec, est. 3.9s audio generated, 363 tokens, 46 chunks in 41.0s
Processing buffer with 28 tokens, total collected: 364
Progress: 8.8 tokens/sec, est. 4.2s audio generated, 380 tokens, 49 chunks in 43.0s
Token processing rate: 8.2 tokens/second
Audio generation rate: 1.13 chunks/second
Progress: 8.8 tokens/sec, est. 4.3s audio generated, 397 tokens, 51 chunks in 45.1s
Processing buffer with 28 tokens, total collected: 392
Progress: 8.8 tokens/sec, est. 4.5s audio generated, 414 tokens, 53 chunks in 47.1s
Audio generation rate: 1.12 chunks/second
Progress: 8.8 tokens/sec, est. 4.8s audio generated, 431 tokens, 56 chunks in 49.2s
Token processing rate: 8.2 tokens/second
Processing buffer with 28 tokens, total collected: 420
Progress: 8.7 tokens/sec, est. 4.9s audio generated, 448 tokens, 58 chunks in 51.3s
Audio generation rate: 1.13 chunks/second
Processing buffer with 28 tokens, total collected: 448
Progress: 8.7 tokens/sec, est. 5.3s audio generated, 465 tokens, 62 chunks in 53.4s
Token processing rate: 8.2 tokens/second
Audio generation rate: 1.12 chunks/second
Processing buffer with 28 tokens, total collected: 476
Progress: 8.7 tokens/sec, est. 5.5s audio generated, 482 tokens, 65 chunks in 55.5s
Progress: 8.7 tokens/sec, est. 5.7s audio generated, 498 tokens, 67 chunks in 57.5s
Audio generation rate: 1.13 chunks/second
Processing buffer with 28 tokens, total collected: 504
Progress: 8.6 tokens/sec, est. 5.9s audio generated, 515 tokens, 69 chunks in 59.6s
Token processing rate: 8.2 tokens/second
Progress: 8.6 tokens/sec, est. 6.1s audio generated, 531 tokens, 72 chunks in 61.7s
Processing buffer with 28 tokens, total collected: 532
Audio generation rate: 1.14 chunks/second
Progress: 8.6 tokens/sec, est. 6.3s audio generated, 547 tokens, 74 chunks in 63.7s
Progress: 8.6 tokens/sec, est. 6.5s audio generated, 563 tokens, 76 chunks in 65.7s
Token generation complete: 565 tokens in 66.63s (8.5 tokens/sec)
Processing buffer with 28 tokens, total collected: 560
Generated 77 audio segments
Generated 6.57 seconds of audio in 66.65 seconds
Realtime factor: 0.10x
Warning: Generation is slower than realtime
Total speech generation completed in 66.65 seconds
INFO:     127.0.0.1:63505 - "POST /v1/audio/speech HTTP/1.1" 200 OK
INFO:     127.0.0.1:59631 - "GET /health HTTP/1.1" 200 OK
Starting speech generation for 'That doesn’t seem quite right or clear. Could you ...'
Using voice: tara, GPU acceleration: Yes
Generating speech for: <|audio|>tara: That doesn’t seem quite right or clear. Could you please rephrase or provide more details?<|eot_id|>
Generation limits: max_tokens=450, max_seconds=180
Progress: 10.5 tokens/sec, est. 0.0s audio generated, 22 tokens, 0 chunks in 2.1s
Processing buffer with 28 tokens, total collected: 28
Audio generation rate: 0.25 chunks/second
Progress: 10.0 tokens/sec, est. 0.1s audio generated, 41 tokens, 1 chunks in 4.1s
Token processing rate: 5.3 tokens/second
Progress: 9.8 tokens/sec, est. 0.3s audio generated, 60 tokens, 3 chunks in 6.1s
Audio generation rate: 0.54 chunks/second
Processing buffer with 28 tokens, total collected: 56
Progress: 9.7 tokens/sec, est. 0.4s audio generated, 79 tokens, 5 chunks in 8.2s
Token processing rate: 7.2 tokens/second
Processing buffer with 28 tokens, total collected: 84
Audio generation rate: 0.83 chunks/second
Progress: 9.6 tokens/sec, est. 0.9s audio generated, 98 tokens, 10 chunks in 10.2s
Progress: 9.5 tokens/sec, est. 1.0s audio generated, 117 tokens, 12 chunks in 12.3s
Processing buffer with 28 tokens, total collected: 112
Audio generation rate: 0.91 chunks/second
Progress: 9.5 tokens/sec, est. 1.2s audio generated, 136 tokens, 14 chunks in 14.4s
Token processing rate: 7.8 tokens/second
Processing buffer with 28 tokens, total collected: 140
Progress: 9.4 tokens/sec, est. 1.4s audio generated, 155 tokens, 17 chunks in 16.5s
Audio generation rate: 1.01 chunks/second
Progress: 9.4 tokens/sec, est. 1.6s audio generated, 174 tokens, 19 chunks in 18.6s
Processing buffer with 28 tokens, total collected: 168
Progress: 9.3 tokens/sec, est. 1.8s audio generated, 192 tokens, 21 chunks in 20.6s
Token processing rate: 8.1 tokens/second
Audio generation rate: 1.03 chunks/second
Processing buffer with 28 tokens, total collected: 196
Progress: 9.3 tokens/sec, est. 2.2s audio generated, 210 tokens, 26 chunks in 22.7s
Audio generation rate: 1.08 chunks/second
Progress: 9.2 tokens/sec, est. 2.4s audio generated, 228 tokens, 28 chunks in 24.7s
Token processing rate: 8.3 tokens/second
Processing buffer with 28 tokens, total collected: 224
Progress: 9.2 tokens/sec, est. 2.6s audio generated, 246 tokens, 30 chunks in 26.8s
Audio generation rate: 1.08 chunks/second
Processing buffer with 28 tokens, total collected: 252
Progress: 9.1 tokens/sec, est. 2.8s audio generated, 264 tokens, 33 chunks in 28.9s
Progress: 9.1 tokens/sec, est. 3.0s audio generated, 282 tokens, 35 chunks in 31.0s
Token processing rate: 8.3 tokens/second
Audio generation rate: 1.11 chunks/second
Processing buffer with 28 tokens, total collected: 280
Progress: 9.1 tokens/sec, est. 3.1s audio generated, 300 tokens, 37 chunks in 33.1s
Progress: 9.0 tokens/sec, est. 3.4s audio generated, 315 tokens, 40 chunks in 35.1s
Processing buffer with 28 tokens, total collected: 308
Audio generation rate: 1.12 chunks/second
Progress: 8.9 tokens/sec, est. 3.6s audio generated, 331 tokens, 42 chunks in 37.2s
Token processing rate: 8.2 tokens/second
Progress: 8.9 tokens/sec, est. 3.7s audio generated, 348 tokens, 44 chunks in 39.2s
Processing buffer with 28 tokens, total collected: 336
Audio generation rate: 1.11 chunks/second
Progress: 8.9 tokens/sec, est. 3.9s audio generated, 365 tokens, 46 chunks in 41.2s
Processing buffer with 28 tokens, total collected: 364
Progress: 8.8 tokens/sec, est. 4.2s audio generated, 382 tokens, 49 chunks in 43.2s
Token processing rate: 8.3 tokens/second
Audio generation rate: 1.13 chunks/second
Progress: 8.8 tokens/sec, est. 4.3s audio generated, 399 tokens, 51 chunks in 45.3s
Processing buffer with 28 tokens, total collected: 392
Progress: 8.8 tokens/sec, est. 4.5s audio generated, 416 tokens, 53 chunks in 47.4s
Audio generation rate: 1.12 chunks/second
Token processing rate: 8.3 tokens/second
Processing buffer with 28 tokens, total collected: 420
Progress: 8.8 tokens/sec, est. 4.9s audio generated, 433 tokens, 58 chunks in 49.4s
Audio generation rate: 1.13 chunks/second
Token generation complete: 450 tokens in 52.09s (8.6 tokens/sec)
Generated 60 audio segments
Generated 5.12 seconds of audio in 52.09 seconds
Realtime factor: 0.10x
Warning: Generation is slower than realtime
Total speech generation completed in 52.09 seconds
INFO:     127.0.0.1:59642 - "POST /v1/audio/speech HTTP/1.1" 200 OK
INFO:     127.0.0.1:49191 - "GET /health HTTP/1.1" 200 OK
Starting speech generation for 'Huh? I'm listening. What can I assist you with?'
Using voice: tara, GPU acceleration: Yes
Generating speech for: <|audio|>tara: Huh? I'm listening. What can I assist you with?<|eot_id|>
Generation limits: max_tokens=240, max_seconds=180
Progress: 10.6 tokens/sec, est. 0.0s audio generated, 22 tokens, 0 chunks in 2.1s
Processing buffer with 28 tokens, total collected: 28
Audio generation rate: 0.26 chunks/second
Progress: 10.0 tokens/sec, est. 0.1s audio generated, 42 tokens, 1 chunks in 4.2s
Token processing rate: 5.4 tokens/second
Progress: 9.8 tokens/sec, est. 0.3s audio generated, 61 tokens, 3 chunks in 6.2s
Audio generation rate: 0.55 chunks/second
Processing buffer with 28 tokens, total collected: 56
Progress: 9.7 tokens/sec, est. 0.4s audio generated, 80 tokens, 5 chunks in 8.2s
Token processing rate: 7.3 tokens/second
Processing buffer with 28 tokens, total collected: 84
Audio generation rate: 0.84 chunks/second
Progress: 9.6 tokens/sec, est. 0.9s audio generated, 99 tokens, 10 chunks in 10.3s
Progress: 9.6 tokens/sec, est. 1.0s audio generated, 118 tokens, 12 chunks in 12.3s
Processing buffer with 28 tokens, total collected: 112
Audio generation rate: 0.92 chunks/second
Progress: 9.5 tokens/sec, est. 1.2s audio generated, 137 tokens, 14 chunks in 14.4s
Token processing rate: 7.9 tokens/second
Processing buffer with 28 tokens, total collected: 140
Progress: 9.4 tokens/sec, est. 1.4s audio generated, 156 tokens, 17 chunks in 16.5s
Audio generation rate: 1.02 chunks/second
Progress: 9.4 tokens/sec, est. 1.6s audio generated, 175 tokens, 19 chunks in 18.6s
Processing buffer with 28 tokens, total collected: 168
Token processing rate: 8.2 tokens/second
Audio generation rate: 1.03 chunks/second
Progress: 9.3 tokens/sec, est. 2.0s audio generated, 193 tokens, 24 chunks in 20.7s
Processing buffer with 28 tokens, total collected: 196
Progress: 9.3 tokens/sec, est. 2.2s audio generated, 211 tokens, 26 chunks in 22.7s
Progress: 9.3 tokens/sec, est. 2.2s audio generated, 229 tokens, 26 chunks in 24.7s
Token generation complete: 240 tokens in 26.49s (9.1 tokens/sec)
Token processing rate: 8.1 tokens/second
Processing buffer with 28 tokens, total collected: 224
Generated 26 audio segments
Generated 2.22 seconds of audio in 26.50 seconds
Realtime factor: 0.08x
Warning: Generation is slower than realtime
Total speech generation completed in 26.50 seconds
INFO:     127.0.0.1:49201 - "POST /v1/audio/speech HTTP/1.1" 200 OK
INFO:     127.0.0.1:63571 - "GET /health HTTP/1.1" 200 OK
Starting speech generation for 'huh? What would you like me to look up for you tod...'
Using voice: tara, GPU acceleration: Yes
Generating speech for: <|audio|>tara: huh? What would you like me to look up for you today?<|eot_id|>
Generation limits: max_tokens=265, max_seconds=180
Progress: 10.5 tokens/sec, est. 0.0s audio generated, 22 tokens, 0 chunks in 2.1s
Processing buffer with 28 tokens, total collected: 28
Audio generation rate: 0.25 chunks/second
Progress: 10.0 tokens/sec, est. 0.1s audio generated, 42 tokens, 1 chunks in 4.2s
Token processing rate: 5.2 tokens/second
Progress: 9.8 tokens/sec, est. 0.3s audio generated, 61 tokens, 3 chunks in 6.2s
Audio generation rate: 0.54 chunks/second
Processing buffer with 28 tokens, total collected: 56
Progress: 9.7 tokens/sec, est. 0.4s audio generated, 80 tokens, 5 chunks in 8.3s
Token processing rate: 7.2 tokens/second
Processing buffer with 28 tokens, total collected: 84
Audio generation rate: 0.83 chunks/second
Progress: 9.6 tokens/sec, est. 0.9s audio generated, 99 tokens, 10 chunks in 10.3s
Progress: 9.5 tokens/sec, est. 1.0s audio generated, 118 tokens, 12 chunks in 12.4s
Processing buffer with 28 tokens, total collected: 112
Audio generation rate: 0.90 chunks/second
Progress: 9.5 tokens/sec, est. 1.2s audio generated, 137 tokens, 14 chunks in 14.5s
Token processing rate: 7.8 tokens/second
Processing buffer with 28 tokens, total collected: 140
Progress: 9.4 tokens/sec, est. 1.4s audio generated, 156 tokens, 17 chunks in 16.6s
Audio generation rate: 1.00 chunks/second
Progress: 9.4 tokens/sec, est. 1.6s audio generated, 175 tokens, 19 chunks in 18.7s
Processing buffer with 28 tokens, total collected: 168
Token processing rate: 8.1 tokens/second
Audio generation rate: 1.02 chunks/second
Progress: 9.3 tokens/sec, est. 2.0s audio generated, 193 tokens, 24 chunks in 20.7s
Processing buffer with 28 tokens, total collected: 196
Progress: 9.3 tokens/sec, est. 2.2s audio generated, 211 tokens, 26 chunks in 22.7s
Audio generation rate: 1.07 chunks/second
Progress: 9.2 tokens/sec, est. 2.4s audio generated, 229 tokens, 28 chunks in 24.8s
Token processing rate: 8.2 tokens/second
Processing buffer with 28 tokens, total collected: 224
Progress: 9.2 tokens/sec, est. 2.6s audio generated, 247 tokens, 30 chunks in 26.8s
Audio generation rate: 1.08 chunks/second
Processing buffer with 28 tokens, total collected: 252
Token generation complete: 265 tokens in 29.59s (9.0 tokens/sec)
Generated 34 audio segments
Generated 2.90 seconds of audio in 29.60 seconds
Realtime factor: 0.10x
Warning: Generation is slower than realtime
Total speech generation completed in 29.60 seconds
INFO:     127.0.0.1:63580 - "POST /v1/audio/speech HTTP/1.1" 200 OK
INFO:     127.0.0.1:64224 - "GET /health HTTP/1.1" 200 OK
Starting speech generation for 'I'm sorry, but your message isn't clear or specifi...'
Using voice: tara, GPU acceleration: Yes
Generating speech for: <|audio|>tara: I'm sorry, but your message isn't clear or specific. It doesn't indicate any need for the available tools.<|eot_id|>
Generation limits: max_tokens=530, max_seconds=180
Progress: 10.5 tokens/sec, est. 0.0s audio generated, 22 tokens, 0 chunks in 2.1s
Processing buffer with 28 tokens, total collected: 28
Audio generation rate: 0.25 chunks/second
Progress: 10.0 tokens/sec, est. 0.1s audio generated, 41 tokens, 1 chunks in 4.1s
Token processing rate: 5.3 tokens/second
Progress: 9.7 tokens/sec, est. 0.3s audio generated, 60 tokens, 3 chunks in 6.2s
Audio generation rate: 0.54 chunks/second
Processing buffer with 28 tokens, total collected: 56
Progress: 9.6 tokens/sec, est. 0.4s audio generated, 79 tokens, 5 chunks in 8.2s
Token processing rate: 7.2 tokens/second
Processing buffer with 28 tokens, total collected: 84
Audio generation rate: 0.83 chunks/second
Progress: 9.5 tokens/sec, est. 0.9s audio generated, 98 tokens, 10 chunks in 10.3s
Progress: 9.5 tokens/sec, est. 1.0s audio generated, 117 tokens, 12 chunks in 12.3s
Processing buffer with 28 tokens, total collected: 112
Audio generation rate: 0.91 chunks/second
Progress: 9.4 tokens/sec, est. 1.2s audio generated, 136 tokens, 14 chunks in 14.4s
Token processing rate: 7.8 tokens/second
Processing buffer with 28 tokens, total collected: 140
Progress: 9.4 tokens/sec, est. 1.4s audio generated, 154 tokens, 17 chunks in 16.4s
Audio generation rate: 1.00 chunks/second
Progress: 9.3 tokens/sec, est. 1.6s audio generated, 172 tokens, 19 chunks in 18.5s
Processing buffer with 28 tokens, total collected: 168
Progress: 9.2 tokens/sec, est. 1.8s audio generated, 189 tokens, 21 chunks in 20.6s
Token processing rate: 8.0 tokens/second
Audio generation rate: 1.01 chunks/second
Progress: 9.1 tokens/sec, est. 2.0s audio generated, 207 tokens, 24 chunks in 22.6s
Processing buffer with 28 tokens, total collected: 196
Audio generation rate: 1.06 chunks/second
Progress: 9.1 tokens/sec, est. 2.4s audio generated, 225 tokens, 28 chunks in 24.7s
Token processing rate: 8.2 tokens/second
Processing buffer with 28 tokens, total collected: 224
Progress: 9.1 tokens/sec, est. 2.6s audio generated, 243 tokens, 30 chunks in 26.8s
Audio generation rate: 1.07 chunks/second
Processing buffer with 28 tokens, total collected: 252
Progress: 9.1 tokens/sec, est. 2.8s audio generated, 261 tokens, 33 chunks in 28.8s
Progress: 9.0 tokens/sec, est. 3.0s audio generated, 279 tokens, 35 chunks in 30.9s
Token processing rate: 8.2 tokens/second
Audio generation rate: 1.10 chunks/second
Processing buffer with 28 tokens, total collected: 280
Progress: 9.0 tokens/sec, est. 3.1s audio generated, 296 tokens, 37 chunks in 32.9s
Progress: 9.0 tokens/sec, est. 3.4s audio generated, 314 tokens, 40 chunks in 35.0s
Processing buffer with 28 tokens, total collected: 308
Audio generation rate: 1.12 chunks/second
Progress: 8.9 tokens/sec, est. 3.6s audio generated, 331 tokens, 42 chunks in 37.0s
Token processing rate: 8.3 tokens/second
Progress: 8.9 tokens/sec, est. 3.7s audio generated, 348 tokens, 44 chunks in 39.1s
Processing buffer with 28 tokens, total collected: 336
Audio generation rate: 1.12 chunks/second
Progress: 8.9 tokens/sec, est. 3.9s audio generated, 365 tokens, 46 chunks in 41.1s
Processing buffer with 28 tokens, total collected: 364
Progress: 8.9 tokens/sec, est. 4.2s audio generated, 382 tokens, 49 chunks in 43.1s
Token processing rate: 8.3 tokens/second
Audio generation rate: 1.13 chunks/second
Progress: 8.8 tokens/sec, est. 4.3s audio generated, 399 tokens, 51 chunks in 45.2s
Processing buffer with 28 tokens, total collected: 392
Progress: 8.8 tokens/sec, est. 4.5s audio generated, 416 tokens, 53 chunks in 47.3s
Audio generation rate: 1.12 chunks/second
Token processing rate: 8.3 tokens/second
Processing buffer with 28 tokens, total collected: 420
Progress: 8.8 tokens/sec, est. 4.9s audio generated, 433 tokens, 58 chunks in 49.4s
Audio generation rate: 1.13 chunks/second
Progress: 8.7 tokens/sec, est. 5.1s audio generated, 450 tokens, 60 chunks in 51.4s
Processing buffer with 28 tokens, total collected: 448
Progress: 8.7 tokens/sec, est. 5.3s audio generated, 467 tokens, 62 chunks in 53.5s
Token processing rate: 8.3 tokens/second
Audio generation rate: 1.13 chunks/second
Processing buffer with 28 tokens, total collected: 476
Progress: 8.7 tokens/sec, est. 5.5s audio generated, 484 tokens, 65 chunks in 55.7s
Progress: 8.7 tokens/sec, est. 5.7s audio generated, 500 tokens, 67 chunks in 57.7s
Audio generation rate: 1.13 chunks/second
Processing buffer with 28 tokens, total collected: 504
Progress: 8.6 tokens/sec, est. 5.9s audio generated, 516 tokens, 69 chunks in 59.7s
Token processing rate: 8.2 tokens/second
Token generation complete: 530 tokens in 62.00s (8.5 tokens/sec)
Generated 72 audio segments
Generated 6.14 seconds of audio in 62.00 seconds
Realtime factor: 0.10x
Warning: Generation is slower than realtime
Total speech generation completed in 62.00 seconds
INFO:     127.0.0.1:64233 - "POST /v1/audio/speech HTTP/1.1" 200 OK
Starting speech generation for 'If you meant something else or have a particular r...'
Using voice: tara, GPU acceleration: Yes
Generating speech for: <|audio|>tara: If you meant something else or have a particular request, please clarify!<|eot_id|>
Generation limits: max_tokens=365, max_seconds=180
Progress: 10.6 tokens/sec, est. 0.0s audio generated, 22 tokens, 0 chunks in 2.1s
Processing buffer with 28 tokens, total collected: 28
Audio generation rate: 0.26 chunks/second
Progress: 9.9 tokens/sec, est. 0.1s audio generated, 41 tokens, 1 chunks in 4.1s
Token processing rate: 5.2 tokens/second
Progress: 9.3 tokens/sec, est. 0.3s audio generated, 58 tokens, 3 chunks in 6.2s
Audio generation rate: 0.53 chunks/second
Processing buffer with 28 tokens, total collected: 56
Progress: 9.3 tokens/sec, est. 0.4s audio generated, 77 tokens, 5 chunks in 8.2s
Progress: 9.3 tokens/sec, est. 0.7s audio generated, 96 tokens, 8 chunks in 10.3s
Token processing rate: 7.1 tokens/second
Processing buffer with 28 tokens, total collected: 84
Audio generation rate: 0.81 chunks/second
Progress: 9.3 tokens/sec, est. 1.0s audio generated, 115 tokens, 12 chunks in 12.4s
Processing buffer with 28 tokens, total collected: 112
Audio generation rate: 0.89 chunks/second
Progress: 9.3 tokens/sec, est. 1.2s audio generated, 134 tokens, 14 chunks in 14.5s
Token processing rate: 7.7 tokens/second
Processing buffer with 28 tokens, total collected: 140
Progress: 9.2 tokens/sec, est. 1.4s audio generated, 153 tokens, 17 chunks in 16.6s
Audio generation rate: 1.00 chunks/second
Progress: 9.2 tokens/sec, est. 1.6s audio generated, 172 tokens, 19 chunks in 18.7s
Processing buffer with 28 tokens, total collected: 168
Progress: 9.2 tokens/sec, est. 1.8s audio generated, 190 tokens, 21 chunks in 20.7s
Token processing rate: 8.0 tokens/second
Audio generation rate: 1.01 chunks/second
Progress: 9.1 tokens/sec, est. 2.0s audio generated, 208 tokens, 24 chunks in 22.7s
Processing buffer with 28 tokens, total collected: 196
Audio generation rate: 1.07 chunks/second
Progress: 9.1 tokens/sec, est. 2.4s audio generated, 226 tokens, 28 chunks in 24.8s
Token processing rate: 8.2 tokens/second
Processing buffer with 28 tokens, total collected: 224
Progress: 9.1 tokens/sec, est. 2.6s audio generated, 244 tokens, 30 chunks in 26.9s
Audio generation rate: 1.07 chunks/second
Processing buffer with 28 tokens, total collected: 252
Progress: 9.1 tokens/sec, est. 2.8s audio generated, 262 tokens, 33 chunks in 28.9s
Progress: 9.0 tokens/sec, est. 3.0s audio generated, 280 tokens, 35 chunks in 31.0s
Token processing rate: 8.3 tokens/second
Audio generation rate: 1.10 chunks/second
Processing buffer with 28 tokens, total collected: 280
Progress: 9.0 tokens/sec, est. 3.1s audio generated, 298 tokens, 37 chunks in 33.1s
Progress: 9.0 tokens/sec, est. 3.4s audio generated, 316 tokens, 40 chunks in 35.2s
Processing buffer with 28 tokens, total collected: 308
Audio generation rate: 1.12 chunks/second
Progress: 8.9 tokens/sec, est. 3.6s audio generated, 334 tokens, 42 chunks in 37.4s
Token processing rate: 8.3 tokens/second
Progress: 8.9 tokens/sec, est. 3.7s audio generated, 351 tokens, 44 chunks in 39.4s
Processing buffer with 28 tokens, total collected: 336
Audio generation rate: 1.12 chunks/second
Token generation complete: 365 tokens in 41.51s (8.8 tokens/sec)
Generated 48 audio segments
Generated 4.10 seconds of audio in 41.53 seconds
Realtime factor: 0.10x
Warning: Generation is slower than realtime
Total speech generation completed in 41.53 seconds
INFO:     127.0.0.1:58185 - "POST /v1/audio/speech HTTP/1.1" 200 OK
INFO:     127.0.0.1:65018 - "GET /health HTTP/1.1" 200 OK
Starting speech generation for 'Hmm, it looks like you might be unsure what you ne...'
Using voice: tara, GPU acceleration: Yes
Generating speech for: <|audio|>tara: Hmm, it looks like you might be unsure what you need help with. How can I assist you today?<|eot_id|>
Generation limits: max_tokens=455, max_seconds=180
Progress: 10.5 tokens/sec, est. 0.0s audio generated, 22 tokens, 0 chunks in 2.1s
Processing buffer with 28 tokens, total collected: 28
Audio generation rate: 0.25 chunks/second
Progress: 10.0 tokens/sec, est. 0.1s audio generated, 42 tokens, 1 chunks in 4.2s
Token processing rate: 5.3 tokens/second
Progress: 9.8 tokens/sec, est. 0.3s audio generated, 61 tokens, 3 chunks in 6.2s
Audio generation rate: 0.54 chunks/second
Processing buffer with 28 tokens, total collected: 56
Progress: 9.7 tokens/sec, est. 0.4s audio generated, 80 tokens, 5 chunks in 8.3s
Token processing rate: 7.2 tokens/second
Processing buffer with 28 tokens, total collected: 84
Audio generation rate: 0.83 chunks/second
Progress: 9.6 tokens/sec, est. 0.9s audio generated, 99 tokens, 10 chunks in 10.3s
Progress: 9.5 tokens/sec, est. 1.0s audio generated, 118 tokens, 12 chunks in 12.4s
Processing buffer with 28 tokens, total collected: 112
Audio generation rate: 0.90 chunks/second
Progress: 9.4 tokens/sec, est. 1.2s audio generated, 137 tokens, 14 chunks in 14.5s
Token processing rate: 7.8 tokens/second
Processing buffer with 28 tokens, total collected: 140
Progress: 9.4 tokens/sec, est. 1.4s audio generated, 155 tokens, 17 chunks in 16.5s
Audio generation rate: 1.00 chunks/second
Progress: 9.3 tokens/sec, est. 1.6s audio generated, 173 tokens, 19 chunks in 18.5s
Processing buffer with 28 tokens, total collected: 168
Progress: 9.3 tokens/sec, est. 1.8s audio generated, 191 tokens, 21 chunks in 20.6s
Token processing rate: 8.1 tokens/second
Audio generation rate: 1.02 chunks/second
Processing buffer with 28 tokens, total collected: 196
Progress: 9.2 tokens/sec, est. 2.2s audio generated, 209 tokens, 26 chunks in 22.6s
Audio generation rate: 1.07 chunks/second
Progress: 9.2 tokens/sec, est. 2.4s audio generated, 227 tokens, 28 chunks in 24.6s
Token processing rate: 8.2 tokens/second
Processing buffer with 28 tokens, total collected: 224
Progress: 9.2 tokens/sec, est. 2.6s audio generated, 245 tokens, 30 chunks in 26.7s
Audio generation rate: 1.07 chunks/second
Processing buffer with 28 tokens, total collected: 252
Progress: 9.1 tokens/sec, est. 2.8s audio generated, 263 tokens, 33 chunks in 28.8s
Progress: 9.1 tokens/sec, est. 3.0s audio generated, 281 tokens, 35 chunks in 30.9s
Token processing rate: 8.3 tokens/second
Audio generation rate: 1.10 chunks/second
Processing buffer with 28 tokens, total collected: 280
Progress: 9.1 tokens/sec, est. 3.1s audio generated, 299 tokens, 37 chunks in 33.0s
Progress: 9.0 tokens/sec, est. 3.4s audio generated, 317 tokens, 40 chunks in 35.1s
Processing buffer with 28 tokens, total collected: 308
Audio generation rate: 1.13 chunks/second
Progress: 9.0 tokens/sec, est. 3.6s audio generated, 334 tokens, 42 chunks in 37.1s
Token processing rate: 8.3 tokens/second
Progress: 9.0 tokens/sec, est. 3.7s audio generated, 351 tokens, 44 chunks in 39.2s
Processing buffer with 28 tokens, total collected: 336
Audio generation rate: 1.12 chunks/second
Progress: 8.9 tokens/sec, est. 3.9s audio generated, 368 tokens, 46 chunks in 41.2s
Processing buffer with 28 tokens, total collected: 364
Progress: 8.9 tokens/sec, est. 4.2s audio generated, 384 tokens, 49 chunks in 43.3s
Token processing rate: 8.3 tokens/second
Audio generation rate: 1.13 chunks/second
Progress: 8.8 tokens/sec, est. 4.3s audio generated, 398 tokens, 51 chunks in 45.4s
Processing buffer with 28 tokens, total collected: 392
Progress: 8.7 tokens/sec, est. 4.5s audio generated, 414 tokens, 53 chunks in 47.5s
Audio generation rate: 1.11 chunks/second
Progress: 8.7 tokens/sec, est. 4.8s audio generated, 431 tokens, 56 chunks in 49.6s
Token processing rate: 8.2 tokens/second
Processing buffer with 28 tokens, total collected: 420
Progress: 8.7 tokens/sec, est. 4.9s audio generated, 448 tokens, 58 chunks in 51.7s
Audio generation rate: 1.12 chunks/second
Token generation complete: 455 tokens in 53.18s (8.6 tokens/sec)
Processing buffer with 28 tokens, total collected: 448
Generated 61 audio segments
Generated 5.21 seconds of audio in 53.19 seconds
Realtime factor: 0.10x
Warning: Generation is slower than realtime
Total speech generation completed in 53.19 seconds
INFO:     127.0.0.1:65028 - "POST /v1/audio/speech HTTP/1.1" 200 OK
INFO:     127.0.0.1:58314 - "GET /health HTTP/1.1" 200 OK
Starting speech generation for 'I didn't understand your question. Could you pleas...'
Using voice: tara, GPU acceleration: Yes
Generating speech for: <|audio|>tara: I didn't understand your question. Could you please rephrase it or clarify what you need?<|eot_id|>
Generation limits: max_tokens=445, max_seconds=180
Progress: 10.5 tokens/sec, est. 0.0s audio generated, 22 tokens, 0 chunks in 2.1s
Processing buffer with 28 tokens, total collected: 28
Audio generation rate: 0.25 chunks/second
Progress: 10.0 tokens/sec, est. 0.1s audio generated, 41 tokens, 1 chunks in 4.1s
Token processing rate: 5.3 tokens/second
Progress: 9.7 tokens/sec, est. 0.3s audio generated, 60 tokens, 3 chunks in 6.2s
Audio generation rate: 0.54 chunks/second
Processing buffer with 28 tokens, total collected: 56
Progress: 9.6 tokens/sec, est. 0.4s audio generated, 79 tokens, 5 chunks in 8.2s
Token processing rate: 7.2 tokens/second
Processing buffer with 28 tokens, total collected: 84
Audio generation rate: 0.83 chunks/second
Progress: 9.5 tokens/sec, est. 0.9s audio generated, 98 tokens, 10 chunks in 10.3s
Progress: 9.4 tokens/sec, est. 1.0s audio generated, 117 tokens, 12 chunks in 12.4s
Processing buffer with 28 tokens, total collected: 112
Audio generation rate: 0.90 chunks/second
Progress: 9.4 tokens/sec, est. 1.2s audio generated, 136 tokens, 14 chunks in 14.5s
Token processing rate: 7.8 tokens/second
Processing buffer with 28 tokens, total collected: 140
Progress: 9.3 tokens/sec, est. 1.4s audio generated, 154 tokens, 17 chunks in 16.5s
Audio generation rate: 1.00 chunks/second
Progress: 9.3 tokens/sec, est. 1.6s audio generated, 172 tokens, 19 chunks in 18.5s
Processing buffer with 28 tokens, total collected: 168
Progress: 9.2 tokens/sec, est. 1.8s audio generated, 190 tokens, 21 chunks in 20.5s
Token processing rate: 8.1 tokens/second
Audio generation rate: 1.02 chunks/second
Progress: 9.2 tokens/sec, est. 2.0s audio generated, 208 tokens, 24 chunks in 22.6s
Processing buffer with 28 tokens, total collected: 196
Progress: 9.1 tokens/sec, est. 2.3s audio generated, 224 tokens, 27 chunks in 24.7s
Audio generation rate: 1.06 chunks/second
Progress: 8.9 tokens/sec, est. 2.4s audio generated, 239 tokens, 28 chunks in 26.8s
Token processing rate: 8.0 tokens/second
Processing buffer with 28 tokens, total collected: 224
Progress: 8.9 tokens/sec, est. 2.6s audio generated, 256 tokens, 30 chunks in 28.8s
Audio generation rate: 1.05 chunks/second
Processing buffer with 28 tokens, total collected: 252
Progress: 8.9 tokens/sec, est. 3.0s audio generated, 274 tokens, 35 chunks in 30.9s
Token processing rate: 8.1 tokens/second
Audio generation rate: 1.08 chunks/second
Processing buffer with 28 tokens, total collected: 280
Progress: 8.8 tokens/sec, est. 3.1s audio generated, 292 tokens, 37 chunks in 33.0s
Progress: 8.8 tokens/sec, est. 3.4s audio generated, 310 tokens, 40 chunks in 35.1s
Processing buffer with 28 tokens, total collected: 308
Audio generation rate: 1.11 chunks/second
Progress: 8.8 tokens/sec, est. 3.6s audio generated, 328 tokens, 42 chunks in 37.2s
Token processing rate: 8.2 tokens/second
Progress: 8.8 tokens/sec, est. 3.7s audio generated, 345 tokens, 44 chunks in 39.2s
Processing buffer with 28 tokens, total collected: 336
Audio generation rate: 1.10 chunks/second
Progress: 8.8 tokens/sec, est. 3.9s audio generated, 362 tokens, 46 chunks in 41.3s
Processing buffer with 28 tokens, total collected: 364
Progress: 8.8 tokens/sec, est. 4.2s audio generated, 379 tokens, 49 chunks in 43.3s
Token processing rate: 8.2 tokens/second
Audio generation rate: 1.12 chunks/second
Progress: 8.7 tokens/sec, est. 4.3s audio generated, 396 tokens, 51 chunks in 45.4s
Processing buffer with 28 tokens, total collected: 392
Progress: 8.7 tokens/sec, est. 4.5s audio generated, 413 tokens, 53 chunks in 47.4s
Audio generation rate: 1.11 chunks/second
Progress: 8.7 tokens/sec, est. 4.8s audio generated, 430 tokens, 56 chunks in 49.5s
Token processing rate: 8.2 tokens/second
Processing buffer with 28 tokens, total collected: 420
Token generation complete: 445 tokens in 51.88s (8.6 tokens/sec)
Audio generation rate: 1.14 chunks/second
Generated 60 audio segments
Generated 5.12 seconds of audio in 51.91 seconds
Realtime factor: 0.10x
Warning: Generation is slower than realtime
Total speech generation completed in 51.91 seconds
INFO:     127.0.0.1:58323 - "POST /v1/audio/speech HTTP/1.1" 200 OK
INFO:     127.0.0.1:62211 - "GET /health HTTP/1.1" 200 OK
Starting speech generation for 'Huh? That doesn’t seem clear. Could you provide mo...'
Using voice: tara, GPU acceleration: Yes
Generating speech for: <|audio|>tara: Huh? That doesn’t seem clear. Could you provide more details or clarify your request so I can assist you better?<|eot_id|>
Generation limits: max_tokens=560, max_seconds=180
Progress: 10.5 tokens/sec, est. 0.0s audio generated, 22 tokens, 0 chunks in 2.1s
Processing buffer with 28 tokens, total collected: 28
Audio generation rate: 0.24 chunks/second
Progress: 10.0 tokens/sec, est. 0.1s audio generated, 41 tokens, 1 chunks in 4.1s
Token processing rate: 5.2 tokens/second
Progress: 9.7 tokens/sec, est. 0.3s audio generated, 60 tokens, 3 chunks in 6.2s
Audio generation rate: 0.53 chunks/second
Processing buffer with 28 tokens, total collected: 56
Progress: 9.6 tokens/sec, est. 0.4s audio generated, 79 tokens, 5 chunks in 8.2s
Token processing rate: 7.1 tokens/second
Processing buffer with 28 tokens, total collected: 84
Audio generation rate: 0.82 chunks/second
Progress: 9.5 tokens/sec, est. 0.9s audio generated, 98 tokens, 10 chunks in 10.3s
Progress: 9.5 tokens/sec, est. 1.0s audio generated, 117 tokens, 12 chunks in 12.4s
Processing buffer with 28 tokens, total collected: 112
Audio generation rate: 0.90 chunks/second
Progress: 9.4 tokens/sec, est. 1.2s audio generated, 136 tokens, 14 chunks in 14.5s
Token processing rate: 7.7 tokens/second
Processing buffer with 28 tokens, total collected: 140
Progress: 9.4 tokens/sec, est. 1.4s audio generated, 155 tokens, 17 chunks in 16.6s
Audio generation rate: 1.00 chunks/second
Progress: 9.3 tokens/sec, est. 1.6s audio generated, 173 tokens, 19 chunks in 18.6s
Processing buffer with 28 tokens, total collected: 168
Progress: 9.3 tokens/sec, est. 1.8s audio generated, 191 tokens, 21 chunks in 20.6s
Token processing rate: 8.0 tokens/second
Audio generation rate: 1.01 chunks/second
Processing buffer with 28 tokens, total collected: 196
Progress: 9.2 tokens/sec, est. 2.2s audio generated, 209 tokens, 26 chunks in 22.7s
Audio generation rate: 1.07 chunks/second
Progress: 9.2 tokens/sec, est. 2.4s audio generated, 227 tokens, 28 chunks in 24.7s
Token processing rate: 8.2 tokens/second
Processing buffer with 28 tokens, total collected: 224
Progress: 9.1 tokens/sec, est. 2.6s audio generated, 245 tokens, 30 chunks in 26.8s
Audio generation rate: 1.07 chunks/second
Processing buffer with 28 tokens, total collected: 252
Progress: 9.1 tokens/sec, est. 2.8s audio generated, 263 tokens, 33 chunks in 28.9s
Progress: 9.1 tokens/sec, est. 3.0s audio generated, 281 tokens, 35 chunks in 31.0s
Token processing rate: 8.2 tokens/second
Audio generation rate: 1.10 chunks/second
Processing buffer with 28 tokens, total collected: 280
Progress: 9.0 tokens/sec, est. 3.1s audio generated, 299 tokens, 37 chunks in 33.1s
Progress: 9.0 tokens/sec, est. 3.4s audio generated, 317 tokens, 40 chunks in 35.2s
Processing buffer with 28 tokens, total collected: 308
Audio generation rate: 1.12 chunks/second
Progress: 9.0 tokens/sec, est. 3.6s audio generated, 334 tokens, 42 chunks in 37.2s
Token processing rate: 8.3 tokens/second
Progress: 9.0 tokens/sec, est. 3.7s audio generated, 351 tokens, 44 chunks in 39.2s
Processing buffer with 28 tokens, total collected: 336
Audio generation rate: 1.12 chunks/second
Progress: 8.9 tokens/sec, est. 3.9s audio generated, 368 tokens, 46 chunks in 41.2s
Processing buffer with 28 tokens, total collected: 364
Token processing rate: 8.3 tokens/second
Audio generation rate: 1.13 chunks/second
Progress: 8.9 tokens/sec, est. 4.3s audio generated, 385 tokens, 51 chunks in 43.3s
Processing buffer with 28 tokens, total collected: 392
Progress: 8.8 tokens/sec, est. 4.5s audio generated, 401 tokens, 53 chunks in 45.4s
Progress: 8.7 tokens/sec, est. 4.5s audio generated, 415 tokens, 53 chunks in 47.5s
Audio generation rate: 1.11 chunks/second
Progress: 8.7 tokens/sec, est. 4.8s audio generated, 431 tokens, 56 chunks in 49.5s
Token processing rate: 8.2 tokens/second
Processing buffer with 28 tokens, total collected: 420
Progress: 8.7 tokens/sec, est. 4.9s audio generated, 448 tokens, 58 chunks in 51.6s
Audio generation rate: 1.12 chunks/second
Processing buffer with 28 tokens, total collected: 448
Progress: 8.7 tokens/sec, est. 5.3s audio generated, 464 tokens, 62 chunks in 53.6s
Token processing rate: 8.2 tokens/second
Audio generation rate: 1.11 chunks/second
Processing buffer with 28 tokens, total collected: 476
Progress: 8.6 tokens/sec, est. 5.5s audio generated, 481 tokens, 65 chunks in 55.7s
Progress: 8.6 tokens/sec, est. 5.7s audio generated, 498 tokens, 67 chunks in 57.8s
Audio generation rate: 1.12 chunks/second
Processing buffer with 28 tokens, total collected: 504
Progress: 8.6 tokens/sec, est. 5.9s audio generated, 514 tokens, 69 chunks in 59.8s
Token processing rate: 8.2 tokens/second
Progress: 8.6 tokens/sec, est. 6.1s audio generated, 530 tokens, 72 chunks in 61.9s
Processing buffer with 28 tokens, total collected: 532
Audio generation rate: 1.13 chunks/second
Progress: 8.5 tokens/sec, est. 6.3s audio generated, 546 tokens, 74 chunks in 63.9s
Token generation complete: 560 tokens in 66.37s (8.4 tokens/sec)
Generated 76 audio segments
Generated 6.49 seconds of audio in 66.39 seconds
Realtime factor: 0.10x
Warning: Generation is slower than realtime
Total speech generation completed in 66.39 seconds
INFO:     127.0.0.1:62221 - "POST /v1/audio/speech HTTP/1.1" 200 OK
INFO:     127.0.0.1:63951 - "GET /health HTTP/1.1" 200 OK
Starting speech generation for 'Huh? I'm listening. What can I do for you?'
Using voice: tara, GPU acceleration: Yes
Generating speech for: <|audio|>tara: Huh? I'm listening. What can I do for you?<|eot_id|>
Generation limits: max_tokens=240, max_seconds=180
Progress: 10.5 tokens/sec, est. 0.0s audio generated, 22 tokens, 0 chunks in 2.1s
Processing buffer with 28 tokens, total collected: 28
Audio generation rate: 0.26 chunks/second
Progress: 10.1 tokens/sec, est. 0.1s audio generated, 42 tokens, 1 chunks in 4.2s
Token processing rate: 5.4 tokens/second
Progress: 9.8 tokens/sec, est. 0.3s audio generated, 61 tokens, 3 chunks in 6.2s
Audio generation rate: 0.55 chunks/second
Processing buffer with 28 tokens, total collected: 56
Progress: 9.7 tokens/sec, est. 0.4s audio generated, 80 tokens, 5 chunks in 8.2s
Token processing rate: 7.3 tokens/second
Processing buffer with 28 tokens, total collected: 84
Audio generation rate: 0.84 chunks/second
Progress: 9.6 tokens/sec, est. 0.9s audio generated, 99 tokens, 10 chunks in 10.3s
Progress: 9.5 tokens/sec, est. 1.0s audio generated, 118 tokens, 12 chunks in 12.4s
Processing buffer with 28 tokens, total collected: 112
Audio generation rate: 0.91 chunks/second
Progress: 9.5 tokens/sec, est. 1.2s audio generated, 137 tokens, 14 chunks in 14.4s
Token processing rate: 7.9 tokens/second
Processing buffer with 28 tokens, total collected: 140
Progress: 9.4 tokens/sec, est. 1.4s audio generated, 156 tokens, 17 chunks in 16.6s
Audio generation rate: 1.01 chunks/second
Progress: 9.4 tokens/sec, est. 1.6s audio generated, 175 tokens, 19 chunks in 18.7s
Processing buffer with 28 tokens, total collected: 168
Token processing rate: 8.2 tokens/second
Audio generation rate: 1.03 chunks/second
Progress: 9.3 tokens/sec, est. 2.0s audio generated, 193 tokens, 24 chunks in 20.7s
Processing buffer with 28 tokens, total collected: 196
Progress: 9.3 tokens/sec, est. 2.2s audio generated, 211 tokens, 26 chunks in 22.7s
Audio generation rate: 1.08 chunks/second
Progress: 9.2 tokens/sec, est. 2.4s audio generated, 229 tokens, 28 chunks in 24.8s
Token generation complete: 240 tokens in 26.54s (9.0 tokens/sec)
Token processing rate: 8.4 tokens/second
Processing buffer with 28 tokens, total collected: 224
Generated 30 audio segments
Generated 2.56 seconds of audio in 26.56 seconds
Realtime factor: 0.10x
Warning: Generation is slower than realtime
Total speech generation completed in 26.56 seconds
INFO:     127.0.0.1:63960 - "POST /v1/audio/speech HTTP/1.1" 200 OK
INFO:     127.0.0.1:49465 - "GET /health HTTP/1.1" 200 OK
Starting speech generation for 'Huh? I'm not quite sure what you mean. Could you c...'
Using voice: tara, GPU acceleration: Yes
Generating speech for: <|audio|>tara: Huh? I'm not quite sure what you mean. Could you clarify or provide more details?<|eot_id|>
Generation limits: max_tokens=405, max_seconds=180
Progress: 10.5 tokens/sec, est. 0.0s audio generated, 22 tokens, 0 chunks in 2.1s
Processing buffer with 28 tokens, total collected: 28
Audio generation rate: 0.26 chunks/second
Progress: 10.0 tokens/sec, est. 0.1s audio generated, 41 tokens, 1 chunks in 4.1s
Token processing rate: 5.4 tokens/second
Progress: 9.8 tokens/sec, est. 0.3s audio generated, 60 tokens, 3 chunks in 6.1s
Audio generation rate: 0.55 chunks/second
Processing buffer with 28 tokens, total collected: 56
Progress: 9.7 tokens/sec, est. 0.4s audio generated, 79 tokens, 5 chunks in 8.1s
Token processing rate: 7.3 tokens/second
Processing buffer with 28 tokens, total collected: 84
Audio generation rate: 0.84 chunks/second
Progress: 9.6 tokens/sec, est. 0.9s audio generated, 98 tokens, 10 chunks in 10.2s
Progress: 9.2 tokens/sec, est. 1.0s audio generated, 113 tokens, 12 chunks in 12.3s
Progress: 8.9 tokens/sec, est. 1.0s audio generated, 128 tokens, 12 chunks in 14.3s
Processing buffer with 28 tokens, total collected: 112
Audio generation rate: 0.86 chunks/second
Progress: 8.7 tokens/sec, est. 1.2s audio generated, 143 tokens, 14 chunks in 16.4s
Token processing rate: 7.3 tokens/second
Processing buffer with 28 tokens, total collected: 140
Audio generation rate: 0.94 chunks/second
Progress: 8.7 tokens/sec, est. 1.6s audio generated, 161 tokens, 19 chunks in 18.5s
Processing buffer with 28 tokens, total collected: 168
Progress: 8.7 tokens/sec, est. 1.8s audio generated, 179 tokens, 21 chunks in 20.5s
Token processing rate: 7.7 tokens/second
Audio generation rate: 0.97 chunks/second
Progress: 8.7 tokens/sec, est. 2.0s audio generated, 197 tokens, 24 chunks in 22.5s
Processing buffer with 28 tokens, total collected: 196
Progress: 8.7 tokens/sec, est. 2.2s audio generated, 215 tokens, 26 chunks in 24.6s
Audio generation rate: 1.02 chunks/second
Progress: 8.7 tokens/sec, est. 2.4s audio generated, 233 tokens, 28 chunks in 26.7s
Token processing rate: 7.9 tokens/second
Processing buffer with 28 tokens, total collected: 224
Progress: 8.7 tokens/sec, est. 2.6s audio generated, 251 tokens, 30 chunks in 28.7s
Audio generation rate: 1.03 chunks/second
Processing buffer with 28 tokens, total collected: 252
Progress: 8.7 tokens/sec, est. 2.8s audio generated, 269 tokens, 33 chunks in 30.8s
Progress: 8.7 tokens/sec, est. 3.0s audio generated, 287 tokens, 35 chunks in 32.9s
Token processing rate: 8.0 tokens/second
Audio generation rate: 1.07 chunks/second
Processing buffer with 28 tokens, total collected: 280
Progress: 8.7 tokens/sec, est. 3.2s audio generated, 304 tokens, 38 chunks in 34.9s
Processing buffer with 28 tokens, total collected: 308
Audio generation rate: 1.09 chunks/second
Progress: 8.7 tokens/sec, est. 3.6s audio generated, 322 tokens, 42 chunks in 37.0s
Token processing rate: 8.1 tokens/second
Progress: 8.7 tokens/sec, est. 3.7s audio generated, 339 tokens, 44 chunks in 39.0s
Processing buffer with 28 tokens, total collected: 336
Audio generation rate: 1.09 chunks/second
Progress: 8.7 tokens/sec, est. 3.9s audio generated, 356 tokens, 46 chunks in 41.1s
Processing buffer with 28 tokens, total collected: 364
Progress: 8.7 tokens/sec, est. 4.2s audio generated, 373 tokens, 49 chunks in 43.1s
Token processing rate: 8.1 tokens/second
Audio generation rate: 1.11 chunks/second
Progress: 8.6 tokens/sec, est. 4.3s audio generated, 390 tokens, 51 chunks in 45.1s
Processing buffer with 28 tokens, total collected: 392
Token generation complete: 405 tokens in 47.45s (8.5 tokens/sec)
Generated 54 audio segments
Generated 4.61 seconds of audio in 47.46 seconds
Realtime factor: 0.10x
Warning: Generation is slower than realtime
Total speech generation completed in 47.46 seconds
INFO:     127.0.0.1:63373 - "POST /v1/audio/speech HTTP/1.1" 200 OK
INFO:     127.0.0.1:58184 - "GET /health HTTP/1.1" 200 OK
Starting speech generation for '"Huh? That sounds like something's not right.'
Using voice: tara, GPU acceleration: Yes
Generating speech for: <|audio|>tara: "Huh? That sounds like something's not right.<|eot_id|>
Generation limits: max_tokens=240, max_seconds=180
Progress: 10.5 tokens/sec, est. 0.0s audio generated, 22 tokens, 0 chunks in 2.1s
Processing buffer with 28 tokens, total collected: 28
Audio generation rate: 0.26 chunks/second
Progress: 10.0 tokens/sec, est. 0.1s audio generated, 41 tokens, 1 chunks in 4.1s
Token processing rate: 5.4 tokens/second
Progress: 9.8 tokens/sec, est. 0.3s audio generated, 60 tokens, 3 chunks in 6.1s
Audio generation rate: 0.55 chunks/second
Processing buffer with 28 tokens, total collected: 56
Progress: 9.7 tokens/sec, est. 0.4s audio generated, 79 tokens, 5 chunks in 8.2s
Token processing rate: 7.3 tokens/second
Processing buffer with 28 tokens, total collected: 84
Audio generation rate: 0.84 chunks/second
Progress: 9.6 tokens/sec, est. 0.9s audio generated, 98 tokens, 10 chunks in 10.2s
Progress: 9.5 tokens/sec, est. 1.0s audio generated, 117 tokens, 12 chunks in 12.3s
Processing buffer with 28 tokens, total collected: 112
Audio generation rate: 0.91 chunks/second
Progress: 9.4 tokens/sec, est. 1.2s audio generated, 136 tokens, 14 chunks in 14.4s
Token processing rate: 7.9 tokens/second
Processing buffer with 28 tokens, total collected: 140
Progress: 9.4 tokens/sec, est. 1.4s audio generated, 155 tokens, 17 chunks in 16.5s
Audio generation rate: 1.01 chunks/second
Progress: 9.3 tokens/sec, est. 1.6s audio generated, 174 tokens, 19 chunks in 18.6s
Processing buffer with 28 tokens, total collected: 168
Progress: 9.3 tokens/sec, est. 1.8s audio generated, 192 tokens, 21 chunks in 20.7s
Token processing rate: 8.1 tokens/second
Audio generation rate: 1.03 chunks/second
Processing buffer with 28 tokens, total collected: 196
Progress: 9.3 tokens/sec, est. 2.2s audio generated, 210 tokens, 26 chunks in 22.7s
Audio generation rate: 1.08 chunks/second
Progress: 9.2 tokens/sec, est. 2.4s audio generated, 228 tokens, 28 chunks in 24.8s
Token generation complete: 240 tokens in 26.65s (9.0 tokens/sec)
Token processing rate: 8.3 tokens/second
Processing buffer with 28 tokens, total collected: 224
Generated 30 audio segments
Generated 2.56 seconds of audio in 26.68 seconds
Realtime factor: 0.10x
Warning: Generation is slower than realtime
Total speech generation completed in 26.68 seconds
INFO:     127.0.0.1:58194 - "POST /v1/audio/speech HTTP/1.1" 200 OK
Starting speech generation for 'Did you mean to ask for help with something specif...'
Using voice: tara, GPU acceleration: Yes
Generating speech for: <|audio|>tara: Did you mean to ask for help with something specific, like checking the weather or opening an app?"<|eot_id|>
Generation limits: max_tokens=495, max_seconds=180
Progress: 10.6 tokens/sec, est. 0.0s audio generated, 22 tokens, 0 chunks in 2.1s
Processing buffer with 28 tokens, total collected: 28
Audio generation rate: 0.23 chunks/second
Progress: 8.9 tokens/sec, est. 0.1s audio generated, 37 tokens, 1 chunks in 4.1s
Token processing rate: 4.7 tokens/second
Progress: 8.4 tokens/sec, est. 0.3s audio generated, 52 tokens, 3 chunks in 6.2s
Audio generation rate: 0.46 chunks/second
Processing buffer with 28 tokens, total collected: 56
Progress: 8.2 tokens/sec, est. 0.4s audio generated, 67 tokens, 5 chunks in 8.2s
Progress: 8.4 tokens/sec, est. 0.7s audio generated, 86 tokens, 8 chunks in 10.3s
Token processing rate: 6.4 tokens/second
Processing buffer with 28 tokens, total collected: 84
Audio generation rate: 0.74 chunks/second
Progress: 8.5 tokens/sec, est. 0.9s audio generated, 105 tokens, 10 chunks in 12.3s
Progress: 8.6 tokens/sec, est. 1.0s audio generated, 124 tokens, 12 chunks in 14.4s
Processing buffer with 28 tokens, total collected: 112
Audio generation rate: 0.83 chunks/second
Progress: 8.6 tokens/sec, est. 1.2s audio generated, 143 tokens, 14 chunks in 16.5s
Token processing rate: 7.2 tokens/second
Processing buffer with 28 tokens, total collected: 140
Audio generation rate: 0.94 chunks/second
Progress: 8.7 tokens/sec, est. 1.6s audio generated, 161 tokens, 19 chunks in 18.6s
Processing buffer with 28 tokens, total collected: 168
Progress: 8.7 tokens/sec, est. 1.8s audio generated, 179 tokens, 21 chunks in 20.6s
Token processing rate: 7.6 tokens/second
Audio generation rate: 0.96 chunks/second
Progress: 8.7 tokens/sec, est. 2.0s audio generated, 197 tokens, 24 chunks in 22.6s
Processing buffer with 28 tokens, total collected: 196
Progress: 8.7 tokens/sec, est. 2.2s audio generated, 215 tokens, 26 chunks in 24.7s
Audio generation rate: 1.02 chunks/second
Progress: 8.7 tokens/sec, est. 2.4s audio generated, 233 tokens, 28 chunks in 26.7s
Token processing rate: 7.8 tokens/second
Processing buffer with 28 tokens, total collected: 224
Progress: 8.7 tokens/sec, est. 2.6s audio generated, 251 tokens, 30 chunks in 28.8s
Audio generation rate: 1.03 chunks/second
Processing buffer with 28 tokens, total collected: 252
Progress: 8.7 tokens/sec, est. 2.8s audio generated, 269 tokens, 33 chunks in 30.9s
Progress: 8.7 tokens/sec, est. 3.0s audio generated, 287 tokens, 35 chunks in 33.0s
Token processing rate: 8.0 tokens/second
Audio generation rate: 1.06 chunks/second
Processing buffer with 28 tokens, total collected: 280
Progress: 8.7 tokens/sec, est. 3.3s audio generated, 304 tokens, 39 chunks in 35.0s
Processing buffer with 28 tokens, total collected: 308
Audio generation rate: 1.09 chunks/second
Progress: 8.7 tokens/sec, est. 3.6s audio generated, 322 tokens, 42 chunks in 37.1s
Token processing rate: 8.0 tokens/second
Progress: 8.7 tokens/sec, est. 3.7s audio generated, 339 tokens, 44 chunks in 39.2s
Processing buffer with 28 tokens, total collected: 336
Audio generation rate: 1.08 chunks/second
Progress: 8.6 tokens/sec, est. 3.9s audio generated, 356 tokens, 46 chunks in 41.2s
Processing buffer with 28 tokens, total collected: 364
Progress: 8.6 tokens/sec, est. 4.2s audio generated, 373 tokens, 49 chunks in 43.2s
Token processing rate: 8.1 tokens/second
Audio generation rate: 1.10 chunks/second
Progress: 8.6 tokens/sec, est. 4.3s audio generated, 390 tokens, 51 chunks in 45.3s
Processing buffer with 28 tokens, total collected: 392
Progress: 8.6 tokens/sec, est. 4.5s audio generated, 407 tokens, 53 chunks in 47.3s
Audio generation rate: 1.09 chunks/second
Progress: 8.6 tokens/sec, est. 4.8s audio generated, 423 tokens, 56 chunks in 49.4s
Token processing rate: 8.1 tokens/second
Processing buffer with 28 tokens, total collected: 420
Progress: 8.5 tokens/sec, est. 4.9s audio generated, 440 tokens, 58 chunks in 51.5s
Audio generation rate: 1.11 chunks/second
Progress: 8.5 tokens/sec, est. 5.1s audio generated, 457 tokens, 60 chunks in 53.6s
Processing buffer with 28 tokens, total collected: 448
Progress: 8.5 tokens/sec, est. 5.3s audio generated, 474 tokens, 62 chunks in 55.7s
Token processing rate: 8.1 tokens/second
Audio generation rate: 1.10 chunks/second
Processing buffer with 28 tokens, total collected: 476
Progress: 8.5 tokens/sec, est. 5.5s audio generated, 491 tokens, 65 chunks in 57.8s
Token generation complete: 495 tokens in 58.87s (8.4 tokens/sec)
Generated 67 audio segments
Generated 5.72 seconds of audio in 58.89 seconds
Realtime factor: 0.10x
Warning: Generation is slower than realtime
Total speech generation completed in 58.89 seconds
INFO:     127.0.0.1:58207 - "POST /v1/audio/speech HTTP/1.1" 200 OK
INFO:     127.0.0.1:49180 - "GET /health HTTP/1.1" 200 OK
Starting speech generation for 'I'm sorry, but your message wasn't clear enough fo...'
Using voice: tara, GPU acceleration: Yes
Generating speech for: <|audio|>tara: I'm sorry, but your message wasn't clear enough for me to understand what you're asking about.<|eot_id|>
Generation limits: max_tokens=470, max_seconds=180
Progress: 10.5 tokens/sec, est. 0.0s audio generated, 22 tokens, 0 chunks in 2.1s
Processing buffer with 28 tokens, total collected: 28
Audio generation rate: 0.25 chunks/second
Progress: 10.0 tokens/sec, est. 0.1s audio generated, 42 tokens, 1 chunks in 4.2s
Token processing rate: 5.4 tokens/second
Progress: 9.8 tokens/sec, est. 0.3s audio generated, 61 tokens, 3 chunks in 6.2s
Audio generation rate: 0.55 chunks/second
Processing buffer with 28 tokens, total collected: 56
Progress: 9.5 tokens/sec, est. 0.4s audio generated, 79 tokens, 5 chunks in 8.3s
Token processing rate: 7.1 tokens/second
Processing buffer with 28 tokens, total collected: 84
Audio generation rate: 0.81 chunks/second
Progress: 9.4 tokens/sec, est. 0.9s audio generated, 97 tokens, 10 chunks in 10.4s
Progress: 9.3 tokens/sec, est. 1.0s audio generated, 116 tokens, 12 chunks in 12.4s
Processing buffer with 28 tokens, total collected: 112
Audio generation rate: 0.89 chunks/second
Progress: 9.3 tokens/sec, est. 1.2s audio generated, 135 tokens, 14 chunks in 14.5s
Token processing rate: 7.7 tokens/second
Processing buffer with 28 tokens, total collected: 140
Progress: 9.3 tokens/sec, est. 1.4s audio generated, 154 tokens, 17 chunks in 16.6s
Audio generation rate: 0.99 chunks/second
Progress: 9.2 tokens/sec, est. 1.6s audio generated, 172 tokens, 19 chunks in 18.7s
Processing buffer with 28 tokens, total collected: 168
Progress: 9.2 tokens/sec, est. 1.8s audio generated, 190 tokens, 21 chunks in 20.7s
Token processing rate: 8.0 tokens/second
Audio generation rate: 1.01 chunks/second
Progress: 9.2 tokens/sec, est. 2.0s audio generated, 208 tokens, 24 chunks in 22.7s
Processing buffer with 28 tokens, total collected: 196
Audio generation rate: 1.07 chunks/second
Progress: 9.1 tokens/sec, est. 2.4s audio generated, 226 tokens, 28 chunks in 24.8s
Token processing rate: 8.2 tokens/second
Processing buffer with 28 tokens, total collected: 224
Progress: 9.1 tokens/sec, est. 2.6s audio generated, 244 tokens, 30 chunks in 26.8s
Audio generation rate: 1.07 chunks/second
Processing buffer with 28 tokens, total collected: 252
Progress: 9.1 tokens/sec, est. 2.8s audio generated, 262 tokens, 33 chunks in 28.9s
Progress: 9.0 tokens/sec, est. 3.0s audio generated, 280 tokens, 35 chunks in 31.0s
Token processing rate: 8.2 tokens/second
Audio generation rate: 1.10 chunks/second
Processing buffer with 28 tokens, total collected: 280
Progress: 9.0 tokens/sec, est. 3.1s audio generated, 298 tokens, 37 chunks in 33.1s
Progress: 9.0 tokens/sec, est. 3.4s audio generated, 315 tokens, 40 chunks in 35.1s
Processing buffer with 28 tokens, total collected: 308
Audio generation rate: 1.12 chunks/second
Progress: 8.9 tokens/sec, est. 3.6s audio generated, 332 tokens, 42 chunks in 37.1s
Token processing rate: 8.3 tokens/second
Progress: 8.9 tokens/sec, est. 3.7s audio generated, 349 tokens, 44 chunks in 39.1s
Processing buffer with 28 tokens, total collected: 336
Audio generation rate: 1.12 chunks/second
Progress: 8.9 tokens/sec, est. 3.9s audio generated, 366 tokens, 46 chunks in 41.2s
Processing buffer with 28 tokens, total collected: 364
Progress: 8.9 tokens/sec, est. 4.2s audio generated, 383 tokens, 49 chunks in 43.2s
Token processing rate: 8.3 tokens/second
Audio generation rate: 1.13 chunks/second
Progress: 8.8 tokens/sec, est. 4.3s audio generated, 400 tokens, 51 chunks in 45.3s
Processing buffer with 28 tokens, total collected: 392
Audio generation rate: 1.12 chunks/second
Progress: 8.8 tokens/sec, est. 4.8s audio generated, 417 tokens, 56 chunks in 47.3s
Token processing rate: 8.3 tokens/second
Processing buffer with 28 tokens, total collected: 420
Progress: 8.8 tokens/sec, est. 4.9s audio generated, 434 tokens, 58 chunks in 49.4s
Audio generation rate: 1.14 chunks/second
Progress: 8.8 tokens/sec, est. 5.1s audio generated, 451 tokens, 60 chunks in 51.5s
Processing buffer with 28 tokens, total collected: 448
Progress: 8.7 tokens/sec, est. 5.3s audio generated, 468 tokens, 62 chunks in 53.6s
Token generation complete: 470 tokens in 54.40s (8.6 tokens/sec)
Generated 63 audio segments
Generated 5.38 seconds of audio in 54.41 seconds
Realtime factor: 0.10x
Warning: Generation is slower than realtime
Total speech generation completed in 54.41 seconds
INFO:     127.0.0.1:49190 - "POST /v1/audio/speech HTTP/1.1" 200 OK
Starting speech generation for 'Please provide a clearer question or request.'
Using voice: tara, GPU acceleration: Yes
Generating speech for: <|audio|>tara: Please provide a clearer question or request.<|eot_id|>
Generation limits: max_tokens=240, max_seconds=180
Progress: 10.5 tokens/sec, est. 0.0s audio generated, 22 tokens, 0 chunks in 2.1s
Processing buffer with 28 tokens, total collected: 28
Audio generation rate: 0.24 chunks/second
Progress: 9.0 tokens/sec, est. 0.1s audio generated, 37 tokens, 1 chunks in 4.1s
Token processing rate: 4.8 tokens/second
Progress: 8.6 tokens/sec, est. 0.3s audio generated, 53 tokens, 3 chunks in 6.2s
Audio generation rate: 0.50 chunks/second
Processing buffer with 28 tokens, total collected: 56
Progress: 8.8 tokens/sec, est. 0.4s audio generated, 72 tokens, 5 chunks in 8.2s
Progress: 8.9 tokens/sec, est. 0.7s audio generated, 91 tokens, 8 chunks in 10.3s
Token processing rate: 6.8 tokens/second
Processing buffer with 28 tokens, total collected: 84
Audio generation rate: 0.78 chunks/second
Progress: 8.9 tokens/sec, est. 0.9s audio generated, 110 tokens, 10 chunks in 12.3s
Processing buffer with 28 tokens, total collected: 112
Audio generation rate: 0.87 chunks/second
Progress: 9.0 tokens/sec, est. 1.2s audio generated, 129 tokens, 14 chunks in 14.4s
Token processing rate: 7.5 tokens/second
Processing buffer with 28 tokens, total collected: 140
Progress: 9.0 tokens/sec, est. 1.4s audio generated, 148 tokens, 17 chunks in 16.5s
Audio generation rate: 0.97 chunks/second
Progress: 9.0 tokens/sec, est. 1.6s audio generated, 167 tokens, 19 chunks in 18.6s
Processing buffer with 28 tokens, total collected: 168
Progress: 9.0 tokens/sec, est. 1.8s audio generated, 185 tokens, 21 chunks in 20.6s
Token processing rate: 7.9 tokens/second
Audio generation rate: 1.00 chunks/second
Progress: 9.0 tokens/sec, est. 2.0s audio generated, 203 tokens, 24 chunks in 22.6s
Processing buffer with 28 tokens, total collected: 196
Progress: 9.0 tokens/sec, est. 2.2s audio generated, 221 tokens, 26 chunks in 24.6s
Audio generation rate: 1.05 chunks/second
Token generation complete: 240 tokens in 27.29s (8.8 tokens/sec)
Token processing rate: 8.1 tokens/second
Processing buffer with 28 tokens, total collected: 224
Generated 30 audio segments
Generated 2.56 seconds of audio in 27.32 seconds
Realtime factor: 0.09x
Warning: Generation is slower than realtime
Total speech generation completed in 27.32 seconds
INFO:     127.0.0.1:62281 - "POST /v1/audio/speech HTTP/1.1" 200 OK
INFO:     127.0.0.1:65424 - "GET /health HTTP/1.1" 200 OK
INFO:     127.0.0.1:65425 - "GET /health HTTP/1.1" 200 OK
INFO:     127.0.0.1:65429 - "GET /health HTTP/1.1" 200 OK
INFO:     127.0.0.1:53618 - "GET /health HTTP/1.1" 200 OK
INFO:     127.0.0.1:53619 - "GET /health HTTP/1.1" 200 OK
INFO:     127.0.0.1:53622 - "GET /health HTTP/1.1" 200 OK
INFO:     127.0.0.1:56052 - "GET /health HTTP/1.1" 200 OK
Starting speech generation for 'Understood, sir. I’ve added `F:\quantule_mapper` t...'
Using voice: tara, GPU acceleration: Yes
Generating speech for: <|audio|>tara: Understood, sir. I’ve added `F:\quantule_mapper` to the project registry. I’m now compiling three Markdown reports:<|eot_id|>
Generation limits: max_tokens=575, max_seconds=180
Progress: 9.5 tokens/sec, est. 0.0s audio generated, 20 tokens, 0 chunks in 2.1s
Processing buffer with 28 tokens, total collected: 28
Audio generation rate: 0.22 chunks/second
Progress: 9.0 tokens/sec, est. 0.1s audio generated, 38 tokens, 1 chunks in 4.2s
Token processing rate: 4.7 tokens/second
Progress: 8.8 tokens/sec, est. 0.3s audio generated, 55 tokens, 3 chunks in 6.3s
Audio generation rate: 0.48 chunks/second
Processing buffer with 28 tokens, total collected: 56
Progress: 8.7 tokens/sec, est. 0.4s audio generated, 72 tokens, 5 chunks in 8.3s
Progress: 8.6 tokens/sec, est. 0.7s audio generated, 89 tokens, 8 chunks in 10.4s
Token processing rate: 6.4 tokens/second
Processing buffer with 28 tokens, total collected: 84
Audio generation rate: 0.74 chunks/second
Progress: 8.5 tokens/sec, est. 0.9s audio generated, 106 tokens, 10 chunks in 12.4s
Progress: 8.5 tokens/sec, est. 1.0s audio generated, 123 tokens, 12 chunks in 14.5s
Processing buffer with 28 tokens, total collected: 112
Audio generation rate: 0.81 chunks/second
Progress: 8.4 tokens/sec, est. 1.2s audio generated, 140 tokens, 14 chunks in 16.6s
Token processing rate: 7.0 tokens/second
Processing buffer with 28 tokens, total collected: 140
Progress: 8.4 tokens/sec, est. 1.4s audio generated, 156 tokens, 17 chunks in 18.6s
Audio generation rate: 0.89 chunks/second
Progress: 8.3 tokens/sec, est. 1.6s audio generated, 172 tokens, 19 chunks in 20.7s
Processing buffer with 28 tokens, total collected: 168
Progress: 8.3 tokens/sec, est. 1.8s audio generated, 188 tokens, 21 chunks in 22.7s
Token processing rate: 7.2 tokens/second
Audio generation rate: 0.91 chunks/second
Progress: 8.3 tokens/sec, est. 2.0s audio generated, 204 tokens, 24 chunks in 24.7s
Processing buffer with 28 tokens, total collected: 196
Progress: 8.2 tokens/sec, est. 2.2s audio generated, 220 tokens, 26 chunks in 26.7s
Audio generation rate: 0.96 chunks/second
Progress: 8.2 tokens/sec, est. 2.4s audio generated, 236 tokens, 28 chunks in 28.8s
Token processing rate: 7.3 tokens/second
Processing buffer with 28 tokens, total collected: 224
Progress: 8.2 tokens/sec, est. 2.6s audio generated, 252 tokens, 30 chunks in 30.9s
Audio generation rate: 0.96 chunks/second
Processing buffer with 28 tokens, total collected: 252
Progress: 8.1 tokens/sec, est. 2.8s audio generated, 268 tokens, 33 chunks in 32.9s
Progress: 8.1 tokens/sec, est. 3.0s audio generated, 284 tokens, 35 chunks in 34.9s
Token processing rate: 7.4 tokens/second
Audio generation rate: 0.99 chunks/second
Processing buffer with 28 tokens, total collected: 280
Progress: 8.1 tokens/sec, est. 3.1s audio generated, 300 tokens, 37 chunks in 36.9s
Progress: 8.1 tokens/sec, est. 3.4s audio generated, 316 tokens, 40 chunks in 39.0s
Processing buffer with 28 tokens, total collected: 308
Audio generation rate: 1.01 chunks/second
Progress: 8.1 tokens/sec, est. 3.6s audio generated, 332 tokens, 42 chunks in 41.1s
Token processing rate: 7.5 tokens/second
Progress: 8.0 tokens/sec, est. 3.7s audio generated, 348 tokens, 44 chunks in 43.2s
Processing buffer with 28 tokens, total collected: 336
Audio generation rate: 1.01 chunks/second
Progress: 8.0 tokens/sec, est. 3.9s audio generated, 363 tokens, 46 chunks in 45.3s
Processing buffer with 28 tokens, total collected: 364
Progress: 8.0 tokens/sec, est. 4.2s audio generated, 379 tokens, 49 chunks in 47.4s
Token processing rate: 7.5 tokens/second
Audio generation rate: 1.02 chunks/second
Progress: 8.0 tokens/sec, est. 4.3s audio generated, 394 tokens, 51 chunks in 49.4s
Processing buffer with 28 tokens, total collected: 392
Progress: 7.9 tokens/sec, est. 4.5s audio generated, 409 tokens, 53 chunks in 51.5s
Audio generation rate: 1.01 chunks/second
Progress: 7.9 tokens/sec, est. 4.8s audio generated, 425 tokens, 56 chunks in 53.6s
Token processing rate: 7.5 tokens/second
Processing buffer with 28 tokens, total collected: 420
Progress: 7.9 tokens/sec, est. 4.9s audio generated, 440 tokens, 58 chunks in 55.7s
Audio generation rate: 1.02 chunks/second
Progress: 7.9 tokens/sec, est. 5.1s audio generated, 455 tokens, 60 chunks in 57.7s
Processing buffer with 28 tokens, total collected: 448
Progress: 7.9 tokens/sec, est. 5.3s audio generated, 470 tokens, 62 chunks in 59.7s
Token processing rate: 7.4 tokens/second
Audio generation rate: 1.02 chunks/second
Processing buffer with 28 tokens, total collected: 476
Progress: 7.9 tokens/sec, est. 5.5s audio generated, 485 tokens, 65 chunks in 61.7s
Progress: 7.8 tokens/sec, est. 5.7s audio generated, 500 tokens, 67 chunks in 63.7s
Audio generation rate: 1.02 chunks/second
Processing buffer with 28 tokens, total collected: 504
Progress: 7.8 tokens/sec, est. 5.9s audio generated, 515 tokens, 69 chunks in 65.8s
Token processing rate: 7.4 tokens/second
Progress: 7.8 tokens/sec, est. 5.9s audio generated, 530 tokens, 69 chunks in 67.9s
Progress: 7.8 tokens/sec, est. 5.9s audio generated, 544 tokens, 69 chunks in 69.9s
Processing buffer with 28 tokens, total collected: 532
Progress: 7.8 tokens/sec, est. 5.9s audio generated, 558 tokens, 69 chunks in 72.0s
Audio generation rate: 0.96 chunks/second
Progress: 7.7 tokens/sec, est. 6.0s audio generated, 573 tokens, 71 chunks in 74.1s
Token generation complete: 575 tokens in 75.09s (7.7 tokens/sec)
Token processing rate: 7.3 tokens/second
Processing buffer with 28 tokens, total collected: 560
Generated 73 audio segments
Generated 6.23 seconds of audio in 75.12 seconds
Realtime factor: 0.08x
Warning: Generation is slower than realtime
Total speech generation completed in 75.12 seconds
INFO:     127.0.0.1:56062 - "POST /v1/audio/speech HTTP/1.1" 200 OK
Starting speech generation for '1) **Stack** – the technical stack and dependencie...'
Using voice: tara, GPU acceleration: Yes
Generating speech for: <|audio|>tara: 1) **Stack** – the technical stack and dependencies 2) **Progress** – current development status and milestones 3)<|eot_id|>
Generation limits: max_tokens=570, max_seconds=180
Progress: 9.4 tokens/sec, est. 0.0s audio generated, 20 tokens, 0 chunks in 2.1s
Processing buffer with 28 tokens, total collected: 28
Audio generation rate: 0.20 chunks/second
Progress: 8.0 tokens/sec, est. 0.1s audio generated, 34 tokens, 1 chunks in 4.2s
Progress: 7.6 tokens/sec, est. 0.1s audio generated, 48 tokens, 1 chunks in 6.3s
Token processing rate: 4.1 tokens/second
Progress: 7.4 tokens/sec, est. 0.3s audio generated, 62 tokens, 3 chunks in 8.4s
Audio generation rate: 0.41 chunks/second
Processing buffer with 28 tokens, total collected: 56
Progress: 7.2 tokens/sec, est. 0.4s audio generated, 76 tokens, 5 chunks in 10.5s
Progress: 7.3 tokens/sec, est. 0.7s audio generated, 92 tokens, 8 chunks in 12.6s
Token processing rate: 5.5 tokens/second
Processing buffer with 28 tokens, total collected: 84
Audio generation rate: 0.64 chunks/second
Progress: 7.4 tokens/sec, est. 0.9s audio generated, 109 tokens, 10 chunks in 14.7s
Progress: 7.5 tokens/sec, est. 1.0s audio generated, 126 tokens, 12 chunks in 16.8s
Processing buffer with 28 tokens, total collected: 112
Audio generation rate: 0.72 chunks/second
Progress: 7.6 tokens/sec, est. 1.2s audio generated, 143 tokens, 14 chunks in 18.9s
Token processing rate: 6.3 tokens/second
Processing buffer with 28 tokens, total collected: 140
Progress: 7.6 tokens/sec, est. 1.4s audio generated, 160 tokens, 17 chunks in 21.0s
Audio generation rate: 0.82 chunks/second
Progress: 7.7 tokens/sec, est. 1.6s audio generated, 176 tokens, 19 chunks in 23.0s
Processing buffer with 28 tokens, total collected: 168
Token processing rate: 6.7 tokens/second
Progress: 7.7 tokens/sec, est. 1.9s audio generated, 192 tokens, 22 chunks in 25.0s
Audio generation rate: 0.85 chunks/second
Processing buffer with 28 tokens, total collected: 196
Progress: 7.7 tokens/sec, est. 2.2s audio generated, 209 tokens, 26 chunks in 27.1s
Audio generation rate: 0.90 chunks/second
Progress: 7.7 tokens/sec, est. 2.4s audio generated, 225 tokens, 28 chunks in 29.1s
Token processing rate: 6.9 tokens/second
Processing buffer with 28 tokens, total collected: 224
Progress: 7.7 tokens/sec, est. 2.6s audio generated, 241 tokens, 30 chunks in 31.1s
Audio generation rate: 0.91 chunks/second
Processing buffer with 28 tokens, total collected: 252
Progress: 7.8 tokens/sec, est. 2.8s audio generated, 257 tokens, 33 chunks in 33.1s
Progress: 7.8 tokens/sec, est. 3.0s audio generated, 273 tokens, 35 chunks in 35.2s
Token processing rate: 7.1 tokens/second
Audio generation rate: 0.94 chunks/second
Processing buffer with 28 tokens, total collected: 280
Progress: 7.7 tokens/sec, est. 3.1s audio generated, 289 tokens, 37 chunks in 37.3s
Progress: 7.7 tokens/sec, est. 3.2s audio generated, 304 tokens, 38 chunks in 39.3s
Progress: 7.7 tokens/sec, est. 3.4s audio generated, 320 tokens, 40 chunks in 41.4s
Processing buffer with 28 tokens, total collected: 308
Audio generation rate: 0.97 chunks/second
Progress: 7.7 tokens/sec, est. 3.6s audio generated, 336 tokens, 42 chunks in 43.5s
Token processing rate: 7.1 tokens/second
Progress: 7.7 tokens/sec, est. 3.7s audio generated, 351 tokens, 44 chunks in 45.6s
Processing buffer with 28 tokens, total collected: 336
Audio generation rate: 0.96 chunks/second
Progress: 7.7 tokens/sec, est. 3.9s audio generated, 366 tokens, 46 chunks in 47.6s
Processing buffer with 28 tokens, total collected: 364
Progress: 7.7 tokens/sec, est. 4.2s audio generated, 381 tokens, 49 chunks in 49.6s
Token processing rate: 7.2 tokens/second
Audio generation rate: 0.98 chunks/second
Progress: 7.7 tokens/sec, est. 4.3s audio generated, 396 tokens, 51 chunks in 51.6s
Processing buffer with 28 tokens, total collected: 392
Progress: 7.6 tokens/sec, est. 4.5s audio generated, 409 tokens, 53 chunks in 53.8s
Audio generation rate: 0.96 chunks/second
Token processing rate: 7.1 tokens/second
Progress: 7.6 tokens/sec, est. 4.8s audio generated, 422 tokens, 56 chunks in 55.8s
Processing buffer with 28 tokens, total collected: 420
Progress: 7.6 tokens/sec, est. 4.9s audio generated, 437 tokens, 58 chunks in 57.9s
Audio generation rate: 0.98 chunks/second
Progress: 7.5 tokens/sec, est. 5.1s audio generated, 452 tokens, 60 chunks in 59.9s
Token processing rate: 7.1 tokens/second
Processing buffer with 28 tokens, total collected: 448
Progress: 7.5 tokens/sec, est. 5.3s audio generated, 467 tokens, 62 chunks in 62.0s
Audio generation rate: 0.97 chunks/second
Processing buffer with 28 tokens, total collected: 476
Progress: 7.5 tokens/sec, est. 5.5s audio generated, 482 tokens, 65 chunks in 64.1s
Progress: 7.5 tokens/sec, est. 5.7s audio generated, 497 tokens, 67 chunks in 66.2s
Progress: 7.5 tokens/sec, est. 5.7s audio generated, 512 tokens, 67 chunks in 68.3s
Token processing rate: 7.1 tokens/second
Audio generation rate: 0.98 chunks/second
Processing buffer with 28 tokens, total collected: 504
Progress: 7.5 tokens/sec, est. 5.9s audio generated, 527 tokens, 69 chunks in 70.4s
Progress: 7.5 tokens/sec, est. 6.1s audio generated, 542 tokens, 72 chunks in 72.6s
Processing buffer with 28 tokens, total collected: 532
Audio generation rate: 0.99 chunks/second
Progress: 7.5 tokens/sec, est. 6.3s audio generated, 556 tokens, 74 chunks in 74.6s
Token processing rate: 7.1 tokens/second
Token generation complete: 570 tokens in 77.29s (7.4 tokens/sec)
Processing buffer with 28 tokens, total collected: 560
Audio generation rate: 1.00 chunks/second
Generated 77 audio segments
Generated 6.57 seconds of audio in 77.30 seconds
Realtime factor: 0.08x
Warning: Generation is slower than realtime
Total speech generation completed in 77.30 seconds
INFO:     127.0.0.1:63830 - "POST /v1/audio/speech HTTP/1.1" 200 OK
Starting speech generation for '**Theory** – core conceptual framework and design ...'
Using voice: tara, GPU acceleration: Yes
Generating speech for: <|audio|>tara: **Theory** – core conceptual framework and design principles All files are being saved to your Obsidian vault for<|eot_id|>
Generation limits: max_tokens=565, max_seconds=180
Progress: 9.5 tokens/sec, est. 0.0s audio generated, 19 tokens, 0 chunks in 2.0s
Processing buffer with 28 tokens, total collected: 28
Audio generation rate: 0.22 chunks/second
Progress: 9.0 tokens/sec, est. 0.1s audio generated, 36 tokens, 1 chunks in 4.0s
Token processing rate: 4.7 tokens/second
Progress: 8.8 tokens/sec, est. 0.3s audio generated, 53 tokens, 3 chunks in 6.0s
Audio generation rate: 0.48 chunks/second
Processing buffer with 28 tokens, total collected: 56
Progress: 8.7 tokens/sec, est. 0.4s audio generated, 70 tokens, 5 chunks in 8.1s
Progress: 8.6 tokens/sec, est. 0.7s audio generated, 87 tokens, 8 chunks in 10.1s
Token processing rate: 6.4 tokens/second
Processing buffer with 28 tokens, total collected: 84
Audio generation rate: 0.74 chunks/second
Progress: 8.6 tokens/sec, est. 0.9s audio generated, 104 tokens, 10 chunks in 12.1s
Progress: 8.5 tokens/sec, est. 1.0s audio generated, 121 tokens, 12 chunks in 14.2s
Processing buffer with 28 tokens, total collected: 112
Audio generation rate: 0.81 chunks/second
Progress: 8.5 tokens/sec, est. 1.2s audio generated, 138 tokens, 14 chunks in 16.3s
Token processing rate: 7.0 tokens/second
Processing buffer with 28 tokens, total collected: 140
Progress: 8.4 tokens/sec, est. 1.4s audio generated, 155 tokens, 17 chunks in 18.4s
Audio generation rate: 0.90 chunks/second
Progress: 8.4 tokens/sec, est. 1.6s audio generated, 172 tokens, 19 chunks in 20.5s
Processing buffer with 28 tokens, total collected: 168
Progress: 8.3 tokens/sec, est. 1.8s audio generated, 187 tokens, 21 chunks in 22.6s
Token processing rate: 7.2 tokens/second
Audio generation rate: 0.91 chunks/second
Progress: 8.3 tokens/sec, est. 2.0s audio generated, 204 tokens, 24 chunks in 24.7s
Processing buffer with 28 tokens, total collected: 196
Progress: 8.2 tokens/sec, est. 2.2s audio generated, 220 tokens, 26 chunks in 26.7s
Audio generation rate: 0.96 chunks/second
Progress: 8.2 tokens/sec, est. 2.4s audio generated, 236 tokens, 28 chunks in 28.7s
Token processing rate: 7.4 tokens/second
Processing buffer with 28 tokens, total collected: 224
Progress: 8.2 tokens/sec, est. 2.6s audio generated, 252 tokens, 30 chunks in 30.8s
Audio generation rate: 0.96 chunks/second
Processing buffer with 28 tokens, total collected: 252
Progress: 8.2 tokens/sec, est. 2.8s audio generated, 268 tokens, 33 chunks in 32.8s
Progress: 8.2 tokens/sec, est. 3.0s audio generated, 284 tokens, 35 chunks in 34.8s
Token processing rate: 7.4 tokens/second
Audio generation rate: 0.99 chunks/second
Processing buffer with 28 tokens, total collected: 280
Progress: 8.1 tokens/sec, est. 3.1s audio generated, 300 tokens, 37 chunks in 36.9s
Progress: 8.1 tokens/sec, est. 3.4s audio generated, 316 tokens, 40 chunks in 39.0s
Processing buffer with 28 tokens, total collected: 308
Audio generation rate: 1.01 chunks/second
Progress: 8.1 tokens/sec, est. 3.6s audio generated, 332 tokens, 42 chunks in 41.2s
Token processing rate: 7.5 tokens/second
Progress: 8.0 tokens/sec, est. 3.7s audio generated, 347 tokens, 44 chunks in 43.2s
Processing buffer with 28 tokens, total collected: 336
Audio generation rate: 1.01 chunks/second
Progress: 8.0 tokens/sec, est. 3.9s audio generated, 362 tokens, 46 chunks in 45.2s
Processing buffer with 28 tokens, total collected: 364
Progress: 8.0 tokens/sec, est. 4.2s audio generated, 377 tokens, 49 chunks in 47.2s
Token processing rate: 7.5 tokens/second
Audio generation rate: 1.02 chunks/second
Progress: 8.0 tokens/sec, est. 4.3s audio generated, 392 tokens, 51 chunks in 49.2s
Processing buffer with 28 tokens, total collected: 392
Progress: 7.9 tokens/sec, est. 4.5s audio generated, 407 tokens, 53 chunks in 51.2s
Audio generation rate: 1.01 chunks/second
Progress: 7.9 tokens/sec, est. 4.8s audio generated, 422 tokens, 56 chunks in 53.3s
Token processing rate: 7.4 tokens/second
Processing buffer with 28 tokens, total collected: 420
Progress: 7.9 tokens/sec, est. 4.9s audio generated, 437 tokens, 58 chunks in 55.3s
Audio generation rate: 1.02 chunks/second
Progress: 7.9 tokens/sec, est. 5.1s audio generated, 452 tokens, 60 chunks in 57.4s
Processing buffer with 28 tokens, total collected: 448
Progress: 7.9 tokens/sec, est. 5.3s audio generated, 467 tokens, 62 chunks in 59.5s
Token processing rate: 7.4 tokens/second
Audio generation rate: 1.01 chunks/second
Processing buffer with 28 tokens, total collected: 476
Progress: 7.8 tokens/sec, est. 5.5s audio generated, 482 tokens, 65 chunks in 61.5s
Progress: 7.8 tokens/sec, est. 5.7s audio generated, 497 tokens, 67 chunks in 63.6s
Progress: 7.8 tokens/sec, est. 5.7s audio generated, 512 tokens, 67 chunks in 65.7s
Audio generation rate: 1.02 chunks/second
Processing buffer with 28 tokens, total collected: 504
Progress: 7.8 tokens/sec, est. 5.9s audio generated, 526 tokens, 69 chunks in 67.8s
Token processing rate: 7.4 tokens/second
Progress: 7.7 tokens/sec, est. 6.1s audio generated, 540 tokens, 72 chunks in 69.9s
Processing buffer with 28 tokens, total collected: 532
Audio generation rate: 1.02 chunks/second
Progress: 7.7 tokens/sec, est. 6.3s audio generated, 555 tokens, 74 chunks in 72.1s
Token generation complete: 565 tokens in 74.17s (7.6 tokens/sec)
Token processing rate: 7.5 tokens/second
Processing buffer with 28 tokens, total collected: 560
Generated 77 audio segments
Generated 6.57 seconds of audio in 74.19 seconds
Realtime factor: 0.09x
Warning: Generation is slower than realtime
Total speech generation completed in 74.19 seconds
INFO:     127.0.0.1:59286 - "POST /v1/audio/speech HTTP/1.1" 200 OK
Starting speech generation for 'review. Processing complete. Let me know if you’d ...'
Using voice: tara, GPU acceleration: Yes
Generating speech for: <|audio|>tara: review. Processing complete. Let me know if you’d like to review or refine any section.<|eot_id|>
Generation limits: max_tokens=435, max_seconds=180
Progress: 9.5 tokens/sec, est. 0.0s audio generated, 20 tokens, 0 chunks in 2.1s
Processing buffer with 28 tokens, total collected: 28
Audio generation rate: 0.22 chunks/second
Progress: 9.0 tokens/sec, est. 0.1s audio generated, 37 tokens, 1 chunks in 4.1s
Token processing rate: 4.7 tokens/second
Progress: 8.8 tokens/sec, est. 0.3s audio generated, 55 tokens, 3 chunks in 6.2s
Audio generation rate: 0.49 chunks/second
Processing buffer with 28 tokens, total collected: 56
Progress: 8.7 tokens/sec, est. 0.4s audio generated, 72 tokens, 5 chunks in 8.3s
Progress: 8.7 tokens/sec, est. 0.7s audio generated, 89 tokens, 8 chunks in 10.3s
Token processing rate: 6.5 tokens/second
Processing buffer with 28 tokens, total collected: 84
Audio generation rate: 0.75 chunks/second
Progress: 8.6 tokens/sec, est. 0.9s audio generated, 106 tokens, 10 chunks in 12.3s
Progress: 8.5 tokens/sec, est. 1.0s audio generated, 123 tokens, 12 chunks in 14.4s
Processing buffer with 28 tokens, total collected: 112
Audio generation rate: 0.81 chunks/second
Progress: 8.5 tokens/sec, est. 1.2s audio generated, 140 tokens, 14 chunks in 16.5s
Token processing rate: 7.0 tokens/second
Processing buffer with 28 tokens, total collected: 140
Progress: 8.4 tokens/sec, est. 1.4s audio generated, 157 tokens, 17 chunks in 18.6s
Audio generation rate: 0.90 chunks/second
Progress: 8.4 tokens/sec, est. 1.6s audio generated, 173 tokens, 19 chunks in 20.6s
Processing buffer with 28 tokens, total collected: 168
Progress: 8.3 tokens/sec, est. 1.8s audio generated, 189 tokens, 21 chunks in 22.6s
Token processing rate: 7.3 tokens/second
Audio generation rate: 0.92 chunks/second
Progress: 8.3 tokens/sec, est. 2.0s audio generated, 205 tokens, 24 chunks in 24.7s
Processing buffer with 28 tokens, total collected: 196
Progress: 8.3 tokens/sec, est. 2.2s audio generated, 221 tokens, 26 chunks in 26.7s
Audio generation rate: 0.96 chunks/second
Progress: 8.2 tokens/sec, est. 2.4s audio generated, 237 tokens, 28 chunks in 28.8s
Token processing rate: 7.4 tokens/second
Processing buffer with 28 tokens, total collected: 224
Progress: 8.2 tokens/sec, est. 2.6s audio generated, 253 tokens, 30 chunks in 30.9s
Audio generation rate: 0.96 chunks/second
Processing buffer with 28 tokens, total collected: 252
Progress: 8.2 tokens/sec, est. 2.8s audio generated, 269 tokens, 33 chunks in 32.9s
Progress: 8.1 tokens/sec, est. 2.8s audio generated, 285 tokens, 33 chunks in 35.0s
Token processing rate: 7.2 tokens/second
Progress: 8.1 tokens/sec, est. 2.8s audio generated, 301 tokens, 33 chunks in 37.2s
Processing buffer with 28 tokens, total collected: 280
Audio generation rate: 0.88 chunks/second
Progress: 8.0 tokens/sec, est. 3.0s audio generated, 314 tokens, 35 chunks in 39.2s
Processing buffer with 28 tokens, total collected: 308
Progress: 7.9 tokens/sec, est. 3.1s audio generated, 327 tokens, 37 chunks in 41.3s
Token processing rate: 7.1 tokens/second
Audio generation rate: 0.87 chunks/second
Progress: 7.8 tokens/sec, est. 3.3s audio generated, 340 tokens, 39 chunks in 43.4s
Processing buffer with 28 tokens, total collected: 336
Progress: 7.8 tokens/sec, est. 3.5s audio generated, 355 tokens, 41 chunks in 45.4s
Audio generation rate: 0.87 chunks/second
Progress: 7.8 tokens/sec, est. 3.7s audio generated, 371 tokens, 44 chunks in 47.5s
Token processing rate: 7.2 tokens/second
Processing buffer with 28 tokens, total collected: 364
Progress: 7.8 tokens/sec, est. 3.9s audio generated, 386 tokens, 46 chunks in 49.5s
Audio generation rate: 0.90 chunks/second
Progress: 7.8 tokens/sec, est. 4.1s audio generated, 401 tokens, 48 chunks in 51.6s
Progress: 7.8 tokens/sec, est. 4.1s audio generated, 416 tokens, 48 chunks in 53.6s
Processing buffer with 28 tokens, total collected: 392
Progress: 7.7 tokens/sec, est. 4.3s audio generated, 431 tokens, 51 chunks in 55.6s
Token processing rate: 7.2 tokens/second
Audio generation rate: 0.92 chunks/second
Processing buffer with 28 tokens, total collected: 420
Token generation complete: 435 tokens in 56.85s (7.7 tokens/sec)
Generated 53 audio segments
Generated 4.52 seconds of audio in 56.85 seconds
Realtime factor: 0.08x
Warning: Generation is slower than realtime
Total speech generation completed in 56.85 seconds
INFO:     127.0.0.1:51776 - "POST /v1/audio/speech HTTP/1.1" 200 OK
