Starting Orpheus TTS bridge on http://127.0.0.1:5006 ...
Python: F:\network_management\Wi-Fi Sensing & CSI Data Extraction\Model_training\.venv-gtx1080\Scripts\python.exe
CUDA_VISIBLE_DEVICES: 0
LM Studio completions: http://127.0.0.1:1234/v1/completions
LM Studio TTS model: orpeus_text_to_speech
Synthesis concurrency: 1
Starting Orpheus-FASTAPI Server
INFO:     127.0.0.1:64142 - "GET /health HTTP/1.1" 200 OK
INFO:     127.0.0.1:64142 - "GET /health HTTP/1.1" 200 OK
INFO:     127.0.0.1:64142 - "GET /health HTTP/1.1" 200 OK
INFO:     127.0.0.1:64142 - "GET /health HTTP/1.1" 200 OK
INFO:     127.0.0.1:64142 - "GET /health HTTP/1.1" 200 OK
INFO:     127.0.0.1:64142 - "GET /health HTTP/1.1" 200 OK
INFO:     127.0.0.1:64142 - "GET /health HTTP/1.1" 200 OK
INFO:     127.0.0.1:64142 - "GET /health HTTP/1.1" 200 OK
INFO:     127.0.0.1:64142 - "GET /health HTTP/1.1" 200 OK
INFO:     127.0.0.1:64142 - "GET /health HTTP/1.1" 200 OK
INFO:     127.0.0.1:64142 - "GET /health HTTP/1.1" 200 OK
INFO:     127.0.0.1:64142 - "GET /health HTTP/1.1" 200 OK
INFO:     127.0.0.1:64142 - "GET /health HTTP/1.1" 200 OK
INFO:     127.0.0.1:64142 - "GET /health HTTP/1.1" 200 OK
INFO:     127.0.0.1:64142 - "GET /health HTTP/1.1" 200 OK
INFO:     127.0.0.1:64142 - "GET /health HTTP/1.1" 200 OK
INFO:     127.0.0.1:64142 - "GET /health HTTP/1.1" 200 OK
INFO:     127.0.0.1:64142 - "GET /health HTTP/1.1" 200 OK
INFO:     127.0.0.1:64142 - "GET /health HTTP/1.1" 200 OK
INFO:     127.0.0.1:64142 - "GET /health HTTP/1.1" 200 OK
INFO:     127.0.0.1:64142 - "GET /health HTTP/1.1" 200 OK
INFO:     127.0.0.1:64142 - "GET /health HTTP/1.1" 200 OK
INFO:     127.0.0.1:64142 - "GET /health HTTP/1.1" 200 OK
INFO:     127.0.0.1:64142 - "GET /health HTTP/1.1" 200 OK
INFO:     127.0.0.1:64142 - "GET /health HTTP/1.1" 200 OK
INFO:     127.0.0.1:64142 - "GET /health HTTP/1.1" 200 OK
INFO:     127.0.0.1:64142 - "GET /health HTTP/1.1" 200 OK
INFO:     127.0.0.1:64142 - "GET /health HTTP/1.1" 200 OK
INFO:     127.0.0.1:64142 - "GET /health HTTP/1.1" 200 OK
INFO:     127.0.0.1:64142 - "GET /health HTTP/1.1" 200 OK
INFO:     127.0.0.1:64142 - "GET /health HTTP/1.1" 200 OK
INFO:     127.0.0.1:64142 - "GET /health HTTP/1.1" 200 OK
INFO:     127.0.0.1:64142 - "GET /health HTTP/1.1" 200 OK
INFO:     127.0.0.1:64142 - "GET /health HTTP/1.1" 200 OK
INFO:     127.0.0.1:64142 - "GET /health HTTP/1.1" 200 OK
INFO:     127.0.0.1:64142 - "GET /health HTTP/1.1" 200 OK
INFO:     127.0.0.1:64142 - "GET /health HTTP/1.1" 200 OK
INFO:     127.0.0.1:64142 - "GET /health HTTP/1.1" 200 OK
INFO:     127.0.0.1:64142 - "GET /health HTTP/1.1" 200 OK
INFO:     127.0.0.1:64142 - "GET /health HTTP/1.1" 200 OK
INFO:     127.0.0.1:64142 - "GET /health HTTP/1.1" 200 OK
INFO:     127.0.0.1:64142 - "GET /health HTTP/1.1" 200 OK
INFO:     127.0.0.1:64142 - "GET /health HTTP/1.1" 200 OK
INFO:     127.0.0.1:64142 - "GET /health HTTP/1.1" 200 OK
INFO:     127.0.0.1:64142 - "GET /health HTTP/1.1" 200 OK
INFO:     127.0.0.1:64142 - "GET /health HTTP/1.1" 200 OK
INFO:     127.0.0.1:64142 - "GET /health HTTP/1.1" 200 OK
INFO:     127.0.0.1:64142 - "GET /health HTTP/1.1" 200 OK
INFO:     127.0.0.1:64142 - "GET /health HTTP/1.1" 200 OK
INFO:     127.0.0.1:64351 - "GET /health HTTP/1.1" 200 OK
INFO:     127.0.0.1:64142 - "GET /health HTTP/1.1" 200 OK
INFO:     127.0.0.1:64142 - "GET /health HTTP/1.1" 200 OK
INFO:     127.0.0.1:64142 - "GET /health HTTP/1.1" 200 OK
INFO:     127.0.0.1:64142 - "GET /health HTTP/1.1" 200 OK
INFO:     127.0.0.1:64142 - "GET /health HTTP/1.1" 200 OK
INFO:     127.0.0.1:64142 - "GET /health HTTP/1.1" 200 OK
INFO:     127.0.0.1:64142 - "GET /health HTTP/1.1" 200 OK
INFO:     127.0.0.1:64142 - "GET /health HTTP/1.1" 200 OK
INFO:     127.0.0.1:64142 - "GET /health HTTP/1.1" 200 OK
INFO:     127.0.0.1:64142 - "GET /health HTTP/1.1" 200 OK
INFO:     127.0.0.1:64444 - "GET /health HTTP/1.1" 200 OK
Starting speech generation for 'Huh? It doesn’t seem clear what you’re asking abou...'
Using voice: tara, GPU acceleration: Yes
Generating speech for: <|audio|>tara: Huh? It doesn’t seem clear what you’re asking about. Could you please clarify or rephrase your request so I can assist you better?<|eot_id|>
Progress: 10.4 tokens/sec, est. 0.0s audio generated, 21 tokens, 0 chunks in 2.0s
Processing buffer with 28 tokens, total collected: 28
PyTorch 2.0+ detected, torch.compile is available
CUDA graphs support is available
Using device: cuda
Using standard PyTorch optimizations (torch.compile disabled)
Using CUDA stream for parallel processing
Progress: 5.2 tokens/sec, est. 0.1s audio generated, 32 tokens, 1 chunks in 6.2s
Audio generation rate: 0.14 chunks/second
Token processing rate: 4.1 tokens/second
Processing buffer with 28 tokens, total collected: 56
Progress: 9.5 tokens/sec, est. 0.4s audio generated, 78 tokens, 5 chunks in 8.2s
Progress: 9.4 tokens/sec, est. 0.7s audio generated, 96 tokens, 8 chunks in 10.2s
Processing buffer with 28 tokens, total collected: 84
Audio generation rate: 0.81 chunks/second
Token processing rate: 7.3 tokens/second
Progress: 9.3 tokens/sec, est. 1.0s audio generated, 114 tokens, 12 chunks in 12.2s
Processing buffer with 28 tokens, total collected: 112
Audio generation rate: 0.89 chunks/second
Progress: 9.3 tokens/sec, est. 1.2s audio generated, 132 tokens, 14 chunks in 14.2s
Processing buffer with 28 tokens, total collected: 140
Progress: 9.2 tokens/sec, est. 1.4s audio generated, 150 tokens, 17 chunks in 16.3s
Token processing rate: 7.8 tokens/second
Audio generation rate: 0.98 chunks/second
Progress: 9.2 tokens/sec, est. 1.6s audio generated, 168 tokens, 19 chunks in 18.3s
Processing buffer with 28 tokens, total collected: 168
Progress: 9.1 tokens/sec, est. 1.8s audio generated, 186 tokens, 21 chunks in 20.4s
Audio generation rate: 1.00 chunks/second
Progress: 9.1 tokens/sec, est. 2.0s audio generated, 204 tokens, 24 chunks in 22.4s
Token processing rate: 8.0 tokens/second
Processing buffer with 28 tokens, total collected: 196
Progress: 9.1 tokens/sec, est. 2.2s audio generated, 222 tokens, 26 chunks in 24.5s
Audio generation rate: 1.05 chunks/second
Progress: 9.0 tokens/sec, est. 2.4s audio generated, 240 tokens, 28 chunks in 26.6s
Processing buffer with 28 tokens, total collected: 224
Token processing rate: 8.1 tokens/second
Audio generation rate: 1.06 chunks/second
Processing buffer with 28 tokens, total collected: 252
Progress: 9.0 tokens/sec, est. 2.8s audio generated, 258 tokens, 33 chunks in 28.7s
Progress: 9.0 tokens/sec, est. 3.0s audio generated, 275 tokens, 35 chunks in 30.7s
Audio generation rate: 1.09 chunks/second
Processing buffer with 28 tokens, total collected: 280
Progress: 8.9 tokens/sec, est. 3.1s audio generated, 292 tokens, 37 chunks in 32.7s
Token processing rate: 8.2 tokens/second
Progress: 8.9 tokens/sec, est. 3.4s audio generated, 309 tokens, 40 chunks in 34.8s
Processing buffer with 28 tokens, total collected: 308
Audio generation rate: 1.11 chunks/second
Progress: 8.9 tokens/sec, est. 3.6s audio generated, 326 tokens, 42 chunks in 36.8s
Progress: 8.8 tokens/sec, est. 3.7s audio generated, 343 tokens, 44 chunks in 38.9s
Token processing rate: 8.2 tokens/second
Processing buffer with 28 tokens, total collected: 336
Audio generation rate: 1.10 chunks/second
Progress: 8.8 tokens/sec, est. 3.9s audio generated, 360 tokens, 46 chunks in 40.9s
Processing buffer with 28 tokens, total collected: 364
Progress: 8.8 tokens/sec, est. 4.2s audio generated, 377 tokens, 49 chunks in 43.0s
Audio generation rate: 1.12 chunks/second
Progress: 8.7 tokens/sec, est. 4.3s audio generated, 392 tokens, 51 chunks in 45.1s
Token processing rate: 8.1 tokens/second
Processing buffer with 28 tokens, total collected: 392
Progress: 8.6 tokens/sec, est. 4.5s audio generated, 406 tokens, 53 chunks in 47.2s
Audio generation rate: 1.09 chunks/second
Progress: 8.5 tokens/sec, est. 4.8s audio generated, 420 tokens, 56 chunks in 49.3s
Processing buffer with 28 tokens, total collected: 420
Progress: 8.5 tokens/sec, est. 4.9s audio generated, 437 tokens, 58 chunks in 51.4s
Token processing rate: 8.0 tokens/second
Audio generation rate: 1.10 chunks/second
Progress: 8.5 tokens/sec, est. 5.1s audio generated, 453 tokens, 60 chunks in 53.4s
Processing buffer with 28 tokens, total collected: 448
Progress: 8.5 tokens/sec, est. 5.3s audio generated, 469 tokens, 62 chunks in 55.4s
Audio generation rate: 1.09 chunks/second
Processing buffer with 28 tokens, total collected: 476
Progress: 8.4 tokens/sec, est. 5.5s audio generated, 485 tokens, 65 chunks in 57.5s
Token processing rate: 8.0 tokens/second
Progress: 8.4 tokens/sec, est. 5.7s audio generated, 501 tokens, 67 chunks in 59.5s
Audio generation rate: 1.10 chunks/second
Processing buffer with 28 tokens, total collected: 504
Progress: 8.4 tokens/sec, est. 5.9s audio generated, 517 tokens, 69 chunks in 61.5s
Progress: 8.4 tokens/sec, est. 6.1s audio generated, 533 tokens, 72 chunks in 63.6s
Token processing rate: 8.0 tokens/second
Processing buffer with 28 tokens, total collected: 532
Audio generation rate: 1.11 chunks/second
Progress: 8.4 tokens/sec, est. 6.3s audio generated, 549 tokens, 74 chunks in 65.6s
Progress: 8.3 tokens/sec, est. 6.5s audio generated, 565 tokens, 76 chunks in 67.7s
Processing buffer with 28 tokens, total collected: 560
Audio generation rate: 1.10 chunks/second
Progress: 8.3 tokens/sec, est. 6.6s audio generated, 581 tokens, 78 chunks in 69.8s
Token processing rate: 8.0 tokens/second
Processing buffer with 28 tokens, total collected: 588
Progress: 8.3 tokens/sec, est. 6.9s audio generated, 597 tokens, 81 chunks in 71.9s
Audio generation rate: 1.11 chunks/second
Progress: 8.3 tokens/sec, est. 7.1s audio generated, 613 tokens, 83 chunks in 74.0s
Processing buffer with 28 tokens, total collected: 616
Progress: 8.3 tokens/sec, est. 7.2s audio generated, 629 tokens, 85 chunks in 76.0s
Token processing rate: 7.9 tokens/second
Audio generation rate: 1.10 chunks/second
Progress: 8.3 tokens/sec, est. 7.5s audio generated, 645 tokens, 88 chunks in 78.1s
Processing buffer with 28 tokens, total collected: 644
Progress: 8.2 tokens/sec, est. 7.7s audio generated, 660 tokens, 90 chunks in 80.2s
Audio generation rate: 1.10 chunks/second
Progress: 8.2 tokens/sec, est. 7.8s audio generated, 676 tokens, 92 chunks in 82.3s
Token processing rate: 7.9 tokens/second
Processing buffer with 28 tokens, total collected: 672
Progress: 8.2 tokens/sec, est. 8.0s audio generated, 691 tokens, 94 chunks in 84.3s
Audio generation rate: 1.09 chunks/second
Processing buffer with 28 tokens, total collected: 700
Progress: 8.2 tokens/sec, est. 8.2s audio generated, 706 tokens, 97 chunks in 86.3s
Progress: 8.2 tokens/sec, est. 8.4s audio generated, 721 tokens, 99 chunks in 88.4s
Progress: 8.1 tokens/sec, est. 8.4s audio generated, 734 tokens, 99 chunks in 90.5s
Token processing rate: 7.8 tokens/second
Audio generation rate: 1.08 chunks/second
Processing buffer with 28 tokens, total collected: 728
Progress: 8.0 tokens/sec, est. 8.6s audio generated, 745 tokens, 101 chunks in 92.6s
Token generation complete: 751 tokens in 93.50s (8.0 tokens/sec)
Generated 101 audio segments
Generated 8.62 seconds of audio in 93.50 seconds
Realtime factor: 0.09x
Warning: Generation is slower than realtime
Total speech generation completed in 93.50 seconds
INFO:     127.0.0.1:50419 - "POST /v1/audio/speech HTTP/1.1" 200 OK
Starting speech generation for 'Huh? I'm sorry, could you clarify your request?'
Using voice: tara, GPU acceleration: Yes
Generating speech for: <|audio|>tara: Huh? I'm sorry, could you clarify your request?<|eot_id|>
Progress: 10.4 tokens/sec, est. 0.0s audio generated, 21 tokens, 0 chunks in 2.0s
Processing buffer with 28 tokens, total collected: 28
Audio generation rate: 0.25 chunks/second
Progress: 9.6 tokens/sec, est. 0.1s audio generated, 39 tokens, 1 chunks in 4.1s
Token processing rate: 5.0 tokens/second
Progress: 9.0 tokens/sec, est. 0.3s audio generated, 55 tokens, 3 chunks in 6.1s
Audio generation rate: 0.51 chunks/second
Processing buffer with 28 tokens, total collected: 56
Progress: 9.1 tokens/sec, est. 0.4s audio generated, 74 tokens, 5 chunks in 8.1s
Progress: 9.1 tokens/sec, est. 0.7s audio generated, 93 tokens, 8 chunks in 10.2s
Token processing rate: 6.9 tokens/second
Processing buffer with 28 tokens, total collected: 84
Audio generation rate: 0.80 chunks/second
Progress: 9.1 tokens/sec, est. 0.9s audio generated, 112 tokens, 10 chunks in 12.3s
Processing buffer with 28 tokens, total collected: 112
Audio generation rate: 0.88 chunks/second
Progress: 9.1 tokens/sec, est. 1.2s audio generated, 130 tokens, 14 chunks in 14.3s
Token processing rate: 7.6 tokens/second
Processing buffer with 28 tokens, total collected: 140
Progress: 9.1 tokens/sec, est. 1.4s audio generated, 148 tokens, 17 chunks in 16.3s
Audio generation rate: 0.98 chunks/second
Progress: 9.1 tokens/sec, est. 1.6s audio generated, 166 tokens, 19 chunks in 18.3s
Processing buffer with 28 tokens, total collected: 168
Progress: 9.0 tokens/sec, est. 1.8s audio generated, 184 tokens, 21 chunks in 20.4s
Token processing rate: 7.9 tokens/second
Audio generation rate: 1.00 chunks/second
Progress: 9.0 tokens/sec, est. 2.0s audio generated, 202 tokens, 24 chunks in 22.4s
Processing buffer with 28 tokens, total collected: 196
Progress: 9.0 tokens/sec, est. 2.1s audio generated, 220 tokens, 25 chunks in 24.5s
Progress: 9.0 tokens/sec, est. 2.1s audio generated, 238 tokens, 25 chunks in 26.5s
Token processing rate: 7.8 tokens/second
Processing buffer with 28 tokens, total collected: 224
Progress: 8.9 tokens/sec, est. 2.1s audio generated, 256 tokens, 25 chunks in 28.6s
Audio generation rate: 0.89 chunks/second
Processing buffer with 28 tokens, total collected: 252
Progress: 8.9 tokens/sec, est. 2.6s audio generated, 274 tokens, 30 chunks in 30.7s
Token processing rate: 8.0 tokens/second
Audio generation rate: 0.94 chunks/second
Progress: 8.9 tokens/sec, est. 2.7s audio generated, 292 tokens, 32 chunks in 32.8s
Processing buffer with 28 tokens, total collected: 280
Progress: 8.9 tokens/sec, est. 3.0s audio generated, 310 tokens, 35 chunks in 34.9s
Audio generation rate: 0.98 chunks/second
Processing buffer with 28 tokens, total collected: 308
Progress: 8.9 tokens/sec, est. 3.1s audio generated, 327 tokens, 37 chunks in 36.9s
Token processing rate: 8.0 tokens/second
Progress: 8.8 tokens/sec, est. 3.3s audio generated, 344 tokens, 39 chunks in 39.0s
Audio generation rate: 0.98 chunks/second
Processing buffer with 28 tokens, total collected: 336
Progress: 8.8 tokens/sec, est. 3.5s audio generated, 361 tokens, 41 chunks in 41.0s
Progress: 8.8 tokens/sec, est. 3.7s audio generated, 378 tokens, 44 chunks in 43.0s
Token processing rate: 8.1 tokens/second
Processing buffer with 28 tokens, total collected: 364
Audio generation rate: 1.01 chunks/second
Progress: 8.8 tokens/sec, est. 3.9s audio generated, 395 tokens, 46 chunks in 45.1s
Progress: 8.7 tokens/sec, est. 4.1s audio generated, 411 tokens, 48 chunks in 47.2s
Processing buffer with 28 tokens, total collected: 392
Audio generation rate: 1.01 chunks/second
Progress: 8.6 tokens/sec, est. 4.2s audio generated, 424 tokens, 50 chunks in 49.3s
Token generation complete: 433 tokens in 50.45s (8.6 tokens/sec)
Generated 50 audio segments
Generated 4.27 seconds of audio in 50.45 seconds
Realtime factor: 0.08x
Warning: Generation is slower than realtime
Total speech generation completed in 50.45 seconds
INFO:     127.0.0.1:61519 - "POST /v1/audio/speech HTTP/1.1" 200 OK
Starting speech generation for 'I'm not sure if you're asking a question or having...'
Using voice: tara, GPU acceleration: Yes
Generating speech for: <|audio|>tara: I'm not sure if you're asking a question or having trouble with something else. Please provide more details so I can assist better!<|eot_id|>
Progress: 10.3 tokens/sec, est. 0.0s audio generated, 21 tokens, 0 chunks in 2.0s
Processing buffer with 28 tokens, total collected: 28
Audio generation rate: 0.25 chunks/second
Progress: 9.8 tokens/sec, est. 0.1s audio generated, 40 tokens, 1 chunks in 4.1s
Token processing rate: 5.2 tokens/second
Progress: 9.5 tokens/sec, est. 0.3s audio generated, 59 tokens, 3 chunks in 6.2s
Audio generation rate: 0.53 chunks/second
Processing buffer with 28 tokens, total collected: 56
Progress: 9.4 tokens/sec, est. 0.4s audio generated, 78 tokens, 5 chunks in 8.3s
Progress: 9.3 tokens/sec, est. 0.7s audio generated, 96 tokens, 8 chunks in 10.3s
Token processing rate: 7.0 tokens/second
Processing buffer with 28 tokens, total collected: 84
Audio generation rate: 0.81 chunks/second
Progress: 9.3 tokens/sec, est. 1.0s audio generated, 115 tokens, 12 chunks in 12.4s
Processing buffer with 28 tokens, total collected: 112
Audio generation rate: 0.89 chunks/second
Progress: 9.2 tokens/sec, est. 1.2s audio generated, 133 tokens, 14 chunks in 14.5s
Token processing rate: 7.6 tokens/second
Processing buffer with 28 tokens, total collected: 140
Progress: 9.2 tokens/sec, est. 1.4s audio generated, 151 tokens, 17 chunks in 16.5s
Audio generation rate: 0.98 chunks/second
Progress: 9.1 tokens/sec, est. 1.6s audio generated, 169 tokens, 19 chunks in 18.5s
Processing buffer with 28 tokens, total collected: 168
Progress: 9.1 tokens/sec, est. 1.8s audio generated, 187 tokens, 21 chunks in 20.6s
Token processing rate: 7.9 tokens/second
Audio generation rate: 1.00 chunks/second
Progress: 9.1 tokens/sec, est. 2.0s audio generated, 205 tokens, 24 chunks in 22.7s
Processing buffer with 28 tokens, total collected: 196
Progress: 9.0 tokens/sec, est. 2.2s audio generated, 223 tokens, 26 chunks in 24.7s
Audio generation rate: 1.05 chunks/second
Progress: 9.0 tokens/sec, est. 2.4s audio generated, 240 tokens, 28 chunks in 26.7s
Token processing rate: 8.1 tokens/second
Processing buffer with 28 tokens, total collected: 224
Audio generation rate: 1.05 chunks/second
Processing buffer with 28 tokens, total collected: 252
Progress: 8.9 tokens/sec, est. 2.8s audio generated, 258 tokens, 33 chunks in 28.8s
Progress: 8.9 tokens/sec, est. 3.0s audio generated, 275 tokens, 35 chunks in 30.8s
Token processing rate: 8.1 tokens/second
Audio generation rate: 1.07 chunks/second
Processing buffer with 28 tokens, total collected: 280
Progress: 8.8 tokens/sec, est. 3.1s audio generated, 289 tokens, 37 chunks in 32.9s
Progress: 8.8 tokens/sec, est. 3.4s audio generated, 306 tokens, 40 chunks in 34.9s
Processing buffer with 28 tokens, total collected: 308
Audio generation rate: 1.10 chunks/second
Progress: 8.8 tokens/sec, est. 3.6s audio generated, 323 tokens, 42 chunks in 36.9s
Token processing rate: 8.1 tokens/second
Progress: 8.7 tokens/sec, est. 3.7s audio generated, 340 tokens, 44 chunks in 39.0s
Processing buffer with 28 tokens, total collected: 336
Audio generation rate: 1.09 chunks/second
Progress: 8.7 tokens/sec, est. 3.9s audio generated, 357 tokens, 46 chunks in 41.0s
Processing buffer with 28 tokens, total collected: 364
Progress: 8.7 tokens/sec, est. 4.2s audio generated, 374 tokens, 49 chunks in 43.1s
Token processing rate: 8.1 tokens/second
Audio generation rate: 1.11 chunks/second
Progress: 8.6 tokens/sec, est. 4.3s audio generated, 391 tokens, 51 chunks in 45.2s
Processing buffer with 28 tokens, total collected: 392
Progress: 8.6 tokens/sec, est. 4.5s audio generated, 408 tokens, 53 chunks in 47.3s
Audio generation rate: 1.10 chunks/second
Progress: 8.6 tokens/sec, est. 4.8s audio generated, 425 tokens, 56 chunks in 49.4s
Token processing rate: 8.1 tokens/second
Processing buffer with 28 tokens, total collected: 420
Progress: 8.6 tokens/sec, est. 4.9s audio generated, 442 tokens, 58 chunks in 51.5s
Audio generation rate: 1.11 chunks/second
Progress: 8.6 tokens/sec, est. 5.1s audio generated, 459 tokens, 60 chunks in 53.7s
Processing buffer with 28 tokens, total collected: 448
Progress: 8.5 tokens/sec, est. 5.3s audio generated, 475 tokens, 62 chunks in 55.7s
Token processing rate: 8.1 tokens/second
Audio generation rate: 1.10 chunks/second
Processing buffer with 28 tokens, total collected: 476
Progress: 8.5 tokens/sec, est. 5.5s audio generated, 491 tokens, 65 chunks in 57.7s
Progress: 8.5 tokens/sec, est. 5.7s audio generated, 507 tokens, 67 chunks in 59.7s
Audio generation rate: 1.11 chunks/second
Processing buffer with 28 tokens, total collected: 504
Progress: 8.5 tokens/sec, est. 5.9s audio generated, 523 tokens, 69 chunks in 61.8s
Token processing rate: 8.1 tokens/second
Progress: 8.4 tokens/sec, est. 6.1s audio generated, 539 tokens, 72 chunks in 63.8s
Processing buffer with 28 tokens, total collected: 532
Audio generation rate: 1.12 chunks/second
Progress: 8.4 tokens/sec, est. 6.3s audio generated, 555 tokens, 74 chunks in 65.9s
Progress: 8.4 tokens/sec, est. 6.5s audio generated, 571 tokens, 76 chunks in 67.9s
Token processing rate: 8.0 tokens/second
Processing buffer with 28 tokens, total collected: 560
Audio generation rate: 1.11 chunks/second
Progress: 8.4 tokens/sec, est. 6.6s audio generated, 587 tokens, 78 chunks in 70.0s
Processing buffer with 28 tokens, total collected: 588
Progress: 8.4 tokens/sec, est. 6.9s audio generated, 603 tokens, 81 chunks in 72.1s
Audio generation rate: 1.11 chunks/second
Progress: 8.3 tokens/sec, est. 7.1s audio generated, 619 tokens, 83 chunks in 74.2s
Token processing rate: 8.0 tokens/second
Processing buffer with 28 tokens, total collected: 616
Progress: 8.3 tokens/sec, est. 7.2s audio generated, 634 tokens, 85 chunks in 76.3s
Audio generation rate: 1.10 chunks/second
Progress: 8.3 tokens/sec, est. 7.5s audio generated, 648 tokens, 88 chunks in 78.4s
Processing buffer with 28 tokens, total collected: 644
Progress: 8.2 tokens/sec, est. 7.7s audio generated, 663 tokens, 90 chunks in 80.4s
Token processing rate: 7.9 tokens/second
Audio generation rate: 1.10 chunks/second
Progress: 8.2 tokens/sec, est. 7.8s audio generated, 679 tokens, 92 chunks in 82.5s
Processing buffer with 28 tokens, total collected: 672
Progress: 8.2 tokens/sec, est. 8.0s audio generated, 694 tokens, 94 chunks in 84.5s
Audio generation rate: 1.10 chunks/second
Processing buffer with 28 tokens, total collected: 700
Progress: 8.2 tokens/sec, est. 8.2s audio generated, 709 tokens, 97 chunks in 86.6s
Progress: 8.1 tokens/sec, est. 8.2s audio generated, 719 tokens, 97 chunks in 88.6s
Token processing rate: 7.8 tokens/second
Progress: 8.1 tokens/sec, est. 8.3s audio generated, 735 tokens, 98 chunks in 90.6s
Token generation complete: 743 tokens in 91.68s (8.1 tokens/sec)
Generated 98 audio segments
Generated 8.36 seconds of audio in 91.69 seconds
Realtime factor: 0.09x
Warning: Generation is slower than realtime
Total speech generation completed in 91.69 seconds
INFO:     127.0.0.1:61160 - "POST /v1/audio/speech HTTP/1.1" 200 OK
Starting speech generation for 'It seems you're unsure or confused about something...'
Using voice: tara, GPU acceleration: Yes
Generating speech for: <|audio|>tara: It seems you're unsure or confused about something. Could you please clarify your question or request?<|eot_id|>
Progress: 10.2 tokens/sec, est. 0.0s audio generated, 21 tokens, 0 chunks in 2.1s
Processing buffer with 28 tokens, total collected: 28
Audio generation rate: 0.25 chunks/second
Progress: 9.7 tokens/sec, est. 0.1s audio generated, 40 tokens, 1 chunks in 4.1s
Token processing rate: 5.2 tokens/second
Progress: 9.5 tokens/sec, est. 0.3s audio generated, 59 tokens, 3 chunks in 6.2s
Audio generation rate: 0.53 chunks/second
Processing buffer with 28 tokens, total collected: 56
Progress: 9.4 tokens/sec, est. 0.4s audio generated, 78 tokens, 5 chunks in 8.3s
Token processing rate: 7.1 tokens/second
Processing buffer with 28 tokens, total collected: 84
Audio generation rate: 0.82 chunks/second
Progress: 9.4 tokens/sec, est. 0.9s audio generated, 97 tokens, 10 chunks in 10.4s
Progress: 9.3 tokens/sec, est. 1.0s audio generated, 115 tokens, 12 chunks in 12.4s
Processing buffer with 28 tokens, total collected: 112
Audio generation rate: 0.89 chunks/second
Progress: 9.2 tokens/sec, est. 1.2s audio generated, 133 tokens, 14 chunks in 14.4s
Token processing rate: 7.7 tokens/second
Processing buffer with 28 tokens, total collected: 140
Progress: 9.2 tokens/sec, est. 1.4s audio generated, 151 tokens, 17 chunks in 16.4s
Audio generation rate: 0.99 chunks/second
Progress: 9.2 tokens/sec, est. 1.6s audio generated, 169 tokens, 19 chunks in 18.4s
Processing buffer with 28 tokens, total collected: 168
Progress: 9.1 tokens/sec, est. 1.8s audio generated, 187 tokens, 21 chunks in 20.5s
Token processing rate: 8.0 tokens/second
Audio generation rate: 1.01 chunks/second
Progress: 9.1 tokens/sec, est. 2.0s audio generated, 205 tokens, 24 chunks in 22.6s
Processing buffer with 28 tokens, total collected: 196
Progress: 9.0 tokens/sec, est. 2.2s audio generated, 223 tokens, 26 chunks in 24.6s
Audio generation rate: 1.06 chunks/second
Token processing rate: 8.1 tokens/second
Processing buffer with 28 tokens, total collected: 224
Progress: 9.0 tokens/sec, est. 2.6s audio generated, 241 tokens, 30 chunks in 26.7s
Audio generation rate: 1.06 chunks/second
Processing buffer with 28 tokens, total collected: 252
Progress: 9.0 tokens/sec, est. 2.8s audio generated, 259 tokens, 33 chunks in 28.8s
Progress: 9.0 tokens/sec, est. 3.0s audio generated, 277 tokens, 35 chunks in 30.9s
Token processing rate: 8.2 tokens/second
Audio generation rate: 1.09 chunks/second
Processing buffer with 28 tokens, total collected: 280
Progress: 8.9 tokens/sec, est. 3.1s audio generated, 294 tokens, 37 chunks in 33.0s
Progress: 8.9 tokens/sec, est. 3.4s audio generated, 311 tokens, 40 chunks in 35.0s
Processing buffer with 28 tokens, total collected: 308
Audio generation rate: 1.11 chunks/second
Progress: 8.9 tokens/sec, est. 3.6s audio generated, 328 tokens, 42 chunks in 37.0s
Token processing rate: 8.2 tokens/second
Progress: 8.8 tokens/sec, est. 3.7s audio generated, 345 tokens, 44 chunks in 39.1s
Processing buffer with 28 tokens, total collected: 336
Audio generation rate: 1.11 chunks/second
Progress: 8.8 tokens/sec, est. 3.9s audio generated, 362 tokens, 46 chunks in 41.1s
Processing buffer with 28 tokens, total collected: 364
Progress: 8.7 tokens/sec, est. 4.2s audio generated, 378 tokens, 49 chunks in 43.2s
Token processing rate: 8.2 tokens/second
Audio generation rate: 1.11 chunks/second
Progress: 8.7 tokens/sec, est. 4.3s audio generated, 393 tokens, 51 chunks in 45.3s
Processing buffer with 28 tokens, total collected: 392
Progress: 8.7 tokens/sec, est. 4.5s audio generated, 410 tokens, 53 chunks in 47.4s
Audio generation rate: 1.10 chunks/second
Progress: 8.6 tokens/sec, est. 4.8s audio generated, 427 tokens, 56 chunks in 49.5s
Token processing rate: 8.1 tokens/second
Processing buffer with 28 tokens, total collected: 420
Progress: 8.6 tokens/sec, est. 4.9s audio generated, 444 tokens, 58 chunks in 51.6s
Audio generation rate: 1.12 chunks/second
Progress: 8.6 tokens/sec, est. 5.1s audio generated, 461 tokens, 60 chunks in 53.7s
Processing buffer with 28 tokens, total collected: 448
Progress: 8.6 tokens/sec, est. 5.3s audio generated, 478 tokens, 62 chunks in 55.8s
Token processing rate: 8.1 tokens/second
Audio generation rate: 1.11 chunks/second
Processing buffer with 28 tokens, total collected: 476
Progress: 8.5 tokens/sec, est. 5.5s audio generated, 494 tokens, 65 chunks in 57.8s
Progress: 8.5 tokens/sec, est. 5.7s audio generated, 510 tokens, 67 chunks in 59.9s
Audio generation rate: 1.12 chunks/second
Processing buffer with 28 tokens, total collected: 504
Progress: 8.5 tokens/sec, est. 5.9s audio generated, 526 tokens, 69 chunks in 61.9s
Token processing rate: 8.1 tokens/second
Progress: 8.5 tokens/sec, est. 6.1s audio generated, 542 tokens, 72 chunks in 63.9s
Processing buffer with 28 tokens, total collected: 532
Audio generation rate: 1.12 chunks/second
Progress: 8.5 tokens/sec, est. 6.3s audio generated, 558 tokens, 74 chunks in 66.0s
Progress: 8.4 tokens/sec, est. 6.5s audio generated, 574 tokens, 76 chunks in 68.1s
Token processing rate: 8.1 tokens/second
Processing buffer with 28 tokens, total collected: 560
Audio generation rate: 1.11 chunks/second
Progress: 8.4 tokens/sec, est. 6.6s audio generated, 590 tokens, 78 chunks in 70.2s
Processing buffer with 28 tokens, total collected: 588
Progress: 8.4 tokens/sec, est. 6.9s audio generated, 606 tokens, 81 chunks in 72.2s
Audio generation rate: 1.12 chunks/second
Progress: 8.4 tokens/sec, est. 7.1s audio generated, 622 tokens, 83 chunks in 74.3s
Token processing rate: 8.0 tokens/second
Processing buffer with 28 tokens, total collected: 616
Progress: 8.3 tokens/sec, est. 7.2s audio generated, 638 tokens, 85 chunks in 76.4s
Audio generation rate: 1.11 chunks/second
Progress: 8.3 tokens/sec, est. 7.5s audio generated, 654 tokens, 88 chunks in 78.6s
Processing buffer with 28 tokens, total collected: 644
Progress: 8.3 tokens/sec, est. 7.7s audio generated, 670 tokens, 90 chunks in 80.7s
Token processing rate: 8.0 tokens/second
Audio generation rate: 1.11 chunks/second
Progress: 8.3 tokens/sec, est. 7.8s audio generated, 686 tokens, 92 chunks in 82.8s
Processing buffer with 28 tokens, total collected: 672
Progress: 8.3 tokens/sec, est. 8.0s audio generated, 701 tokens, 94 chunks in 84.8s
Audio generation rate: 1.10 chunks/second
Processing buffer with 28 tokens, total collected: 700
Progress: 8.2 tokens/sec, est. 8.2s audio generated, 716 tokens, 97 chunks in 86.8s
Token processing rate: 8.0 tokens/second
Progress: 8.2 tokens/sec, est. 8.4s audio generated, 731 tokens, 99 chunks in 88.8s
Audio generation rate: 1.11 chunks/second
Processing buffer with 28 tokens, total collected: 728
Progress: 8.2 tokens/sec, est. 8.6s audio generated, 745 tokens, 101 chunks in 90.9s
Progress: 8.2 tokens/sec, est. 8.8s audio generated, 758 tokens, 104 chunks in 93.0s
Token processing rate: 7.9 tokens/second
Processing buffer with 28 tokens, total collected: 756
Audio generation rate: 1.10 chunks/second
Progress: 8.1 tokens/sec, est. 9.0s audio generated, 773 tokens, 106 chunks in 95.0s
Progress: 8.1 tokens/sec, est. 9.2s audio generated, 788 tokens, 108 chunks in 97.1s
Processing buffer with 28 tokens, total collected: 784
Audio generation rate: 1.10 chunks/second
Progress: 8.1 tokens/sec, est. 9.4s audio generated, 803 tokens, 110 chunks in 99.2s
Token processing rate: 7.8 tokens/second
Processing buffer with 28 tokens, total collected: 812
Progress: 8.1 tokens/sec, est. 9.6s audio generated, 818 tokens, 113 chunks in 101.2s
Audio generation rate: 1.10 chunks/second
Progress: 8.1 tokens/sec, est. 9.8s audio generated, 833 tokens, 115 chunks in 103.3s
Progress: 8.0 tokens/sec, est. 9.8s audio generated, 848 tokens, 115 chunks in 105.4s
Processing buffer with 28 tokens, total collected: 840
Progress: 8.0 tokens/sec, est. 9.9s audio generated, 863 tokens, 117 chunks in 107.5s
Token processing rate: 7.8 tokens/second
Audio generation rate: 1.09 chunks/second
Progress: 8.0 tokens/sec, est. 10.2s audio generated, 878 tokens, 120 chunks in 109.6s
Processing buffer with 28 tokens, total collected: 868
Progress: 8.0 tokens/sec, est. 10.4s audio generated, 893 tokens, 122 chunks in 111.7s
Audio generation rate: 1.09 chunks/second
Progress: 8.0 tokens/sec, est. 10.5s audio generated, 908 tokens, 124 chunks in 113.9s
Token processing rate: 7.8 tokens/second
Processing buffer with 28 tokens, total collected: 896
Progress: 8.0 tokens/sec, est. 10.7s audio generated, 922 tokens, 126 chunks in 115.9s
Audio generation rate: 1.08 chunks/second
Processing buffer with 28 tokens, total collected: 924
Progress: 7.9 tokens/sec, est. 11.0s audio generated, 937 tokens, 129 chunks in 118.0s
Progress: 7.9 tokens/sec, est. 11.1s audio generated, 951 tokens, 131 chunks in 120.0s
Token processing rate: 7.7 tokens/second
Audio generation rate: 1.08 chunks/second
Processing buffer with 28 tokens, total collected: 952
Progress: 7.9 tokens/sec, est. 11.3s audio generated, 966 tokens, 133 chunks in 122.2s
Progress: 7.9 tokens/sec, est. 11.6s audio generated, 980 tokens, 136 chunks in 124.2s
Processing buffer with 28 tokens, total collected: 980
Audio generation rate: 1.08 chunks/second
Progress: 7.9 tokens/sec, est. 11.7s audio generated, 994 tokens, 138 chunks in 126.3s
Progress: 7.9 tokens/sec, est. 11.7s audio generated, 1008 tokens, 138 chunks in 128.3s
Token processing rate: 7.7 tokens/second
Progress: 7.8 tokens/sec, est. 11.9s audio generated, 1022 tokens, 140 chunks in 130.3s
Processing buffer with 28 tokens, total collected: 1008
Audio generation rate: 1.07 chunks/second
Progress: 7.8 tokens/sec, est. 12.1s audio generated, 1036 tokens, 142 chunks in 132.4s
Processing buffer with 28 tokens, total collected: 1036
Progress: 7.8 tokens/sec, est. 12.3s audio generated, 1050 tokens, 145 chunks in 134.5s
Token processing rate: 7.6 tokens/second
Audio generation rate: 1.07 chunks/second
Progress: 7.8 tokens/sec, est. 12.5s audio generated, 1062 tokens, 147 chunks in 136.5s
Processing buffer with 28 tokens, total collected: 1064
Audio generation rate: 1.07 chunks/second
Progress: 7.7 tokens/sec, est. 12.7s audio generated, 1073 tokens, 149 chunks in 138.6s
Progress: 7.7 tokens/sec, est. 12.7s audio generated, 1087 tokens, 149 chunks in 140.7s
Token processing rate: 7.6 tokens/second
Progress: 7.7 tokens/sec, est. 12.9s audio generated, 1101 tokens, 152 chunks in 142.8s
Processing buffer with 28 tokens, total collected: 1092
Audio generation rate: 1.06 chunks/second
Progress: 7.7 tokens/sec, est. 13.1s audio generated, 1115 tokens, 154 chunks in 144.9s
Progress: 7.7 tokens/sec, est. 13.3s audio generated, 1129 tokens, 156 chunks in 147.0s
Token processing rate: 7.5 tokens/second
Processing buffer with 28 tokens, total collected: 1120
Audio generation rate: 1.05 chunks/second
Progress: 7.6 tokens/sec, est. 13.4s audio generated, 1138 tokens, 158 chunks in 149.3s
Progress: 7.6 tokens/sec, est. 13.4s audio generated, 1153 tokens, 158 chunks in 151.4s
Progress: 7.6 tokens/sec, est. 13.4s audio generated, 1167 tokens, 158 chunks in 153.5s
Token generation complete: 1176 tokens in 154.61s (7.6 tokens/sec)
Generated 158 audio segments
Generated 13.48 seconds of audio in 154.61 seconds
Realtime factor: 0.09x
Warning: Generation is slower than realtime
Total speech generation completed in 154.61 seconds
INFO:     127.0.0.1:61035 - "POST /v1/audio/speech HTTP/1.1" 200 OK
Starting speech generation for 'Huh? I'm sorry, did you mean something else or nee...'
Using voice: tara, GPU acceleration: Yes
Generating speech for: <|audio|>tara: Huh? I'm sorry, did you mean something else or need clarification on what you're asking? Let me know how I can help!<|eot_id|>
Progress: 10.2 tokens/sec, est. 0.0s audio generated, 21 tokens, 0 chunks in 2.1s
Processing buffer with 28 tokens, total collected: 28
Audio generation rate: 0.24 chunks/second
Progress: 9.7 tokens/sec, est. 0.1s audio generated, 40 tokens, 1 chunks in 4.1s
Token processing rate: 5.1 tokens/second
Progress: 9.6 tokens/sec, est. 0.3s audio generated, 59 tokens, 3 chunks in 6.2s
Audio generation rate: 0.52 chunks/second
Processing buffer with 28 tokens, total collected: 56
Progress: 9.4 tokens/sec, est. 0.4s audio generated, 77 tokens, 5 chunks in 8.2s
Progress: 9.3 tokens/sec, est. 0.7s audio generated, 95 tokens, 8 chunks in 10.2s
Token processing rate: 7.0 tokens/second
Processing buffer with 28 tokens, total collected: 84
Audio generation rate: 0.80 chunks/second
Progress: 9.3 tokens/sec, est. 1.0s audio generated, 114 tokens, 12 chunks in 12.3s
Processing buffer with 28 tokens, total collected: 112
Audio generation rate: 0.88 chunks/second
Progress: 9.2 tokens/sec, est. 1.2s audio generated, 132 tokens, 14 chunks in 14.3s
Token processing rate: 7.6 tokens/second
Processing buffer with 28 tokens, total collected: 140
Progress: 9.2 tokens/sec, est. 1.4s audio generated, 150 tokens, 17 chunks in 16.4s
Audio generation rate: 0.98 chunks/second
Progress: 9.1 tokens/sec, est. 1.6s audio generated, 168 tokens, 19 chunks in 18.4s
Processing buffer with 28 tokens, total collected: 168
Progress: 9.1 tokens/sec, est. 1.8s audio generated, 186 tokens, 21 chunks in 20.4s
Token processing rate: 7.9 tokens/second
Audio generation rate: 1.00 chunks/second
Progress: 9.1 tokens/sec, est. 2.0s audio generated, 204 tokens, 24 chunks in 22.5s
Processing buffer with 28 tokens, total collected: 196
Progress: 9.0 tokens/sec, est. 2.2s audio generated, 222 tokens, 26 chunks in 24.6s
Audio generation rate: 1.05 chunks/second
Progress: 9.0 tokens/sec, est. 2.4s audio generated, 240 tokens, 28 chunks in 26.7s
Token processing rate: 8.1 tokens/second
Processing buffer with 28 tokens, total collected: 224
Audio generation rate: 1.05 chunks/second
Processing buffer with 28 tokens, total collected: 252
Progress: 9.0 tokens/sec, est. 2.8s audio generated, 257 tokens, 33 chunks in 28.7s
Progress: 8.9 tokens/sec, est. 3.0s audio generated, 273 tokens, 35 chunks in 30.8s
Progress: 8.7 tokens/sec, est. 3.0s audio generated, 287 tokens, 35 chunks in 32.8s
Token processing rate: 8.0 tokens/second
Audio generation rate: 1.06 chunks/second
Processing buffer with 28 tokens, total collected: 280
Progress: 8.6 tokens/sec, est. 3.1s audio generated, 301 tokens, 37 chunks in 34.9s
Progress: 8.6 tokens/sec, est. 3.4s audio generated, 317 tokens, 40 chunks in 37.0s
Processing buffer with 28 tokens, total collected: 308
Audio generation rate: 1.07 chunks/second
Progress: 8.6 tokens/sec, est. 3.6s audio generated, 334 tokens, 42 chunks in 39.0s
Token processing rate: 7.9 tokens/second
Progress: 8.5 tokens/sec, est. 3.7s audio generated, 351 tokens, 44 chunks in 41.1s
Processing buffer with 28 tokens, total collected: 336
Audio generation rate: 1.07 chunks/second
Progress: 8.5 tokens/sec, est. 3.9s audio generated, 368 tokens, 46 chunks in 43.2s
Processing buffer with 28 tokens, total collected: 364
Token processing rate: 8.0 tokens/second
Audio generation rate: 1.09 chunks/second
Progress: 8.5 tokens/sec, est. 4.3s audio generated, 385 tokens, 51 chunks in 45.3s
Processing buffer with 28 tokens, total collected: 392
Progress: 8.5 tokens/sec, est. 4.5s audio generated, 402 tokens, 53 chunks in 47.3s
Audio generation rate: 1.08 chunks/second
Progress: 8.5 tokens/sec, est. 4.8s audio generated, 419 tokens, 56 chunks in 49.5s
Token processing rate: 8.0 tokens/second
Processing buffer with 28 tokens, total collected: 420
Progress: 8.5 tokens/sec, est. 4.9s audio generated, 436 tokens, 58 chunks in 51.5s
Audio generation rate: 1.09 chunks/second
Progress: 8.4 tokens/sec, est. 5.1s audio generated, 453 tokens, 60 chunks in 53.7s
Processing buffer with 28 tokens, total collected: 448
Progress: 8.4 tokens/sec, est. 5.3s audio generated, 469 tokens, 62 chunks in 55.7s
Token processing rate: 8.0 tokens/second
Audio generation rate: 1.09 chunks/second
Processing buffer with 28 tokens, total collected: 476
Progress: 8.4 tokens/sec, est. 5.5s audio generated, 485 tokens, 65 chunks in 57.7s
Progress: 8.4 tokens/sec, est. 5.7s audio generated, 501 tokens, 67 chunks in 59.7s
Audio generation rate: 1.10 chunks/second
Processing buffer with 28 tokens, total collected: 504
Progress: 8.4 tokens/sec, est. 5.9s audio generated, 517 tokens, 69 chunks in 61.8s
Token processing rate: 8.0 tokens/second
Progress: 8.4 tokens/sec, est. 6.1s audio generated, 533 tokens, 72 chunks in 63.8s
Processing buffer with 28 tokens, total collected: 532
Audio generation rate: 1.10 chunks/second
Progress: 8.3 tokens/sec, est. 6.3s audio generated, 549 tokens, 74 chunks in 65.9s
Progress: 8.3 tokens/sec, est. 6.5s audio generated, 565 tokens, 76 chunks in 68.0s
Token processing rate: 7.9 tokens/second
Processing buffer with 28 tokens, total collected: 560
Audio generation rate: 1.10 chunks/second
Progress: 8.3 tokens/sec, est. 6.6s audio generated, 581 tokens, 78 chunks in 70.0s
Processing buffer with 28 tokens, total collected: 588
Progress: 8.3 tokens/sec, est. 6.9s audio generated, 597 tokens, 81 chunks in 72.1s
Audio generation rate: 1.10 chunks/second
Progress: 8.3 tokens/sec, est. 7.1s audio generated, 613 tokens, 83 chunks in 74.2s
Token processing rate: 7.9 tokens/second
Processing buffer with 28 tokens, total collected: 616
Progress: 8.2 tokens/sec, est. 7.2s audio generated, 628 tokens, 85 chunks in 76.2s
Audio generation rate: 1.09 chunks/second
Progress: 8.2 tokens/sec, est. 7.4s audio generated, 640 tokens, 87 chunks in 78.2s
Progress: 8.1 tokens/sec, est. 7.5s audio generated, 653 tokens, 88 chunks in 80.3s
Token processing rate: 7.8 tokens/second
Processing buffer with 28 tokens, total collected: 644
Progress: 8.1 tokens/sec, est. 7.7s audio generated, 666 tokens, 90 chunks in 82.4s
Audio generation rate: 1.08 chunks/second
Progress: 8.0 tokens/sec, est. 7.8s audio generated, 679 tokens, 92 chunks in 84.5s
Token processing rate: 7.7 tokens/second
Processing buffer with 28 tokens, total collected: 672
Progress: 8.0 tokens/sec, est. 8.0s audio generated, 692 tokens, 94 chunks in 86.6s
Audio generation rate: 1.07 chunks/second
Processing buffer with 28 tokens, total collected: 700
Progress: 8.0 tokens/sec, est. 8.2s audio generated, 707 tokens, 97 chunks in 88.6s
Progress: 8.0 tokens/sec, est. 8.4s audio generated, 722 tokens, 99 chunks in 90.6s
Token processing rate: 7.7 tokens/second
Audio generation rate: 1.07 chunks/second
Processing buffer with 28 tokens, total collected: 728
Progress: 8.0 tokens/sec, est. 8.6s audio generated, 737 tokens, 101 chunks in 92.7s
Progress: 7.9 tokens/sec, est. 8.6s audio generated, 752 tokens, 101 chunks in 94.7s
Progress: 7.9 tokens/sec, est. 8.8s audio generated, 767 tokens, 104 chunks in 96.8s
Processing buffer with 28 tokens, total collected: 756
Audio generation rate: 1.07 chunks/second
Progress: 7.9 tokens/sec, est. 9.0s audio generated, 782 tokens, 106 chunks in 98.9s
Token processing rate: 7.7 tokens/second
Progress: 7.9 tokens/sec, est. 9.2s audio generated, 797 tokens, 108 chunks in 100.9s
Processing buffer with 28 tokens, total collected: 784
Audio generation rate: 1.07 chunks/second
Progress: 7.9 tokens/sec, est. 9.4s audio generated, 812 tokens, 110 chunks in 103.0s
Processing buffer with 28 tokens, total collected: 812
Progress: 7.9 tokens/sec, est. 9.6s audio generated, 827 tokens, 113 chunks in 105.1s
Token processing rate: 7.6 tokens/second
Audio generation rate: 1.07 chunks/second
Progress: 7.9 tokens/sec, est. 9.8s audio generated, 842 tokens, 115 chunks in 107.2s
Processing buffer with 28 tokens, total collected: 840
Progress: 7.8 tokens/sec, est. 9.9s audio generated, 854 tokens, 117 chunks in 109.9s
Token processing rate: 7.5 tokens/second
Audio generation rate: 1.05 chunks/second
Progress: 7.8 tokens/sec, est. 10.0s audio generated, 872 tokens, 118 chunks in 112.0s
Token generation complete: 879 tokens in 113.02s (7.8 tokens/sec)
Generated 118 audio segments
Generated 10.07 seconds of audio in 113.02 seconds
Realtime factor: 0.09x
Warning: Generation is slower than realtime
Total speech generation completed in 113.02 seconds
INFO:     127.0.0.1:51647 - "POST /v1/audio/speech HTTP/1.1" 200 OK
Starting speech generation for 'huh? Is there something you'd like to ask me about...'
Using voice: tara, GPU acceleration: Yes
Generating speech for: <|audio|>tara: huh? Is there something you'd like to ask me about?<|eot_id|>
Progress: 10.4 tokens/sec, est. 0.0s audio generated, 21 tokens, 0 chunks in 2.0s
Processing buffer with 28 tokens, total collected: 28
Audio generation rate: 0.23 chunks/second
Progress: 8.9 tokens/sec, est. 0.1s audio generated, 36 tokens, 1 chunks in 4.1s
Token processing rate: 4.7 tokens/second
Progress: 8.4 tokens/sec, est. 0.3s audio generated, 51 tokens, 3 chunks in 6.1s
Audio generation rate: 0.48 chunks/second
Processing buffer with 28 tokens, total collected: 56
Progress: 8.6 tokens/sec, est. 0.4s audio generated, 70 tokens, 5 chunks in 8.1s
Progress: 8.7 tokens/sec, est. 0.7s audio generated, 89 tokens, 8 chunks in 10.2s
Token processing rate: 6.6 tokens/second
Processing buffer with 28 tokens, total collected: 84
Audio generation rate: 0.76 chunks/second
Progress: 8.8 tokens/sec, est. 0.9s audio generated, 108 tokens, 10 chunks in 12.3s
Progress: 8.8 tokens/sec, est. 1.0s audio generated, 126 tokens, 12 chunks in 14.4s
Processing buffer with 28 tokens, total collected: 112
Audio generation rate: 0.85 chunks/second
Progress: 8.8 tokens/sec, est. 1.2s audio generated, 144 tokens, 14 chunks in 16.4s
Token processing rate: 7.4 tokens/second
Processing buffer with 28 tokens, total collected: 140
Audio generation rate: 0.95 chunks/second
Progress: 8.8 tokens/sec, est. 1.6s audio generated, 162 tokens, 19 chunks in 18.4s
Processing buffer with 28 tokens, total collected: 168
Progress: 8.8 tokens/sec, est. 1.8s audio generated, 180 tokens, 21 chunks in 20.4s
Token processing rate: 7.7 tokens/second
Audio generation rate: 0.98 chunks/second
Progress: 8.8 tokens/sec, est. 2.0s audio generated, 198 tokens, 24 chunks in 22.5s
Processing buffer with 28 tokens, total collected: 196
Progress: 8.8 tokens/sec, est. 2.2s audio generated, 216 tokens, 26 chunks in 24.6s
Audio generation rate: 1.03 chunks/second
Progress: 8.8 tokens/sec, est. 2.4s audio generated, 234 tokens, 28 chunks in 26.6s
Token processing rate: 7.9 tokens/second
Processing buffer with 28 tokens, total collected: 224
Progress: 8.8 tokens/sec, est. 2.6s audio generated, 251 tokens, 30 chunks in 28.6s
Audio generation rate: 1.03 chunks/second
Processing buffer with 28 tokens, total collected: 252
Progress: 8.8 tokens/sec, est. 2.8s audio generated, 269 tokens, 33 chunks in 30.7s
Progress: 8.7 tokens/sec, est. 3.0s audio generated, 286 tokens, 35 chunks in 32.8s
Token processing rate: 8.0 tokens/second
Audio generation rate: 1.07 chunks/second
Processing buffer with 28 tokens, total collected: 280
Progress: 8.5 tokens/sec, est. 3.1s audio generated, 301 tokens, 37 chunks in 35.2s
Progress: 8.6 tokens/sec, est. 3.3s audio generated, 321 tokens, 39 chunks in 37.5s
Token generation complete: 330 tokens in 38.50s (8.6 tokens/sec)
Generated 39 audio segments
Generated 3.33 seconds of audio in 38.50 seconds
Realtime factor: 0.09x
Warning: Generation is slower than realtime
Total speech generation completed in 38.50 seconds
INFO:     127.0.0.1:53340 - "POST /v1/audio/speech HTTP/1.1" 200 OK
Starting speech generation for 'I'm sorry, your query seems incomplete or unclear....'
Using voice: tara, GPU acceleration: Yes
Generating speech for: <|audio|>tara: I'm sorry, your query seems incomplete or unclear. Could you please provide more details so I can assist you effectively?<|eot_id|>
Progress: 10.2 tokens/sec, est. 0.0s audio generated, 21 tokens, 0 chunks in 2.1s
Processing buffer with 28 tokens, total collected: 28
Audio generation rate: 0.25 chunks/second
Progress: 9.8 tokens/sec, est. 0.1s audio generated, 40 tokens, 1 chunks in 4.1s
Token processing rate: 5.2 tokens/second
Progress: 9.5 tokens/sec, est. 0.3s audio generated, 59 tokens, 3 chunks in 6.2s
Audio generation rate: 0.53 chunks/second
Processing buffer with 28 tokens, total collected: 56
Progress: 9.4 tokens/sec, est. 0.4s audio generated, 78 tokens, 5 chunks in 8.3s
Progress: 9.3 tokens/sec, est. 0.7s audio generated, 96 tokens, 8 chunks in 10.3s
Token processing rate: 7.0 tokens/second
Processing buffer with 28 tokens, total collected: 84
Audio generation rate: 0.81 chunks/second
Progress: 9.3 tokens/sec, est. 1.0s audio generated, 115 tokens, 12 chunks in 12.4s
Processing buffer with 28 tokens, total collected: 112
Audio generation rate: 0.89 chunks/second
Progress: 9.2 tokens/sec, est. 1.2s audio generated, 134 tokens, 14 chunks in 14.5s
Token processing rate: 7.5 tokens/second
Processing buffer with 28 tokens, total collected: 140
Progress: 9.0 tokens/sec, est. 1.4s audio generated, 149 tokens, 17 chunks in 16.6s
Audio generation rate: 0.97 chunks/second
Progress: 9.0 tokens/sec, est. 1.6s audio generated, 167 tokens, 19 chunks in 18.6s
Processing buffer with 28 tokens, total collected: 168
Progress: 8.9 tokens/sec, est. 1.8s audio generated, 185 tokens, 21 chunks in 20.7s
Token processing rate: 7.8 tokens/second
Audio generation rate: 0.99 chunks/second
Progress: 8.9 tokens/sec, est. 2.0s audio generated, 203 tokens, 24 chunks in 22.7s
Processing buffer with 28 tokens, total collected: 196
Progress: 8.9 tokens/sec, est. 2.2s audio generated, 221 tokens, 26 chunks in 24.8s
Audio generation rate: 1.04 chunks/second
Progress: 8.9 tokens/sec, est. 2.4s audio generated, 239 tokens, 28 chunks in 26.9s
Token processing rate: 8.0 tokens/second
Processing buffer with 28 tokens, total collected: 224
Progress: 8.8 tokens/sec, est. 2.6s audio generated, 256 tokens, 31 chunks in 28.9s
Audio generation rate: 1.04 chunks/second
Processing buffer with 28 tokens, total collected: 252
Progress: 8.8 tokens/sec, est. 3.0s audio generated, 273 tokens, 35 chunks in 30.9s
Token processing rate: 8.1 tokens/second
Audio generation rate: 1.07 chunks/second
Processing buffer with 28 tokens, total collected: 280
Progress: 8.8 tokens/sec, est. 3.1s audio generated, 290 tokens, 37 chunks in 33.0s
Progress: 8.8 tokens/sec, est. 3.4s audio generated, 307 tokens, 40 chunks in 35.0s
Processing buffer with 28 tokens, total collected: 308
Audio generation rate: 1.10 chunks/second
Progress: 8.8 tokens/sec, est. 3.6s audio generated, 324 tokens, 42 chunks in 37.0s
Token processing rate: 8.1 tokens/second
Progress: 8.7 tokens/sec, est. 3.7s audio generated, 341 tokens, 44 chunks in 39.0s
Processing buffer with 28 tokens, total collected: 336
Audio generation rate: 1.09 chunks/second
Progress: 8.7 tokens/sec, est. 3.9s audio generated, 358 tokens, 46 chunks in 41.1s
Processing buffer with 28 tokens, total collected: 364
Progress: 8.7 tokens/sec, est. 4.2s audio generated, 375 tokens, 49 chunks in 43.2s
Token processing rate: 8.1 tokens/second
Audio generation rate: 1.11 chunks/second
Progress: 8.7 tokens/sec, est. 4.3s audio generated, 392 tokens, 51 chunks in 45.2s
Processing buffer with 28 tokens, total collected: 392
Progress: 8.6 tokens/sec, est. 4.5s audio generated, 409 tokens, 53 chunks in 47.3s
Audio generation rate: 1.10 chunks/second
Progress: 8.6 tokens/sec, est. 4.8s audio generated, 426 tokens, 56 chunks in 49.4s
Token processing rate: 8.1 tokens/second
Processing buffer with 28 tokens, total collected: 420
Progress: 8.6 tokens/sec, est. 4.9s audio generated, 443 tokens, 58 chunks in 51.5s
Audio generation rate: 1.11 chunks/second
Progress: 8.6 tokens/sec, est. 5.1s audio generated, 460 tokens, 60 chunks in 53.6s
Processing buffer with 28 tokens, total collected: 448
Progress: 8.6 tokens/sec, est. 5.3s audio generated, 477 tokens, 62 chunks in 55.7s
Token processing rate: 8.1 tokens/second
Audio generation rate: 1.11 chunks/second
Processing buffer with 28 tokens, total collected: 476
Progress: 8.5 tokens/sec, est. 5.5s audio generated, 493 tokens, 65 chunks in 57.8s
Progress: 8.5 tokens/sec, est. 5.7s audio generated, 509 tokens, 67 chunks in 59.8s
Audio generation rate: 1.12 chunks/second
Processing buffer with 28 tokens, total collected: 504
Progress: 8.5 tokens/sec, est. 5.9s audio generated, 525 tokens, 69 chunks in 61.8s
Token processing rate: 8.1 tokens/second
Progress: 8.4 tokens/sec, est. 6.1s audio generated, 540 tokens, 72 chunks in 63.9s
Processing buffer with 28 tokens, total collected: 532
Audio generation rate: 1.12 chunks/second
Progress: 8.4 tokens/sec, est. 6.3s audio generated, 556 tokens, 74 chunks in 66.0s
Progress: 8.4 tokens/sec, est. 6.5s audio generated, 572 tokens, 76 chunks in 68.0s
Token processing rate: 8.0 tokens/second
Processing buffer with 28 tokens, total collected: 560
Audio generation rate: 1.11 chunks/second
Progress: 8.4 tokens/sec, est. 6.6s audio generated, 588 tokens, 78 chunks in 70.1s
Processing buffer with 28 tokens, total collected: 588
Progress: 8.4 tokens/sec, est. 6.9s audio generated, 604 tokens, 81 chunks in 72.2s
Audio generation rate: 1.12 chunks/second
Progress: 8.3 tokens/sec, est. 7.1s audio generated, 620 tokens, 83 chunks in 74.3s
Token processing rate: 8.0 tokens/second
Processing buffer with 28 tokens, total collected: 616
Progress: 8.3 tokens/sec, est. 7.2s audio generated, 636 tokens, 85 chunks in 76.4s
Audio generation rate: 1.11 chunks/second
Progress: 8.3 tokens/sec, est. 7.5s audio generated, 652 tokens, 88 chunks in 78.5s
Processing buffer with 28 tokens, total collected: 644
Progress: 8.3 tokens/sec, est. 7.7s audio generated, 668 tokens, 90 chunks in 80.6s
Token processing rate: 8.0 tokens/second
Audio generation rate: 1.11 chunks/second
Progress: 8.3 tokens/sec, est. 7.8s audio generated, 684 tokens, 92 chunks in 82.8s
Processing buffer with 28 tokens, total collected: 672
Progress: 8.2 tokens/sec, est. 8.0s audio generated, 693 tokens, 94 chunks in 84.9s
Token processing rate: 7.9 tokens/second
Audio generation rate: 1.09 chunks/second
Progress: 8.2 tokens/sec, est. 8.1s audio generated, 711 tokens, 95 chunks in 86.9s
Token generation complete: 719 tokens in 88.00s (8.2 tokens/sec)
Generated 95 audio segments
Generated 8.11 seconds of audio in 88.00 seconds
Realtime factor: 0.09x
Warning: Generation is slower than realtime
Total speech generation completed in 88.00 seconds
INFO:     127.0.0.1:52523 - "POST /v1/audio/speech HTTP/1.1" 200 OK
Starting speech generation for 'It seems like you're expressing confusion or uncer...'
Using voice: tara, GPU acceleration: Yes
Generating speech for: <|audio|>tara: It seems like you're expressing confusion or uncertainty.<|eot_id|>
Progress: 10.5 tokens/sec, est. 0.0s audio generated, 21 tokens, 0 chunks in 2.0s
Processing buffer with 28 tokens, total collected: 28
Audio generation rate: 0.25 chunks/second
Progress: 9.8 tokens/sec, est. 0.1s audio generated, 40 tokens, 1 chunks in 4.1s
Token processing rate: 5.2 tokens/second
Progress: 9.6 tokens/sec, est. 0.3s audio generated, 59 tokens, 3 chunks in 6.1s
Audio generation rate: 0.53 chunks/second
Processing buffer with 28 tokens, total collected: 56
Progress: 9.5 tokens/sec, est. 0.4s audio generated, 78 tokens, 5 chunks in 8.2s
Token processing rate: 7.1 tokens/second
Processing buffer with 28 tokens, total collected: 84
Audio generation rate: 0.81 chunks/second
Progress: 9.4 tokens/sec, est. 0.9s audio generated, 96 tokens, 10 chunks in 10.2s
Progress: 9.3 tokens/sec, est. 1.0s audio generated, 115 tokens, 12 chunks in 12.3s
Processing buffer with 28 tokens, total collected: 112
Audio generation rate: 0.88 chunks/second
Progress: 9.2 tokens/sec, est. 1.2s audio generated, 132 tokens, 14 chunks in 14.4s
Token processing rate: 7.6 tokens/second
Processing buffer with 28 tokens, total collected: 140
Progress: 9.2 tokens/sec, est. 1.4s audio generated, 150 tokens, 17 chunks in 16.4s
Audio generation rate: 0.98 chunks/second
Progress: 9.1 tokens/sec, est. 1.6s audio generated, 168 tokens, 19 chunks in 18.4s
Processing buffer with 28 tokens, total collected: 168
Progress: 9.1 tokens/sec, est. 1.8s audio generated, 186 tokens, 21 chunks in 20.5s
Token processing rate: 7.9 tokens/second
Audio generation rate: 1.00 chunks/second
Progress: 9.1 tokens/sec, est. 2.0s audio generated, 204 tokens, 24 chunks in 22.5s
Processing buffer with 28 tokens, total collected: 196
Progress: 9.0 tokens/sec, est. 2.2s audio generated, 222 tokens, 26 chunks in 24.6s
Audio generation rate: 1.05 chunks/second
Progress: 9.0 tokens/sec, est. 2.4s audio generated, 240 tokens, 28 chunks in 26.6s
Token processing rate: 8.1 tokens/second
Processing buffer with 28 tokens, total collected: 224
Audio generation rate: 1.06 chunks/second
Processing buffer with 28 tokens, total collected: 252
Progress: 9.0 tokens/sec, est. 2.8s audio generated, 257 tokens, 33 chunks in 28.6s
Progress: 9.0 tokens/sec, est. 3.0s audio generated, 275 tokens, 35 chunks in 30.7s
Token processing rate: 8.2 tokens/second
Audio generation rate: 1.09 chunks/second
Processing buffer with 28 tokens, total collected: 280
Progress: 8.9 tokens/sec, est. 3.1s audio generated, 292 tokens, 37 chunks in 32.8s
Progress: 8.9 tokens/sec, est. 3.4s audio generated, 310 tokens, 40 chunks in 34.9s
Processing buffer with 28 tokens, total collected: 308
Audio generation rate: 1.11 chunks/second
Progress: 8.9 tokens/sec, est. 3.6s audio generated, 327 tokens, 42 chunks in 36.9s
Token processing rate: 8.2 tokens/second
Progress: 8.8 tokens/sec, est. 3.7s audio generated, 344 tokens, 44 chunks in 38.9s
Processing buffer with 28 tokens, total collected: 336
Audio generation rate: 1.10 chunks/second
Progress: 8.8 tokens/sec, est. 3.9s audio generated, 361 tokens, 46 chunks in 41.0s
Processing buffer with 28 tokens, total collected: 364
Progress: 8.8 tokens/sec, est. 4.2s audio generated, 378 tokens, 49 chunks in 43.1s
Token processing rate: 8.2 tokens/second
Audio generation rate: 1.12 chunks/second
Progress: 8.8 tokens/sec, est. 4.3s audio generated, 395 tokens, 51 chunks in 45.1s
Processing buffer with 28 tokens, total collected: 392
Progress: 8.7 tokens/sec, est. 4.5s audio generated, 411 tokens, 53 chunks in 47.2s
Audio generation rate: 1.10 chunks/second
Progress: 8.6 tokens/sec, est. 4.7s audio generated, 424 tokens, 55 chunks in 49.3s
Token generation complete: 438 tokens in 51.00s (8.6 tokens/sec)
Generated 55 audio segments
Generated 4.69 seconds of audio in 51.00 seconds
Realtime factor: 0.09x
Warning: Generation is slower than realtime
Total speech generation completed in 51.00 seconds
INFO:     127.0.0.1:49672 - "POST /v1/audio/speech HTTP/1.1" 200 OK
Starting speech generation for 'Since no specific action, request, or information ...'
Using voice: tara, GPU acceleration: Yes
Generating speech for: <|audio|>tara: Since no specific action, request, or information retrieval is needed here, I'll respond directly with a brief note to clarify my purpose as JARVIS's tool router for handling actual user queries efficiently.<|eot_id|>
Progress: 10.3 tokens/sec, est. 0.0s audio generated, 21 tokens, 0 chunks in 2.0s
Processing buffer with 28 tokens, total collected: 28
Audio generation rate: 0.24 chunks/second
Progress: 9.7 tokens/sec, est. 0.1s audio generated, 40 tokens, 1 chunks in 4.1s
Token processing rate: 5.1 tokens/second
Progress: 9.5 tokens/sec, est. 0.3s audio generated, 59 tokens, 3 chunks in 6.2s
Audio generation rate: 0.52 chunks/second
Processing buffer with 28 tokens, total collected: 56
Progress: 9.4 tokens/sec, est. 0.4s audio generated, 77 tokens, 5 chunks in 8.2s
Progress: 9.2 tokens/sec, est. 0.7s audio generated, 94 tokens, 8 chunks in 10.2s
Token processing rate: 6.8 tokens/second
Processing buffer with 28 tokens, total collected: 84
Audio generation rate: 0.79 chunks/second
Progress: 9.1 tokens/sec, est. 0.9s audio generated, 112 tokens, 10 chunks in 12.2s
Processing buffer with 28 tokens, total collected: 112
Audio generation rate: 0.87 chunks/second
Progress: 9.1 tokens/sec, est. 1.2s audio generated, 130 tokens, 14 chunks in 14.3s
Token processing rate: 7.5 tokens/second
Processing buffer with 28 tokens, total collected: 140
Progress: 9.1 tokens/sec, est. 1.4s audio generated, 148 tokens, 17 chunks in 16.3s
Audio generation rate: 0.96 chunks/second
Progress: 9.0 tokens/sec, est. 1.6s audio generated, 166 tokens, 19 chunks in 18.4s
Processing buffer with 28 tokens, total collected: 168
Progress: 9.0 tokens/sec, est. 1.8s audio generated, 184 tokens, 21 chunks in 20.5s
Token processing rate: 7.8 tokens/second
Audio generation rate: 0.98 chunks/second
Progress: 9.0 tokens/sec, est. 2.0s audio generated, 202 tokens, 24 chunks in 22.5s
Processing buffer with 28 tokens, total collected: 196
Progress: 8.9 tokens/sec, est. 2.2s audio generated, 220 tokens, 26 chunks in 24.6s
Audio generation rate: 1.04 chunks/second
Progress: 8.9 tokens/sec, est. 2.4s audio generated, 238 tokens, 28 chunks in 26.7s
Token processing rate: 8.0 tokens/second
Processing buffer with 28 tokens, total collected: 224
Progress: 8.9 tokens/sec, est. 2.6s audio generated, 255 tokens, 30 chunks in 28.7s
Audio generation rate: 1.04 chunks/second
Processing buffer with 28 tokens, total collected: 252
Progress: 8.8 tokens/sec, est. 3.0s audio generated, 272 tokens, 35 chunks in 30.7s
Token processing rate: 8.0 tokens/second
Audio generation rate: 1.07 chunks/second
Processing buffer with 28 tokens, total collected: 280
Progress: 8.8 tokens/sec, est. 3.1s audio generated, 289 tokens, 37 chunks in 32.8s
Progress: 8.8 tokens/sec, est. 3.4s audio generated, 306 tokens, 40 chunks in 34.8s
Processing buffer with 28 tokens, total collected: 308
Audio generation rate: 1.09 chunks/second
Progress: 8.8 tokens/sec, est. 3.6s audio generated, 323 tokens, 42 chunks in 36.9s
Token processing rate: 8.1 tokens/second
Progress: 8.7 tokens/sec, est. 3.7s audio generated, 340 tokens, 44 chunks in 38.9s
Processing buffer with 28 tokens, total collected: 336
Audio generation rate: 1.09 chunks/second
Progress: 8.7 tokens/sec, est. 3.9s audio generated, 357 tokens, 46 chunks in 41.0s
Processing buffer with 28 tokens, total collected: 364
Progress: 8.7 tokens/sec, est. 4.2s audio generated, 374 tokens, 49 chunks in 43.0s
Token processing rate: 8.1 tokens/second
Audio generation rate: 1.11 chunks/second
Progress: 8.7 tokens/sec, est. 4.3s audio generated, 391 tokens, 51 chunks in 45.1s
Processing buffer with 28 tokens, total collected: 392
Progress: 8.6 tokens/sec, est. 4.5s audio generated, 407 tokens, 53 chunks in 47.1s
Audio generation rate: 1.10 chunks/second
Progress: 8.6 tokens/sec, est. 4.8s audio generated, 424 tokens, 56 chunks in 49.2s
Token processing rate: 8.1 tokens/second
Processing buffer with 28 tokens, total collected: 420
Progress: 8.6 tokens/sec, est. 4.9s audio generated, 441 tokens, 58 chunks in 51.3s
Audio generation rate: 1.11 chunks/second
Progress: 8.6 tokens/sec, est. 5.1s audio generated, 458 tokens, 60 chunks in 53.5s
Processing buffer with 28 tokens, total collected: 448
Progress: 8.5 tokens/sec, est. 5.3s audio generated, 473 tokens, 62 chunks in 55.6s
Token processing rate: 8.0 tokens/second
Audio generation rate: 1.09 chunks/second
Processing buffer with 28 tokens, total collected: 476
Progress: 8.5 tokens/sec, est. 5.5s audio generated, 487 tokens, 65 chunks in 57.6s
Progress: 8.4 tokens/sec, est. 5.7s audio generated, 503 tokens, 67 chunks in 59.6s
Audio generation rate: 1.10 chunks/second
Processing buffer with 28 tokens, total collected: 504
Progress: 8.4 tokens/sec, est. 5.9s audio generated, 519 tokens, 69 chunks in 61.7s
Token processing rate: 8.0 tokens/second
Progress: 8.4 tokens/sec, est. 6.1s audio generated, 535 tokens, 72 chunks in 63.7s
Processing buffer with 28 tokens, total collected: 532
Audio generation rate: 1.11 chunks/second
Progress: 8.4 tokens/sec, est. 6.3s audio generated, 551 tokens, 74 chunks in 65.8s
Progress: 8.4 tokens/sec, est. 6.3s audio generated, 567 tokens, 74 chunks in 67.9s
Token processing rate: 7.9 tokens/second
Processing buffer with 28 tokens, total collected: 560
Progress: 8.3 tokens/sec, est. 6.3s audio generated, 583 tokens, 74 chunks in 70.0s
Audio generation rate: 1.04 chunks/second
Progress: 8.3 tokens/sec, est. 6.5s audio generated, 599 tokens, 76 chunks in 72.0s
Processing buffer with 28 tokens, total collected: 588
Progress: 8.3 tokens/sec, est. 6.6s audio generated, 615 tokens, 78 chunks in 74.1s
Token processing rate: 7.9 tokens/second
Audio generation rate: 1.04 chunks/second
Progress: 8.3 tokens/sec, est. 6.8s audio generated, 631 tokens, 80 chunks in 76.2s
Processing buffer with 28 tokens, total collected: 616
Progress: 8.3 tokens/sec, est. 7.1s audio generated, 646 tokens, 83 chunks in 78.2s
Audio generation rate: 1.04 chunks/second
Processing buffer with 28 tokens, total collected: 644
Progress: 8.2 tokens/sec, est. 7.2s audio generated, 662 tokens, 85 chunks in 80.3s
Token processing rate: 7.8 tokens/second
Progress: 8.2 tokens/sec, est. 7.4s audio generated, 677 tokens, 87 chunks in 82.4s
Audio generation rate: 1.04 chunks/second
Processing buffer with 28 tokens, total collected: 672
Progress: 8.2 tokens/sec, est. 7.6s audio generated, 693 tokens, 89 chunks in 84.5s
Progress: 8.2 tokens/sec, est. 7.8s audio generated, 708 tokens, 92 chunks in 86.5s
Token processing rate: 7.8 tokens/second
Processing buffer with 28 tokens, total collected: 700
Audio generation rate: 1.04 chunks/second
Progress: 8.2 tokens/sec, est. 8.0s audio generated, 723 tokens, 94 chunks in 88.5s
Progress: 8.1 tokens/sec, est. 8.2s audio generated, 738 tokens, 96 chunks in 90.6s
Processing buffer with 28 tokens, total collected: 728
Audio generation rate: 1.04 chunks/second
Progress: 8.1 tokens/sec, est. 8.4s audio generated, 753 tokens, 99 chunks in 92.6s
Progress: 8.1 tokens/sec, est. 8.4s audio generated, 768 tokens, 99 chunks in 94.7s
Token processing rate: 7.8 tokens/second
Processing buffer with 28 tokens, total collected: 756
Progress: 8.1 tokens/sec, est. 8.6s audio generated, 783 tokens, 101 chunks in 96.8s
Audio generation rate: 1.04 chunks/second
Progress: 8.1 tokens/sec, est. 8.8s audio generated, 798 tokens, 103 chunks in 98.9s
Processing buffer with 28 tokens, total collected: 784
Progress: 8.0 tokens/sec, est. 8.9s audio generated, 812 tokens, 105 chunks in 101.0s
Token processing rate: 7.7 tokens/second
Audio generation rate: 1.03 chunks/second
Progress: 8.0 tokens/sec, est. 9.2s audio generated, 826 tokens, 108 chunks in 103.1s
Processing buffer with 28 tokens, total collected: 812
Progress: 8.0 tokens/sec, est. 9.4s audio generated, 841 tokens, 110 chunks in 105.2s
Audio generation rate: 1.04 chunks/second
Progress: 8.0 tokens/sec, est. 9.5s audio generated, 856 tokens, 112 chunks in 107.3s
Token processing rate: 7.7 tokens/second
Processing buffer with 28 tokens, total collected: 840
Progress: 8.0 tokens/sec, est. 9.8s audio generated, 871 tokens, 115 chunks in 109.5s
Audio generation rate: 1.04 chunks/second
Processing buffer with 28 tokens, total collected: 868
Progress: 7.9 tokens/sec, est. 9.9s audio generated, 886 tokens, 117 chunks in 111.6s
Progress: 7.9 tokens/sec, est. 10.1s audio generated, 900 tokens, 119 chunks in 113.6s
Token processing rate: 7.6 tokens/second
Audio generation rate: 1.03 chunks/second
Processing buffer with 28 tokens, total collected: 896
Progress: 7.9 tokens/sec, est. 10.3s audio generated, 915 tokens, 121 chunks in 115.7s
Progress: 7.9 tokens/sec, est. 10.5s audio generated, 929 tokens, 124 chunks in 117.8s
Progress: 7.9 tokens/sec, est. 10.5s audio generated, 943 tokens, 124 chunks in 119.8s
Processing buffer with 28 tokens, total collected: 924
Audio generation rate: 1.03 chunks/second
Progress: 7.9 tokens/sec, est. 10.7s audio generated, 957 tokens, 126 chunks in 121.8s
Token processing rate: 7.6 tokens/second
Progress: 7.8 tokens/sec, est. 10.9s audio generated, 971 tokens, 128 chunks in 123.8s
Processing buffer with 28 tokens, total collected: 952
Audio generation rate: 1.03 chunks/second
Progress: 7.8 tokens/sec, est. 11.1s audio generated, 985 tokens, 131 chunks in 125.9s
Processing buffer with 28 tokens, total collected: 980
Progress: 7.8 tokens/sec, est. 11.3s audio generated, 999 tokens, 133 chunks in 127.9s
Token processing rate: 7.5 tokens/second
Audio generation rate: 1.03 chunks/second
Progress: 7.8 tokens/sec, est. 11.5s audio generated, 1013 tokens, 135 chunks in 130.0s
Processing buffer with 28 tokens, total collected: 1008
Progress: 7.8 tokens/sec, est. 11.6s audio generated, 1027 tokens, 137 chunks in 132.0s
Audio generation rate: 1.02 chunks/second
Progress: 7.8 tokens/sec, est. 11.9s audio generated, 1041 tokens, 140 chunks in 134.1s
Progress: 7.7 tokens/sec, est. 11.9s audio generated, 1050 tokens, 140 chunks in 136.2s
Token processing rate: 7.5 tokens/second
Processing buffer with 28 tokens, total collected: 1036
Token generation complete: 1068 tokens in 138.82s (7.7 tokens/sec)
Generated 141 audio segments
Generated 12.03 seconds of audio in 138.82 seconds
Realtime factor: 0.09x
Warning: Generation is slower than realtime
Total speech generation completed in 138.82 seconds
INFO:     127.0.0.1:49703 - "POST /v1/audio/speech HTTP/1.1" 200 OK
Starting speech generation for 'Tools are used only for tasks such as weather chec...'
Using voice: tara, GPU acceleration: Yes
Generating speech for: <|audio|>tara: Tools are used only for tasks such as weather checks, email sending, web searches, etc., and your current input doesn't fit any of those categories clearly.<|eot_id|>
Progress: 10.3 tokens/sec, est. 0.0s audio generated, 21 tokens, 0 chunks in 2.0s
Processing buffer with 28 tokens, total collected: 28
Audio generation rate: 0.24 chunks/second
Progress: 9.7 tokens/sec, est. 0.1s audio generated, 40 tokens, 1 chunks in 4.1s
Token processing rate: 5.1 tokens/second
Progress: 9.5 tokens/sec, est. 0.3s audio generated, 59 tokens, 3 chunks in 6.2s
Audio generation rate: 0.51 chunks/second
Processing buffer with 28 tokens, total collected: 56
Progress: 9.2 tokens/sec, est. 0.4s audio generated, 76 tokens, 5 chunks in 8.3s
Progress: 9.1 tokens/sec, est. 0.7s audio generated, 95 tokens, 8 chunks in 10.4s
Token processing rate: 6.8 tokens/second
Processing buffer with 28 tokens, total collected: 84
Audio generation rate: 0.79 chunks/second
Progress: 9.1 tokens/sec, est. 1.0s audio generated, 113 tokens, 12 chunks in 12.4s
Processing buffer with 28 tokens, total collected: 112
Audio generation rate: 0.87 chunks/second
Progress: 9.1 tokens/sec, est. 1.2s audio generated, 131 tokens, 14 chunks in 14.4s
Token processing rate: 7.5 tokens/second
Processing buffer with 28 tokens, total collected: 140
Progress: 9.0 tokens/sec, est. 1.4s audio generated, 149 tokens, 17 chunks in 16.5s
Audio generation rate: 0.97 chunks/second
Progress: 9.0 tokens/sec, est. 1.6s audio generated, 167 tokens, 19 chunks in 18.5s
Processing buffer with 28 tokens, total collected: 168
Progress: 9.0 tokens/sec, est. 1.8s audio generated, 185 tokens, 21 chunks in 20.6s
Token processing rate: 7.8 tokens/second
Audio generation rate: 0.99 chunks/second
Progress: 8.9 tokens/sec, est. 2.0s audio generated, 203 tokens, 24 chunks in 22.7s
Processing buffer with 28 tokens, total collected: 196
Progress: 8.9 tokens/sec, est. 2.2s audio generated, 221 tokens, 26 chunks in 24.8s
Audio generation rate: 1.04 chunks/second
Progress: 8.9 tokens/sec, est. 2.4s audio generated, 239 tokens, 28 chunks in 26.9s
Token processing rate: 8.0 tokens/second
Processing buffer with 28 tokens, total collected: 224
Progress: 8.9 tokens/sec, est. 2.6s audio generated, 256 tokens, 30 chunks in 28.9s
Audio generation rate: 1.04 chunks/second
Processing buffer with 28 tokens, total collected: 252
Progress: 8.8 tokens/sec, est. 3.0s audio generated, 274 tokens, 35 chunks in 31.0s
Token processing rate: 8.1 tokens/second
Audio generation rate: 1.07 chunks/second
Processing buffer with 28 tokens, total collected: 280
Progress: 8.8 tokens/sec, est. 3.1s audio generated, 291 tokens, 37 chunks in 33.0s
Progress: 8.8 tokens/sec, est. 3.4s audio generated, 308 tokens, 40 chunks in 35.0s
Processing buffer with 28 tokens, total collected: 308
Audio generation rate: 1.10 chunks/second
Progress: 8.8 tokens/sec, est. 3.6s audio generated, 325 tokens, 42 chunks in 37.0s
Token processing rate: 8.1 tokens/second
Progress: 8.8 tokens/sec, est. 3.7s audio generated, 342 tokens, 44 chunks in 39.1s
Processing buffer with 28 tokens, total collected: 336
Audio generation rate: 1.09 chunks/second
Progress: 8.7 tokens/sec, est. 3.9s audio generated, 359 tokens, 46 chunks in 41.1s
Processing buffer with 28 tokens, total collected: 364
Progress: 8.7 tokens/sec, est. 4.2s audio generated, 376 tokens, 49 chunks in 43.2s
Token processing rate: 8.1 tokens/second
Audio generation rate: 1.11 chunks/second
Progress: 8.7 tokens/sec, est. 4.3s audio generated, 393 tokens, 51 chunks in 45.3s
Processing buffer with 28 tokens, total collected: 392
Progress: 8.7 tokens/sec, est. 4.5s audio generated, 410 tokens, 53 chunks in 47.4s
Audio generation rate: 1.10 chunks/second
Progress: 8.6 tokens/sec, est. 4.8s audio generated, 427 tokens, 56 chunks in 49.5s
Token processing rate: 8.1 tokens/second
Processing buffer with 28 tokens, total collected: 420
Progress: 8.6 tokens/sec, est. 4.9s audio generated, 444 tokens, 58 chunks in 51.6s
Audio generation rate: 1.11 chunks/second
Progress: 8.5 tokens/sec, est. 5.1s audio generated, 459 tokens, 60 chunks in 53.7s
Processing buffer with 28 tokens, total collected: 448
Progress: 8.5 tokens/sec, est. 5.3s audio generated, 474 tokens, 62 chunks in 55.8s
Token processing rate: 8.0 tokens/second
Audio generation rate: 1.10 chunks/second
Processing buffer with 28 tokens, total collected: 476
Progress: 8.5 tokens/sec, est. 5.5s audio generated, 490 tokens, 65 chunks in 57.8s
Progress: 8.5 tokens/sec, est. 5.7s audio generated, 506 tokens, 67 chunks in 59.8s
Audio generation rate: 1.11 chunks/second
Processing buffer with 28 tokens, total collected: 504
Progress: 8.4 tokens/sec, est. 5.9s audio generated, 522 tokens, 69 chunks in 61.9s
Token processing rate: 8.0 tokens/second
Progress: 8.4 tokens/sec, est. 6.1s audio generated, 538 tokens, 72 chunks in 63.9s
Processing buffer with 28 tokens, total collected: 532
Audio generation rate: 1.11 chunks/second
Progress: 8.4 tokens/sec, est. 6.3s audio generated, 554 tokens, 74 chunks in 66.0s
Progress: 8.4 tokens/sec, est. 6.5s audio generated, 570 tokens, 76 chunks in 68.0s
Token processing rate: 8.0 tokens/second
Processing buffer with 28 tokens, total collected: 560
Audio generation rate: 1.10 chunks/second
Progress: 8.4 tokens/sec, est. 6.6s audio generated, 586 tokens, 78 chunks in 70.1s
Processing buffer with 28 tokens, total collected: 588
Progress: 8.3 tokens/sec, est. 6.9s audio generated, 602 tokens, 81 chunks in 72.2s
Audio generation rate: 1.11 chunks/second
Progress: 8.3 tokens/sec, est. 7.1s audio generated, 617 tokens, 83 chunks in 74.2s
Token processing rate: 8.0 tokens/second
Processing buffer with 28 tokens, total collected: 616
Progress: 8.3 tokens/sec, est. 7.2s audio generated, 633 tokens, 85 chunks in 76.3s
Audio generation rate: 1.10 chunks/second
Progress: 8.3 tokens/sec, est. 7.5s audio generated, 648 tokens, 88 chunks in 78.3s
Processing buffer with 28 tokens, total collected: 644
Progress: 8.3 tokens/sec, est. 7.7s audio generated, 664 tokens, 90 chunks in 80.4s
Token processing rate: 7.9 tokens/second
Audio generation rate: 1.10 chunks/second
Progress: 8.2 tokens/sec, est. 7.8s audio generated, 679 tokens, 92 chunks in 82.5s
Processing buffer with 28 tokens, total collected: 672
Progress: 8.2 tokens/sec, est. 8.0s audio generated, 694 tokens, 94 chunks in 84.5s
Audio generation rate: 1.10 chunks/second
Processing buffer with 28 tokens, total collected: 700
Progress: 8.2 tokens/sec, est. 8.2s audio generated, 709 tokens, 97 chunks in 86.5s
Token processing rate: 7.9 tokens/second
Progress: 8.2 tokens/sec, est. 8.4s audio generated, 724 tokens, 99 chunks in 88.5s
Audio generation rate: 1.10 chunks/second
Processing buffer with 28 tokens, total collected: 728
Progress: 8.2 tokens/sec, est. 8.6s audio generated, 739 tokens, 101 chunks in 90.6s
Progress: 8.1 tokens/sec, est. 8.8s audio generated, 754 tokens, 104 chunks in 92.7s
Token processing rate: 7.9 tokens/second
Processing buffer with 28 tokens, total collected: 756
Audio generation rate: 1.10 chunks/second
Progress: 8.1 tokens/sec, est. 9.0s audio generated, 769 tokens, 106 chunks in 94.7s
Progress: 8.1 tokens/sec, est. 9.0s audio generated, 784 tokens, 106 chunks in 96.8s
Progress: 8.1 tokens/sec, est. 9.2s audio generated, 798 tokens, 108 chunks in 98.9s
Processing buffer with 28 tokens, total collected: 784
Audio generation rate: 1.09 chunks/second
Progress: 8.0 tokens/sec, est. 9.4s audio generated, 812 tokens, 110 chunks in 101.0s
Token processing rate: 7.8 tokens/second
Processing buffer with 28 tokens, total collected: 812
Progress: 8.0 tokens/sec, est. 9.6s audio generated, 827 tokens, 113 chunks in 103.1s
Audio generation rate: 1.09 chunks/second
Progress: 8.0 tokens/sec, est. 9.8s audio generated, 842 tokens, 115 chunks in 105.2s
Processing buffer with 28 tokens, total collected: 840
Progress: 8.0 tokens/sec, est. 9.9s audio generated, 857 tokens, 117 chunks in 107.3s
Token processing rate: 7.7 tokens/second
Audio generation rate: 1.08 chunks/second
Progress: 8.0 tokens/sec, est. 10.2s audio generated, 872 tokens, 120 chunks in 109.4s
Processing buffer with 28 tokens, total collected: 868
Progress: 7.9 tokens/sec, est. 10.4s audio generated, 886 tokens, 122 chunks in 111.5s
Audio generation rate: 1.08 chunks/second
Progress: 7.9 tokens/sec, est. 10.5s audio generated, 900 tokens, 124 chunks in 113.5s
Token processing rate: 7.7 tokens/second
Processing buffer with 28 tokens, total collected: 896
Progress: 7.9 tokens/sec, est. 10.7s audio generated, 915 tokens, 126 chunks in 115.6s
Audio generation rate: 1.07 chunks/second
Processing buffer with 28 tokens, total collected: 924
Progress: 7.9 tokens/sec, est. 11.0s audio generated, 929 tokens, 129 chunks in 117.6s
Progress: 7.9 tokens/sec, est. 11.0s audio generated, 943 tokens, 129 chunks in 119.6s
Progress: 7.8 tokens/sec, est. 11.1s audio generated, 952 tokens, 131 chunks in 121.6s
Token processing rate: 7.6 tokens/second
Audio generation rate: 1.07 chunks/second
Progress: 7.8 tokens/sec, est. 11.2s audio generated, 968 tokens, 132 chunks in 123.7s
Token generation complete: 980 tokens in 125.60s (7.8 tokens/sec)
Generated 132 audio segments
Generated 11.26 seconds of audio in 125.60 seconds
Realtime factor: 0.09x
Warning: Generation is slower than realtime
Total speech generation completed in 125.60 seconds
INFO:     127.0.0.1:53683 - "POST /v1/audio/speech HTTP/1.1" 200 OK
Starting speech generation for 'For example, if you meant to ask about something e...'
Using voice: tara, GPU acceleration: Yes
Generating speech for: <|audio|>tara: For example, if you meant to ask about something else or need help with a specific request, feel free to provide more details!<|eot_id|>
Progress: 10.2 tokens/sec, est. 0.0s audio generated, 21 tokens, 0 chunks in 2.1s
Processing buffer with 28 tokens, total collected: 28
Audio generation rate: 0.24 chunks/second
Progress: 9.7 tokens/sec, est. 0.1s audio generated, 40 tokens, 1 chunks in 4.1s
Token processing rate: 5.1 tokens/second
Progress: 9.6 tokens/sec, est. 0.3s audio generated, 59 tokens, 3 chunks in 6.2s
Audio generation rate: 0.53 chunks/second
Processing buffer with 28 tokens, total collected: 56
Progress: 9.4 tokens/sec, est. 0.4s audio generated, 78 tokens, 5 chunks in 8.3s
Token processing rate: 7.0 tokens/second
Processing buffer with 28 tokens, total collected: 84
Audio generation rate: 0.81 chunks/second
Progress: 9.3 tokens/sec, est. 0.9s audio generated, 96 tokens, 10 chunks in 10.3s
Progress: 9.3 tokens/sec, est. 1.0s audio generated, 115 tokens, 12 chunks in 12.4s
Processing buffer with 28 tokens, total collected: 112
Audio generation rate: 0.89 chunks/second
Progress: 9.2 tokens/sec, est. 1.2s audio generated, 133 tokens, 14 chunks in 14.4s
Token processing rate: 7.7 tokens/second
Processing buffer with 28 tokens, total collected: 140
Progress: 9.2 tokens/sec, est. 1.4s audio generated, 151 tokens, 17 chunks in 16.4s
Audio generation rate: 0.99 chunks/second
Progress: 9.1 tokens/sec, est. 1.6s audio generated, 168 tokens, 19 chunks in 18.5s
Processing buffer with 28 tokens, total collected: 168
Progress: 8.9 tokens/sec, est. 1.8s audio generated, 183 tokens, 21 chunks in 20.6s
Token processing rate: 7.7 tokens/second
Audio generation rate: 0.97 chunks/second
Progress: 8.7 tokens/sec, est. 2.0s audio generated, 198 tokens, 24 chunks in 22.6s
Processing buffer with 28 tokens, total collected: 196
Progress: 8.7 tokens/sec, est. 2.2s audio generated, 216 tokens, 26 chunks in 24.7s
Audio generation rate: 1.02 chunks/second
Progress: 8.7 tokens/sec, est. 2.4s audio generated, 234 tokens, 28 chunks in 26.8s
Token processing rate: 7.8 tokens/second
Processing buffer with 28 tokens, total collected: 224
Progress: 8.7 tokens/sec, est. 2.6s audio generated, 252 tokens, 30 chunks in 28.9s
Audio generation rate: 1.03 chunks/second
Processing buffer with 28 tokens, total collected: 252
Progress: 8.7 tokens/sec, est. 2.8s audio generated, 270 tokens, 33 chunks in 31.0s
Progress: 8.7 tokens/sec, est. 3.0s audio generated, 288 tokens, 35 chunks in 33.1s
Token processing rate: 8.0 tokens/second
Audio generation rate: 1.06 chunks/second
Processing buffer with 28 tokens, total collected: 280
Progress: 8.7 tokens/sec, est. 3.4s audio generated, 305 tokens, 40 chunks in 35.1s
Processing buffer with 28 tokens, total collected: 308
Audio generation rate: 1.09 chunks/second
Progress: 8.7 tokens/sec, est. 3.6s audio generated, 322 tokens, 42 chunks in 37.1s
Token processing rate: 8.0 tokens/second
Progress: 8.7 tokens/sec, est. 3.7s audio generated, 339 tokens, 44 chunks in 39.2s
Processing buffer with 28 tokens, total collected: 336
Audio generation rate: 1.08 chunks/second
Progress: 8.6 tokens/sec, est. 3.9s audio generated, 356 tokens, 46 chunks in 41.2s
Processing buffer with 28 tokens, total collected: 364
Progress: 8.6 tokens/sec, est. 4.2s audio generated, 373 tokens, 49 chunks in 43.3s
Token processing rate: 8.1 tokens/second
Audio generation rate: 1.10 chunks/second
Progress: 8.6 tokens/sec, est. 4.3s audio generated, 390 tokens, 51 chunks in 45.3s
Processing buffer with 28 tokens, total collected: 392
Progress: 8.6 tokens/sec, est. 4.5s audio generated, 407 tokens, 53 chunks in 47.4s
Audio generation rate: 1.09 chunks/second
Progress: 8.6 tokens/sec, est. 4.8s audio generated, 424 tokens, 56 chunks in 49.5s
Token processing rate: 8.1 tokens/second
Processing buffer with 28 tokens, total collected: 420
Progress: 8.5 tokens/sec, est. 4.9s audio generated, 441 tokens, 58 chunks in 51.6s
Audio generation rate: 1.11 chunks/second
Progress: 8.5 tokens/sec, est. 5.1s audio generated, 457 tokens, 60 chunks in 53.6s
Processing buffer with 28 tokens, total collected: 448
Progress: 8.5 tokens/sec, est. 5.3s audio generated, 473 tokens, 62 chunks in 55.6s
Token processing rate: 8.1 tokens/second
Audio generation rate: 1.10 chunks/second
Processing buffer with 28 tokens, total collected: 476
Progress: 8.5 tokens/sec, est. 5.5s audio generated, 489 tokens, 65 chunks in 57.6s
Progress: 8.5 tokens/sec, est. 5.7s audio generated, 505 tokens, 67 chunks in 59.7s
Audio generation rate: 1.11 chunks/second
Processing buffer with 28 tokens, total collected: 504
Progress: 8.4 tokens/sec, est. 5.9s audio generated, 521 tokens, 69 chunks in 61.7s
Token processing rate: 8.0 tokens/second
Progress: 8.4 tokens/sec, est. 6.1s audio generated, 535 tokens, 72 chunks in 63.7s
Processing buffer with 28 tokens, total collected: 532
Audio generation rate: 1.10 chunks/second
Progress: 8.3 tokens/sec, est. 6.3s audio generated, 548 tokens, 74 chunks in 65.8s
Token processing rate: 7.9 tokens/second
Progress: 8.3 tokens/sec, est. 6.5s audio generated, 561 tokens, 76 chunks in 67.9s
Progress: 8.2 tokens/sec, est. 6.5s audio generated, 574 tokens, 76 chunks in 70.0s
Processing buffer with 28 tokens, total collected: 560
Audio generation rate: 1.08 chunks/second
Progress: 8.2 tokens/sec, est. 6.6s audio generated, 589 tokens, 78 chunks in 72.1s
Processing buffer with 28 tokens, total collected: 588
Progress: 8.2 tokens/sec, est. 6.9s audio generated, 605 tokens, 81 chunks in 74.1s
Token processing rate: 7.8 tokens/second
Audio generation rate: 1.09 chunks/second
Progress: 8.1 tokens/sec, est. 7.1s audio generated, 621 tokens, 83 chunks in 76.2s
Processing buffer with 28 tokens, total collected: 616
Progress: 8.1 tokens/sec, est. 7.2s audio generated, 637 tokens, 85 chunks in 78.4s
Audio generation rate: 1.08 chunks/second
Progress: 8.1 tokens/sec, est. 7.5s audio generated, 653 tokens, 88 chunks in 80.5s
Token processing rate: 7.8 tokens/second
Processing buffer with 28 tokens, total collected: 644
Progress: 8.1 tokens/sec, est. 7.7s audio generated, 669 tokens, 90 chunks in 82.6s
Audio generation rate: 1.08 chunks/second
Progress: 8.1 tokens/sec, est. 7.8s audio generated, 684 tokens, 92 chunks in 84.6s
Processing buffer with 28 tokens, total collected: 672
Progress: 8.1 tokens/sec, est. 8.0s audio generated, 699 tokens, 94 chunks in 86.6s
Token processing rate: 7.8 tokens/second
Audio generation rate: 1.08 chunks/second
Processing buffer with 28 tokens, total collected: 700
Progress: 8.1 tokens/sec, est. 8.2s audio generated, 714 tokens, 97 chunks in 88.7s
Progress: 8.0 tokens/sec, est. 8.4s audio generated, 725 tokens, 99 chunks in 90.7s
Token generation complete: 740 tokens in 92.74s (8.0 tokens/sec)
Generated 99 audio segments
Generated 8.45 seconds of audio in 92.74 seconds
Realtime factor: 0.09x
Warning: Generation is slower than realtime
Total speech generation completed in 92.74 seconds
INFO:     127.0.0.1:59755 - "POST /v1/audio/speech HTTP/1.1" 200 OK
Starting speech generation for 'The user's request appears to be unclear or incomp...'
Using voice: tara, GPU acceleration: Yes
Generating speech for: <|audio|>tara: The user's request appears to be unclear or incomplete. Based on my current setup without specific tools listed, I cannot route this through any system process. If you have a more detailed question, please clarify it.<|eot_id|>
Progress: 10.3 tokens/sec, est. 0.0s audio generated, 21 tokens, 0 chunks in 2.0s
Processing buffer with 28 tokens, total collected: 28
Audio generation rate: 0.24 chunks/second
Progress: 9.7 tokens/sec, est. 0.1s audio generated, 40 tokens, 1 chunks in 4.1s
Token processing rate: 5.0 tokens/second
Progress: 9.5 tokens/sec, est. 0.3s audio generated, 59 tokens, 3 chunks in 6.2s
Audio generation rate: 0.52 chunks/second
Processing buffer with 28 tokens, total collected: 56
Progress: 9.4 tokens/sec, est. 0.4s audio generated, 78 tokens, 5 chunks in 8.3s
Progress: 9.3 tokens/sec, est. 0.7s audio generated, 96 tokens, 8 chunks in 10.3s
Token processing rate: 6.9 tokens/second
Processing buffer with 28 tokens, total collected: 84
Audio generation rate: 0.80 chunks/second
Progress: 9.2 tokens/sec, est. 1.0s audio generated, 114 tokens, 12 chunks in 12.3s
Processing buffer with 28 tokens, total collected: 112
Audio generation rate: 0.86 chunks/second
Progress: 9.0 tokens/sec, est. 1.2s audio generated, 129 tokens, 14 chunks in 14.4s
Progress: 8.7 tokens/sec, est. 1.2s audio generated, 144 tokens, 14 chunks in 16.5s
Token processing rate: 7.2 tokens/second
Processing buffer with 28 tokens, total collected: 140
Audio generation rate: 0.93 chunks/second
Progress: 8.7 tokens/sec, est. 1.6s audio generated, 162 tokens, 19 chunks in 18.6s
Processing buffer with 28 tokens, total collected: 168
Progress: 8.7 tokens/sec, est. 1.8s audio generated, 180 tokens, 21 chunks in 20.6s
Token processing rate: 7.6 tokens/second
Audio generation rate: 0.96 chunks/second
Progress: 8.7 tokens/sec, est. 2.0s audio generated, 198 tokens, 24 chunks in 22.7s
Processing buffer with 28 tokens, total collected: 196
Progress: 8.7 tokens/sec, est. 2.2s audio generated, 216 tokens, 26 chunks in 24.8s
Audio generation rate: 1.01 chunks/second
Progress: 8.7 tokens/sec, est. 2.4s audio generated, 234 tokens, 28 chunks in 26.9s
Token processing rate: 7.8 tokens/second
Processing buffer with 28 tokens, total collected: 224
Progress: 8.7 tokens/sec, est. 2.6s audio generated, 252 tokens, 30 chunks in 29.0s
Audio generation rate: 1.02 chunks/second
Processing buffer with 28 tokens, total collected: 252
Progress: 8.7 tokens/sec, est. 2.8s audio generated, 270 tokens, 33 chunks in 31.1s
Progress: 8.7 tokens/sec, est. 3.0s audio generated, 287 tokens, 35 chunks in 33.2s
Token processing rate: 7.9 tokens/second
Audio generation rate: 1.05 chunks/second
Processing buffer with 28 tokens, total collected: 280
Progress: 8.6 tokens/sec, est. 3.1s audio generated, 304 tokens, 37 chunks in 35.2s
Processing buffer with 28 tokens, total collected: 308
Audio generation rate: 1.08 chunks/second
Progress: 8.6 tokens/sec, est. 3.6s audio generated, 321 tokens, 42 chunks in 37.2s
Token processing rate: 8.0 tokens/second
Progress: 8.6 tokens/sec, est. 3.7s audio generated, 338 tokens, 44 chunks in 39.3s
Processing buffer with 28 tokens, total collected: 336
Audio generation rate: 1.07 chunks/second
Progress: 8.6 tokens/sec, est. 3.9s audio generated, 355 tokens, 46 chunks in 41.4s
Processing buffer with 28 tokens, total collected: 364
Progress: 8.6 tokens/sec, est. 4.2s audio generated, 372 tokens, 49 chunks in 43.4s
Token processing rate: 8.0 tokens/second
Audio generation rate: 1.09 chunks/second
Progress: 8.5 tokens/sec, est. 4.3s audio generated, 389 tokens, 51 chunks in 45.5s
Processing buffer with 28 tokens, total collected: 392
Progress: 8.5 tokens/sec, est. 4.5s audio generated, 406 tokens, 53 chunks in 47.7s
Audio generation rate: 1.08 chunks/second
Progress: 8.5 tokens/sec, est. 4.8s audio generated, 423 tokens, 56 chunks in 49.8s
Token processing rate: 8.0 tokens/second
Processing buffer with 28 tokens, total collected: 420
Progress: 8.5 tokens/sec, est. 4.9s audio generated, 439 tokens, 58 chunks in 51.8s
Audio generation rate: 1.10 chunks/second
Progress: 8.5 tokens/sec, est. 5.1s audio generated, 456 tokens, 60 chunks in 53.9s
Processing buffer with 28 tokens, total collected: 448
Progress: 8.4 tokens/sec, est. 5.3s audio generated, 472 tokens, 62 chunks in 55.9s
Token processing rate: 8.0 tokens/second
Audio generation rate: 1.09 chunks/second
Processing buffer with 28 tokens, total collected: 476
Progress: 8.4 tokens/sec, est. 5.5s audio generated, 488 tokens, 65 chunks in 58.0s
Progress: 8.4 tokens/sec, est. 5.7s audio generated, 504 tokens, 67 chunks in 60.1s
Audio generation rate: 1.09 chunks/second
Processing buffer with 28 tokens, total collected: 504
Progress: 8.3 tokens/sec, est. 5.9s audio generated, 517 tokens, 69 chunks in 62.1s
Token processing rate: 7.9 tokens/second
Progress: 8.3 tokens/sec, est. 6.1s audio generated, 530 tokens, 72 chunks in 64.2s
Progress: 8.2 tokens/sec, est. 6.1s audio generated, 543 tokens, 72 chunks in 66.2s
Processing buffer with 28 tokens, total collected: 532
Audio generation rate: 1.08 chunks/second
Progress: 8.1 tokens/sec, est. 6.3s audio generated, 556 tokens, 74 chunks in 68.4s
Token processing rate: 7.7 tokens/second
Progress: 8.1 tokens/sec, est. 6.5s audio generated, 570 tokens, 76 chunks in 70.4s
Processing buffer with 28 tokens, total collected: 560
Audio generation rate: 1.07 chunks/second
Progress: 8.1 tokens/sec, est. 6.6s audio generated, 586 tokens, 78 chunks in 72.5s
Processing buffer with 28 tokens, total collected: 588
Progress: 8.1 tokens/sec, est. 6.9s audio generated, 602 tokens, 81 chunks in 74.6s
Token processing rate: 7.7 tokens/second
Audio generation rate: 1.07 chunks/second
Progress: 8.1 tokens/sec, est. 7.1s audio generated, 618 tokens, 83 chunks in 76.7s
Processing buffer with 28 tokens, total collected: 616
Progress: 8.0 tokens/sec, est. 7.2s audio generated, 634 tokens, 85 chunks in 78.8s
Audio generation rate: 1.07 chunks/second
Progress: 8.0 tokens/sec, est. 7.5s audio generated, 649 tokens, 88 chunks in 80.8s
Token processing rate: 7.7 tokens/second
Processing buffer with 28 tokens, total collected: 644
Progress: 8.0 tokens/sec, est. 7.7s audio generated, 664 tokens, 90 chunks in 82.8s
Audio generation rate: 1.07 chunks/second
Progress: 8.0 tokens/sec, est. 7.8s audio generated, 679 tokens, 92 chunks in 84.8s
Processing buffer with 28 tokens, total collected: 672
Progress: 8.0 tokens/sec, est. 8.0s audio generated, 694 tokens, 94 chunks in 86.8s
Token processing rate: 7.7 tokens/second
Audio generation rate: 1.07 chunks/second
Processing buffer with 28 tokens, total collected: 700
Progress: 8.0 tokens/sec, est. 8.2s audio generated, 709 tokens, 97 chunks in 88.9s
Progress: 8.0 tokens/sec, est. 8.4s audio generated, 724 tokens, 99 chunks in 91.0s
Audio generation rate: 1.07 chunks/second
Processing buffer with 28 tokens, total collected: 728
Progress: 7.9 tokens/sec, est. 8.6s audio generated, 740 tokens, 101 chunks in 93.1s
Token processing rate: 7.7 tokens/second
Progress: 7.9 tokens/sec, est. 8.8s audio generated, 755 tokens, 104 chunks in 95.1s
Processing buffer with 28 tokens, total collected: 756
Audio generation rate: 1.07 chunks/second
Progress: 7.9 tokens/sec, est. 9.0s audio generated, 770 tokens, 106 chunks in 97.2s
Progress: 7.9 tokens/sec, est. 9.2s audio generated, 785 tokens, 108 chunks in 99.3s
Progress: 7.9 tokens/sec, est. 9.2s audio generated, 800 tokens, 108 chunks in 101.4s
Token processing rate: 7.6 tokens/second
Processing buffer with 28 tokens, total collected: 784
Audio generation rate: 1.07 chunks/second
Progress: 7.9 tokens/sec, est. 9.4s audio generated, 815 tokens, 110 chunks in 103.5s
Processing buffer with 28 tokens, total collected: 812
Progress: 7.9 tokens/sec, est. 9.6s audio generated, 830 tokens, 113 chunks in 105.6s
Audio generation rate: 1.07 chunks/second
Progress: 7.8 tokens/sec, est. 9.8s audio generated, 844 tokens, 115 chunks in 107.7s
Token processing rate: 7.6 tokens/second
Processing buffer with 28 tokens, total collected: 840
Progress: 7.8 tokens/sec, est. 9.9s audio generated, 856 tokens, 117 chunks in 109.8s
Audio generation rate: 1.05 chunks/second
Progress: 7.8 tokens/sec, est. 10.2s audio generated, 869 tokens, 120 chunks in 111.9s
Token processing rate: 7.5 tokens/second
Processing buffer with 28 tokens, total collected: 868
Progress: 7.8 tokens/sec, est. 10.4s audio generated, 884 tokens, 122 chunks in 114.0s
Audio generation rate: 1.05 chunks/second
Progress: 7.7 tokens/sec, est. 10.5s audio generated, 899 tokens, 124 chunks in 116.2s
Processing buffer with 28 tokens, total collected: 896
Progress: 7.7 tokens/sec, est. 10.7s audio generated, 913 tokens, 126 chunks in 118.2s
Progress: 7.7 tokens/sec, est. 10.7s audio generated, 927 tokens, 126 chunks in 120.2s
Token processing rate: 7.5 tokens/second
Audio generation rate: 1.05 chunks/second
Processing buffer with 28 tokens, total collected: 924
Progress: 7.7 tokens/sec, est. 11.0s audio generated, 941 tokens, 129 chunks in 122.2s
Progress: 7.7 tokens/sec, est. 11.1s audio generated, 955 tokens, 131 chunks in 124.3s
Audio generation rate: 1.05 chunks/second
Processing buffer with 28 tokens, total collected: 952
Progress: 7.7 tokens/sec, est. 11.3s audio generated, 969 tokens, 133 chunks in 126.3s
Token processing rate: 7.5 tokens/second
Progress: 7.7 tokens/sec, est. 11.6s audio generated, 983 tokens, 136 chunks in 128.4s
Processing buffer with 28 tokens, total collected: 980
Audio generation rate: 1.05 chunks/second
Progress: 7.6 tokens/sec, est. 11.7s audio generated, 997 tokens, 138 chunks in 130.4s
Progress: 7.6 tokens/sec, est. 11.9s audio generated, 1011 tokens, 140 chunks in 132.5s
Token processing rate: 7.4 tokens/second
Processing buffer with 28 tokens, total collected: 1008
Audio generation rate: 1.04 chunks/second
Progress: 7.6 tokens/sec, est. 12.1s audio generated, 1025 tokens, 142 chunks in 134.5s
Progress: 7.6 tokens/sec, est. 12.1s audio generated, 1039 tokens, 142 chunks in 136.6s
Processing buffer with 28 tokens, total collected: 1036
Progress: 7.6 tokens/sec, est. 12.3s audio generated, 1053 tokens, 145 chunks in 138.7s
Audio generation rate: 1.04 chunks/second
Progress: 7.6 tokens/sec, est. 12.5s audio generated, 1067 tokens, 147 chunks in 140.8s
Token processing rate: 7.4 tokens/second
Processing buffer with 28 tokens, total collected: 1064
Progress: 7.6 tokens/sec, est. 12.7s audio generated, 1081 tokens, 149 chunks in 142.9s
Audio generation rate: 1.04 chunks/second
Progress: 7.6 tokens/sec, est. 12.9s audio generated, 1095 tokens, 152 chunks in 145.0s
Processing buffer with 28 tokens, total collected: 1092
Progress: 7.5 tokens/sec, est. 13.1s audio generated, 1109 tokens, 154 chunks in 147.1s
Token processing rate: 7.4 tokens/second
Audio generation rate: 1.04 chunks/second
Progress: 7.5 tokens/sec, est. 13.3s audio generated, 1123 tokens, 156 chunks in 149.2s
Processing buffer with 28 tokens, total collected: 1120
Progress: 7.5 tokens/sec, est. 13.4s audio generated, 1137 tokens, 158 chunks in 151.3s
Progress: 7.5 tokens/sec, est. 13.4s audio generated, 1149 tokens, 158 chunks in 153.5s
Token processing rate: 7.3 tokens/second
Audio generation rate: 1.03 chunks/second
Processing buffer with 28 tokens, total collected: 1148
Progress: 7.5 tokens/sec, est. 13.7s audio generated, 1162 tokens, 161 chunks in 155.6s
Progress: 7.5 tokens/sec, est. 13.9s audio generated, 1175 tokens, 163 chunks in 157.6s
Audio generation rate: 1.03 chunks/second
Token processing rate: 7.3 tokens/second
Processing buffer with 28 tokens, total collected: 1176
Progress: 7.4 tokens/sec, est. 14.0s audio generated, 1189 tokens, 165 chunks in 159.8s
Progress: 7.4 tokens/sec, est. 14.3s audio generated, 1202 tokens, 168 chunks in 161.8s
Progress: 7.4 tokens/sec, est. 14.3s audio generated, 1216 tokens, 168 chunks in 164.0s
Processing buffer with 28 tokens, total collected: 1204
Audio generation rate: 1.02 chunks/second
Progress: 7.4 tokens/sec, est. 14.5s audio generated, 1229 tokens, 170 chunks in 166.0s
Token processing rate: 7.3 tokens/second
Progress: 7.4 tokens/sec, est. 14.6s audio generated, 1242 tokens, 172 chunks in 168.1s
Processing buffer with 28 tokens, total collected: 1232
Audio generation rate: 1.02 chunks/second
Progress: 7.4 tokens/sec, est. 14.8s audio generated, 1255 tokens, 174 chunks in 170.1s
Token processing rate: 7.2 tokens/second
Processing buffer with 28 tokens, total collected: 1260
Progress: 7.4 tokens/sec, est. 15.0s audio generated, 1268 tokens, 177 chunks in 172.1s
Audio generation rate: 1.02 chunks/second
Progress: 7.4 tokens/sec, est. 15.1s audio generated, 1281 tokens, 178 chunks in 174.2s
Progress: 7.3 tokens/sec, est. 15.1s audio generated, 1294 tokens, 178 chunks in 176.3s
Token processing rate: 7.2 tokens/second
Progress: 7.3 tokens/sec, est. 15.1s audio generated, 1307 tokens, 178 chunks in 178.3s
Processing buffer with 28 tokens, total collected: 1288
Audio generation rate: 0.99 chunks/second
Progress: 7.3 tokens/sec, est. 15.2s audio generated, 1320 tokens, 179 chunks in 180.4s
Token processing rate: 7.1 tokens/second
Processing buffer with 28 tokens, total collected: 1316
Progress: 7.3 tokens/sec, est. 15.4s audio generated, 1333 tokens, 181 chunks in 182.5s
Audio generation rate: 0.98 chunks/second
Progress: 7.3 tokens/sec, est. 15.6s audio generated, 1346 tokens, 183 chunks in 184.6s
Progress: 7.3 tokens/sec, est. 15.6s audio generated, 1359 tokens, 183 chunks in 186.6s
Token processing rate: 7.1 tokens/second
Processing buffer with 28 tokens, total collected: 1344
Progress: 7.3 tokens/sec, est. 15.7s audio generated, 1372 tokens, 185 chunks in 188.8s
Audio generation rate: 0.98 chunks/second
Progress: 7.3 tokens/sec, est. 16.0s audio generated, 1385 tokens, 188 chunks in 190.9s
Token processing rate: 7.1 tokens/second
Processing buffer with 28 tokens, total collected: 1372
Progress: 7.2 tokens/sec, est. 16.2s audio generated, 1398 tokens, 190 chunks in 193.0s
Audio generation rate: 0.98 chunks/second
Progress: 7.2 tokens/sec, est. 16.3s audio generated, 1411 tokens, 192 chunks in 195.1s
Progress: 7.2 tokens/sec, est. 16.3s audio generated, 1424 tokens, 192 chunks in 197.3s
Token processing rate: 7.1 tokens/second
Processing buffer with 28 tokens, total collected: 1400
Progress: 7.2 tokens/sec, est. 16.6s audio generated, 1436 tokens, 195 chunks in 199.3s
Audio generation rate: 0.98 chunks/second
Processing buffer with 28 tokens, total collected: 1428
Progress: 7.2 tokens/sec, est. 16.7s audio generated, 1448 tokens, 197 chunks in 201.5s
Token processing rate: 7.0 tokens/second
Audio generation rate: 0.97 chunks/second
Token generation complete: 1462 tokens in 204.23s (7.2 tokens/sec)
Generated 198 audio segments
Generated 16.90 seconds of audio in 204.24 seconds
Realtime factor: 0.08x
Warning: Generation is slower than realtime
Total speech generation completed in 204.24 seconds
INFO:     127.0.0.1:56125 - "POST /v1/audio/speech HTTP/1.1" 200 OK
Starting speech generation for 'I didn't understand that. Could you clarify your r...'
Using voice: tara, GPU acceleration: Yes
Generating speech for: <|audio|>tara: I didn't understand that. Could you clarify your request?<|eot_id|>
Progress: 10.2 tokens/sec, est. 0.0s audio generated, 21 tokens, 0 chunks in 2.1s
Processing buffer with 28 tokens, total collected: 28
Audio generation rate: 0.25 chunks/second
Progress: 9.8 tokens/sec, est. 0.1s audio generated, 40 tokens, 1 chunks in 4.1s
Token processing rate: 5.2 tokens/second
Progress: 9.6 tokens/sec, est. 0.3s audio generated, 59 tokens, 3 chunks in 6.2s
Audio generation rate: 0.53 chunks/second
Processing buffer with 28 tokens, total collected: 56
Progress: 9.5 tokens/sec, est. 0.4s audio generated, 78 tokens, 5 chunks in 8.2s
Progress: 9.4 tokens/sec, est. 0.7s audio generated, 96 tokens, 8 chunks in 10.2s
Token processing rate: 7.1 tokens/second
Processing buffer with 28 tokens, total collected: 84
Audio generation rate: 0.82 chunks/second
Progress: 9.3 tokens/sec, est. 1.0s audio generated, 115 tokens, 12 chunks in 12.4s
Processing buffer with 28 tokens, total collected: 112
Audio generation rate: 0.89 chunks/second
Progress: 9.3 tokens/sec, est. 1.2s audio generated, 133 tokens, 14 chunks in 14.4s
Token processing rate: 7.7 tokens/second
Processing buffer with 28 tokens, total collected: 140
Progress: 9.2 tokens/sec, est. 1.4s audio generated, 151 tokens, 17 chunks in 16.4s
Audio generation rate: 0.99 chunks/second
Progress: 9.2 tokens/sec, est. 1.6s audio generated, 169 tokens, 19 chunks in 18.4s
Processing buffer with 28 tokens, total collected: 168
Progress: 9.1 tokens/sec, est. 1.8s audio generated, 187 tokens, 21 chunks in 20.5s
Token processing rate: 8.0 tokens/second
Audio generation rate: 1.01 chunks/second
Progress: 9.1 tokens/sec, est. 2.0s audio generated, 205 tokens, 24 chunks in 22.5s
Processing buffer with 28 tokens, total collected: 196
Progress: 9.1 tokens/sec, est. 2.2s audio generated, 223 tokens, 26 chunks in 24.6s
Audio generation rate: 1.06 chunks/second
Token processing rate: 8.1 tokens/second
Processing buffer with 28 tokens, total collected: 224
Progress: 9.0 tokens/sec, est. 2.6s audio generated, 240 tokens, 30 chunks in 26.6s
Audio generation rate: 1.06 chunks/second
Processing buffer with 28 tokens, total collected: 252
Progress: 9.0 tokens/sec, est. 2.8s audio generated, 258 tokens, 33 chunks in 28.7s
Progress: 9.0 tokens/sec, est. 3.0s audio generated, 276 tokens, 35 chunks in 30.8s
Token processing rate: 8.2 tokens/second
Audio generation rate: 1.09 chunks/second
Processing buffer with 28 tokens, total collected: 280
Progress: 8.9 tokens/sec, est. 3.1s audio generated, 293 tokens, 37 chunks in 32.8s
Progress: 8.8 tokens/sec, est. 3.4s audio generated, 307 tokens, 40 chunks in 34.9s
Progress: 8.6 tokens/sec, est. 3.4s audio generated, 318 tokens, 40 chunks in 36.9s
Processing buffer with 28 tokens, total collected: 308
Audio generation rate: 1.08 chunks/second
Token generation complete: 338 tokens in 39.10s (8.6 tokens/sec)
Generated 41 audio segments
Generated 3.50 seconds of audio in 39.10 seconds
Realtime factor: 0.09x
Warning: Generation is slower than realtime
Total speech generation completed in 39.10 seconds
INFO:     127.0.0.1:51937 - "POST /v1/audio/speech HTTP/1.1" 200 OK
Starting speech generation for '**Reasoning:** The user request "huh" appears to b...'
Using voice: tara, GPU acceleration: Yes
Generating speech for: <|audio|>tara: **Reasoning:** The user request "huh" appears to be an expression of confusion or uncertainty rather than a specific query that requires any of the listed tools.<|eot_id|>
Progress: 10.0 tokens/sec, est. 0.0s audio generated, 21 tokens, 0 chunks in 2.1s
Processing buffer with 28 tokens, total collected: 28
Audio generation rate: 0.24 chunks/second
Progress: 9.6 tokens/sec, est. 0.1s audio generated, 40 tokens, 1 chunks in 4.2s
Token processing rate: 5.1 tokens/second
Progress: 9.4 tokens/sec, est. 0.3s audio generated, 58 tokens, 3 chunks in 6.2s
Audio generation rate: 0.52 chunks/second
Processing buffer with 28 tokens, total collected: 56
Progress: 9.3 tokens/sec, est. 0.4s audio generated, 76 tokens, 5 chunks in 8.2s
Progress: 9.2 tokens/sec, est. 0.7s audio generated, 94 tokens, 8 chunks in 10.2s
Token processing rate: 6.9 tokens/second
Processing buffer with 28 tokens, total collected: 84
Audio generation rate: 0.80 chunks/second
Progress: 9.2 tokens/sec, est. 0.9s audio generated, 112 tokens, 10 chunks in 12.2s
Processing buffer with 28 tokens, total collected: 112
Audio generation rate: 0.87 chunks/second
Progress: 9.1 tokens/sec, est. 1.2s audio generated, 130 tokens, 14 chunks in 14.3s
Token processing rate: 7.5 tokens/second
Processing buffer with 28 tokens, total collected: 140
Progress: 9.1 tokens/sec, est. 1.4s audio generated, 148 tokens, 17 chunks in 16.3s
Audio generation rate: 0.97 chunks/second
Progress: 9.0 tokens/sec, est. 1.6s audio generated, 166 tokens, 19 chunks in 18.4s
Processing buffer with 28 tokens, total collected: 168
Progress: 9.0 tokens/sec, est. 1.8s audio generated, 184 tokens, 21 chunks in 20.5s
Token processing rate: 7.8 tokens/second
Audio generation rate: 0.99 chunks/second
Progress: 8.9 tokens/sec, est. 2.0s audio generated, 202 tokens, 24 chunks in 22.6s
Processing buffer with 28 tokens, total collected: 196
Progress: 8.9 tokens/sec, est. 2.2s audio generated, 220 tokens, 26 chunks in 24.7s
Audio generation rate: 1.04 chunks/second
Progress: 8.9 tokens/sec, est. 2.4s audio generated, 237 tokens, 28 chunks in 26.7s
Token processing rate: 8.0 tokens/second
Processing buffer with 28 tokens, total collected: 224
Progress: 8.9 tokens/sec, est. 2.6s audio generated, 254 tokens, 30 chunks in 28.7s
Audio generation rate: 1.04 chunks/second
Processing buffer with 28 tokens, total collected: 252
Progress: 8.8 tokens/sec, est. 2.8s audio generated, 272 tokens, 33 chunks in 30.8s
Token processing rate: 8.1 tokens/second
Audio generation rate: 1.07 chunks/second
Processing buffer with 28 tokens, total collected: 280
Progress: 8.8 tokens/sec, est. 3.1s audio generated, 289 tokens, 37 chunks in 32.8s
Progress: 8.8 tokens/sec, est. 3.4s audio generated, 306 tokens, 40 chunks in 34.8s
Processing buffer with 28 tokens, total collected: 308
Audio generation rate: 1.10 chunks/second
Progress: 8.7 tokens/sec, est. 3.6s audio generated, 323 tokens, 42 chunks in 36.9s
Token processing rate: 8.1 tokens/second
Progress: 8.7 tokens/sec, est. 3.7s audio generated, 338 tokens, 44 chunks in 39.0s
Progress: 8.6 tokens/sec, est. 3.7s audio generated, 352 tokens, 44 chunks in 41.1s
Processing buffer with 28 tokens, total collected: 336
Audio generation rate: 1.07 chunks/second
Progress: 8.5 tokens/sec, est. 3.9s audio generated, 368 tokens, 46 chunks in 43.1s
Processing buffer with 28 tokens, total collected: 364
Token processing rate: 8.0 tokens/second
Audio generation rate: 1.09 chunks/second
Progress: 8.5 tokens/sec, est. 4.3s audio generated, 385 tokens, 51 chunks in 45.2s
Processing buffer with 28 tokens, total collected: 392
Progress: 8.5 tokens/sec, est. 4.5s audio generated, 402 tokens, 53 chunks in 47.3s
Audio generation rate: 1.08 chunks/second
Progress: 8.5 tokens/sec, est. 4.8s audio generated, 419 tokens, 56 chunks in 49.4s
Token processing rate: 8.0 tokens/second
Processing buffer with 28 tokens, total collected: 420
Progress: 8.5 tokens/sec, est. 4.9s audio generated, 436 tokens, 58 chunks in 51.5s
Audio generation rate: 1.10 chunks/second
Progress: 8.4 tokens/sec, est. 5.1s audio generated, 452 tokens, 60 chunks in 53.5s
Processing buffer with 28 tokens, total collected: 448
Progress: 8.4 tokens/sec, est. 5.3s audio generated, 468 tokens, 62 chunks in 55.6s
Token processing rate: 8.0 tokens/second
Audio generation rate: 1.09 chunks/second
Processing buffer with 28 tokens, total collected: 476
Progress: 8.4 tokens/sec, est. 5.5s audio generated, 484 tokens, 65 chunks in 57.6s
Progress: 8.4 tokens/sec, est. 5.7s audio generated, 500 tokens, 67 chunks in 59.6s
Audio generation rate: 1.10 chunks/second
Processing buffer with 28 tokens, total collected: 504
Progress: 8.4 tokens/sec, est. 5.9s audio generated, 516 tokens, 69 chunks in 61.7s
Token processing rate: 8.0 tokens/second
Progress: 8.4 tokens/sec, est. 6.1s audio generated, 532 tokens, 72 chunks in 63.7s
Processing buffer with 28 tokens, total collected: 532
Audio generation rate: 1.10 chunks/second
Progress: 8.3 tokens/sec, est. 6.3s audio generated, 548 tokens, 74 chunks in 65.8s
Progress: 8.3 tokens/sec, est. 6.5s audio generated, 564 tokens, 76 chunks in 67.9s
Token processing rate: 7.9 tokens/second
Processing buffer with 28 tokens, total collected: 560
Audio generation rate: 1.10 chunks/second
Progress: 8.3 tokens/sec, est. 6.6s audio generated, 580 tokens, 78 chunks in 69.9s
Processing buffer with 28 tokens, total collected: 588
Progress: 8.3 tokens/sec, est. 6.9s audio generated, 596 tokens, 81 chunks in 72.0s
Audio generation rate: 1.10 chunks/second
Progress: 8.3 tokens/sec, est. 7.1s audio generated, 612 tokens, 83 chunks in 74.2s
Token processing rate: 7.9 tokens/second
Processing buffer with 28 tokens, total collected: 616
Progress: 8.2 tokens/sec, est. 7.2s audio generated, 627 tokens, 85 chunks in 76.2s
Audio generation rate: 1.09 chunks/second
Progress: 8.2 tokens/sec, est. 7.5s audio generated, 643 tokens, 88 chunks in 78.3s
Processing buffer with 28 tokens, total collected: 644
Progress: 8.2 tokens/sec, est. 7.7s audio generated, 658 tokens, 90 chunks in 80.3s
Token processing rate: 7.9 tokens/second
Audio generation rate: 1.10 chunks/second
Progress: 8.2 tokens/sec, est. 7.8s audio generated, 673 tokens, 92 chunks in 82.3s
Progress: 8.2 tokens/sec, est. 7.8s audio generated, 688 tokens, 92 chunks in 84.4s
Processing buffer with 28 tokens, total collected: 672
Progress: 8.1 tokens/sec, est. 8.0s audio generated, 703 tokens, 94 chunks in 86.5s
Audio generation rate: 1.09 chunks/second
Processing buffer with 28 tokens, total collected: 700
Progress: 8.1 tokens/sec, est. 8.2s audio generated, 718 tokens, 97 chunks in 88.5s
Token processing rate: 7.8 tokens/second
Progress: 8.1 tokens/sec, est. 8.4s audio generated, 733 tokens, 99 chunks in 90.5s
Audio generation rate: 1.09 chunks/second
Processing buffer with 28 tokens, total collected: 728
Progress: 8.1 tokens/sec, est. 8.6s audio generated, 748 tokens, 101 chunks in 92.6s
Progress: 8.1 tokens/sec, est. 8.8s audio generated, 763 tokens, 104 chunks in 94.7s
Token processing rate: 7.8 tokens/second
Processing buffer with 28 tokens, total collected: 756
Audio generation rate: 1.09 chunks/second
Progress: 8.0 tokens/sec, est. 9.0s audio generated, 778 tokens, 106 chunks in 96.8s
Progress: 8.0 tokens/sec, est. 9.2s audio generated, 793 tokens, 108 chunks in 98.8s
Processing buffer with 28 tokens, total collected: 784
Audio generation rate: 1.08 chunks/second
Progress: 8.0 tokens/sec, est. 9.4s audio generated, 808 tokens, 110 chunks in 100.9s
Token processing rate: 7.8 tokens/second
Processing buffer with 28 tokens, total collected: 812
Progress: 8.0 tokens/sec, est. 9.6s audio generated, 823 tokens, 113 chunks in 103.0s
Audio generation rate: 1.08 chunks/second
Progress: 8.0 tokens/sec, est. 9.8s audio generated, 838 tokens, 115 chunks in 105.1s
Processing buffer with 28 tokens, total collected: 840
Progress: 8.0 tokens/sec, est. 9.9s audio generated, 853 tokens, 117 chunks in 107.2s
Token processing rate: 7.7 tokens/second
Audio generation rate: 1.08 chunks/second
Progress: 7.9 tokens/sec, est. 10.2s audio generated, 868 tokens, 120 chunks in 109.3s
Processing buffer with 28 tokens, total collected: 868
Progress: 7.9 tokens/sec, est. 10.4s audio generated, 883 tokens, 122 chunks in 111.5s
Audio generation rate: 1.08 chunks/second
Progress: 7.9 tokens/sec, est. 10.5s audio generated, 897 tokens, 124 chunks in 113.5s
Progress: 7.9 tokens/sec, est. 10.5s audio generated, 911 tokens, 124 chunks in 115.5s
Token processing rate: 7.7 tokens/second
Processing buffer with 28 tokens, total collected: 896
Progress: 7.9 tokens/sec, est. 10.7s audio generated, 925 tokens, 126 chunks in 117.5s
Audio generation rate: 1.07 chunks/second
Processing buffer with 28 tokens, total collected: 924
Progress: 7.9 tokens/sec, est. 11.0s audio generated, 939 tokens, 129 chunks in 119.6s
Progress: 7.8 tokens/sec, est. 11.1s audio generated, 953 tokens, 131 chunks in 121.6s
Token processing rate: 7.6 tokens/second
Audio generation rate: 1.06 chunks/second
Processing buffer with 28 tokens, total collected: 952
Progress: 7.8 tokens/sec, est. 11.3s audio generated, 964 tokens, 133 chunks in 123.8s
Token generation complete: 980 tokens in 126.08s (7.8 tokens/sec)
Generated 133 audio segments
Generated 11.35 seconds of audio in 126.08 seconds
Realtime factor: 0.09x
Warning: Generation is slower than realtime
Total speech generation completed in 126.08 seconds
INFO:     127.0.0.1:61511 - "POST /v1/audio/speech HTTP/1.1" 200 OK
